// Generated boot brand bitmap (240x92 RGB565). Do not edit.
#include "lvgl.h"

static const uint8_t nv3030b_boot_brand_map[] = {
0xC5,0x10,0xC5,0x10,0xC5,0x10,0xC5,0x10,0xC5,0x10,0xC5,0x10,0xC5,0x10,0xC5,0x10,0xC5,0x10,0xC5,0x10,0xC5,0x10,0xC5,0x10,
0xC5,0x10,0xC5,0x10,0xC5,0x10,0xC5,0x10,0xC5,0x10,0xC5,0x10,0xC5,0x10,0xC5,0x10,0xC5,0x10,0xC5,0x10,0xC5,0x10,0xC5,0x10,
0xC5,0x10,0xC5,0x10,0xC5,0x10,0xC5,0x10,0xC5,0x10,0xC5,0x10,0xC5,0x10,0xC5,0x10,0xC5,0x10,0xC5,0x10,0xC5,0x10,0xC5,0x10,
0xC5,0x10,0xC5,0x10,0xC5,0x10,0xC5,0x10,0xC5,0x10,0xC5,0x10,0xC5,0x10,0xC5,0x10,0xC5,0x10,0xC5,0x10,0xC5,0x10,0xC5,0x10,
0xC5,0x10,0xC5,0x10,0xC5,0x10,0xC5,0x10,0xC5,0x10,0xC5,0x10,0xC5,0x10,0xC5,0x10,0xC5,0x10,0xC5,0x10,0xC5,0x10,0xC5,0x10,
0xC5,0x10,0xC5,0x10,0xC5,0x10,0xC5,0x10,0xC5,0x10,0xC5,0x10,0xC5,0x10,0xC5,0x10,0xC5,0x10,0xC5,0x10,0xC5,0x10,0xC5,0x10,
0xC5,0x10,0xC5,0x10,0xC5,0x10,0xC5,0x10,0xC5,0x10,0xC5,0x10,0xC5,0x10,0xC5,0x10,0xC5,0x10,0xC5,0x10,0xC5,0x10,0xC5,0x10,
0xC5,0x10,0xC5,0x10,0xC5,0x10,0xC5,0x10,0xC5,0x10,0xC5,0x10,0xC5,0x10,0xC5,0x10,0xC5,0x10,0xC5,0x10,0xC5,0x10,0xC5,0x10,
0xC5,0x10,0xC5,0x10,0xC5,0x10,0xC5,0x10,0xC5,0x10,0xC5,0x10,0xC5,0x10,0xC5,0x10,0xC5,0x10,0xC5,0x10,0xC5,0x10,0xC5,0x10,
0xC5,0x10,0xC5,0x10,0xC5,0x10,0xC5,0x10,0xC5,0x10,0xC5,0x10,0xC5,0x10,0xC5,0x10,0xC5,0x10,0xC5,0x10,0xC5,0x10,0xC5,0x10,
0xC5,0x10,0xC5,0x10,0xC5,0x10,0xC5,0x10,0xC5,0x10,0xC5,0x10,0xC5,0x10,0xC5,0x10,0xC5,0x10,0xC5,0x10,0xC5,0x10,0xC5,0x10,
0xC5,0x10,0xC5,0x10,0xC5,0x10,0xC5,0x10,0xC5,0x10,0xC5,0x10,0xC5,0x10,0xC5,0x10,0xC5,0x10,0xC5,0x10,0xC5,0x10,0xC5,0x10,
0xC5,0x10,0xC5,0x10,0xC5,0x10,0xC5,0x10,0xC5,0x10,0xC5,0x10,0xC5,0x10,0xC5,0x10,0xC5,0x10,0xC5,0x10,0xC5,0x10,0xC5,0x10,
0xC5,0x10,0xC5,0x10,0xC5,0x10,0xC5,0x10,0xC5,0x10,0xC5,0x10,0xC5,0x10,0xC5,0x10,0xC5,0x10,0xC5,0x10,0xC5,0x10,0xC5,0x10,
0xC5,0x10,0xC5,0x10,0xC5,0x10,0xC5,0x10,0xC5,0x10,0xC5,0x10,0xC5,0x10,0xC5,0x10,0xC5,0x10,0xC5,0x10,0xC5,0x10,0xC5,0x10,
0xC5,0x10,0xC5,0x10,0xC5,0x10,0xC5,0x10,0xC5,0x10,0xC5,0x10,0xC5,0x10,0xC5,0x10,0xC5,0x10,0xC5,0x10,0xC5,0x10,0xC5,0x10,
0xC5,0x10,0xC5,0x10,0xC5,0x10,0xC5,0x10,0xC5,0x10,0xC5,0x10,0xC5,0x10,0xC5,0x10,0xC5,0x10,0xC5,0x10,0xC5,0x10,0xC5,0x10,
0xC5,0x10,0xC5,0x10,0xC5,0x10,0xC5,0x10,0xC5,0x10,0xC5,0x10,0xC5,0x10,0xC5,0x10,0xC5,0x10,0xC5,0x10,0xC5,0x10,0xC5,0x10,
0xC5,0x10,0xC5,0x10,0xC5,0x10,0xC5,0x10,0xC5,0x10,0xC5,0x10,0xC5,0x10,0xC5,0x10,0xC5,0x10,0xC5,0x10,0xC5,0x10,0xC5,0x10,
0xC5,0x10,0xC5,0x10,0xC5,0x10,0xC5,0x10,0xC5,0x10,0xC5,0x10,0xC5,0x10,0xC5,0x10,0xC5,0x10,0xC5,0x10,0xC5,0x10,0xC5,0x10,
0xC5,0x10,0xC5,0x10,0xC5,0x10,0xC5,0x10,0xC5,0x10,0xC5,0x10,0xC5,0x10,0xC5,0x10,0xC5,0x10,0xC5,0x10,0xC5,0x10,0xC5,0x10,
0xC5,0x10,0xC5,0x10,0xC5,0x10,0xC5,0x10,0xC5,0x10,0xC5,0x10,0xC5,0x10,0xC5,0x10,0xC5,0x10,0xC5,0x10,0xC5,0x10,0xC5,0x10,
0xC5,0x10,0xC5,0x10,0xC5,0x10,0xC5,0x10,0xC5,0x10,0xC5,0x10,0xC5,0x10,0xC5,0x10,0xC5,0x10,0xC5,0x10,0xC5,0x10,0xC5,0x10,
0xC5,0x10,0xC5,0x10,0xC5,0x10,0xC5,0x10,0xC5,0x10,0xC5,0x10,0xC5,0x10,0xC5,0x10,0xC5,0x10,0xC5,0x10,0xC5,0x10,0xC5,0x10,
0xC5,0x10,0xC5,0x10,0xC5,0x10,0xC5,0x10,0xC5,0x10,0xC5,0x10,0xC5,0x10,0xC5,0x10,0xC5,0x10,0xC5,0x10,0xC5,0x10,0xC5,0x10,
0xC5,0x10,0xC5,0x10,0xC5,0x10,0xC5,0x10,0xC5,0x10,0xC5,0x10,0xC5,0x10,0xC5,0x10,0xC5,0x10,0xC5,0x10,0xC5,0x10,0xC5,0x10,
0xC5,0x10,0xC5,0x10,0xC5,0x10,0xC5,0x10,0xC5,0x10,0xC5,0x10,0xC5,0x10,0xC5,0x10,0xC5,0x10,0xC5,0x10,0xC5,0x10,0xC5,0x10,
0xC5,0x10,0xC5,0x10,0xC5,0x10,0xC5,0x10,0xC5,0x10,0xC5,0x10,0xC5,0x10,0xC5,0x10,0xC5,0x10,0xC5,0x10,0xC5,0x10,0xC5,0x10,
0xC5,0x10,0xC5,0x10,0xC5,0x10,0xC5,0x10,0xC5,0x10,0xC5,0x10,0xC5,0x10,0xC5,0x10,0xC5,0x10,0xC5,0x10,0xC5,0x10,0xC5,0x10,
0xC5,0x10,0xC5,0x10,0xC5,0x10,0xC5,0x10,0xC5,0x10,0xC5,0x10,0xC5,0x10,0xC5,0x10,0xC5,0x10,0xC5,0x10,0xC5,0x10,0xC5,0x10,
0xC5,0x10,0xC5,0x10,0xC5,0x10,0xC5,0x10,0xC5,0x10,0xC5,0x10,0xC5,0x10,0xC5,0x10,0xC5,0x10,0xC5,0x10,0xC5,0x10,0xC5,0x10,
0xC5,0x10,0xC5,0x10,0xC5,0x10,0xC5,0x10,0xC5,0x10,0xC5,0x10,0xC5,0x10,0xC5,0x10,0xC5,0x10,0xC5,0x10,0xC5,0x10,0xC5,0x10,
0xC5,0x10,0xC5,0x10,0xC5,0x10,0xC5,0x10,0xC5,0x10,0xC5,0x10,0xC5,0x10,0xC5,0x10,0xC5,0x10,0xC5,0x10,0xC5,0x10,0xC5,0x10,
0xC5,0x10,0xC5,0x10,0xC5,0x10,0xC5,0x10,0xC5,0x10,0xC5,0x10,0xC5,0x10,0xC5,0x10,0xC5,0x10,0xC5,0x10,0xC5,0x10,0xC5,0x10,
0xC5,0x10,0xC5,0x10,0xC5,0x10,0xC5,0x10,0xC5,0x10,0xC5,0x10,0xC5,0x10,0xC5,0x10,0xC5,0x10,0xC5,0x10,0xC5,0x10,0xC5,0x10,
0xC5,0x10,0xC5,0x10,0xC5,0x10,0xC5,0x10,0xC5,0x10,0xC5,0x10,0xC5,0x10,0xC5,0x10,0xC5,0x10,0xC5,0x10,0xC5,0x10,0xC5,0x10,
0xC5,0x10,0xC5,0x10,0xC5,0x10,0xC5,0x10,0xC5,0x10,0xC5,0x10,0xC5,0x10,0xC5,0x10,0xC5,0x10,0xC5,0x10,0xC5,0x10,0xC5,0x10,
0xC5,0x10,0xC5,0x10,0xC5,0x10,0xC5,0x10,0xC5,0x10,0xC5,0x10,0xC5,0x10,0xC5,0x10,0xC5,0x10,0xC5,0x10,0xC5,0x10,0xC5,0x10,
0xC5,0x10,0xC5,0x10,0xC5,0x10,0xC5,0x10,0xC5,0x10,0xC5,0x10,0xC5,0x10,0xC5,0x10,0xC5,0x10,0xC5,0x10,0xC5,0x10,0xC5,0x10,
0xC5,0x10,0xC5,0x10,0xC5,0x10,0xC5,0x10,0xC5,0x10,0xC5,0x10,0xC5,0x10,0xC5,0x10,0xC5,0x10,0xC5,0x10,0xC5,0x10,0xC5,0x10,
0xC5,0x10,0xC5,0x10,0xC5,0x10,0xC5,0x10,0xC5,0x10,0xC5,0x10,0xC5,0x10,0xC5,0x10,0xC5,0x10,0xC5,0x10,0xC5,0x10,0xC5,0x10,
0xC5,0x10,0xC5,0x10,0xC5,0x10,0xC5,0x10,0xC5,0x10,0xC5,0x10,0xC5,0x10,0xC5,0x10,0xC5,0x10,0xC5,0x10,0xC5,0x10,0xC5,0x10,
0xC5,0x10,0xC5,0x10,0xC5,0x10,0xC5,0x10,0xC5,0x10,0xC5,0x10,0xC5,0x10,0xC5,0x10,0xC5,0x10,0xC5,0x10,0xC5,0x10,0xC5,0x10,
0xC5,0x10,0xC5,0x10,0xC5,0x10,0xC5,0x10,0xC5,0x10,0xC5,0x10,0xC5,0x10,0xC5,0x10,0xC5,0x10,0xC5,0x10,0xC5,0x10,0xC5,0x10,
0xC5,0x10,0xC5,0x10,0xC5,0x10,0xC5,0x10,0xC5,0x10,0xC5,0x10,0xC5,0x10,0xC5,0x10,0xC5,0x10,0xC5,0x10,0xC5,0x10,0xC5,0x10,
0xC5,0x10,0xC5,0x10,0xC5,0x10,0xC5,0x10,0xC5,0x10,0xC5,0x10,0xC5,0x10,0xC5,0x10,0xC5,0x10,0xC5,0x10,0xC5,0x10,0xC5,0x10,
0xC5,0x10,0xC5,0x10,0xC5,0x10,0xC5,0x10,0xC5,0x10,0xC5,0x10,0xC5,0x10,0xC5,0x10,0xC5,0x10,0xC5,0x10,0xC5,0x10,0xC5,0x10,
0xC5,0x10,0xC5,0x10,0xC5,0x10,0xC5,0x10,0xC5,0x10,0xC5,0x10,0xC5,0x10,0xC5,0x10,0xC5,0x10,0xC5,0x10,0xC5,0x10,0xC5,0x10,
0xC5,0x10,0xC5,0x10,0xC5,0x10,0xC5,0x10,0xC5,0x10,0xC5,0x10,0xC5,0x10,0xC5,0x10,0xC5,0x10,0xC5,0x10,0xC5,0x10,0xC5,0x10,
0xC5,0x10,0xC5,0x10,0xC5,0x10,0xC5,0x10,0xC5,0x10,0xC5,0x10,0xC5,0x10,0xC5,0x10,0xC5,0x10,0xC5,0x10,0xC5,0x10,0xC5,0x10,
0xC5,0x10,0xC5,0x10,0xC5,0x10,0xC5,0x10,0xC5,0x10,0xC5,0x10,0xC5,0x10,0xC5,0x10,0xC5,0x10,0xC5,0x10,0xC5,0x10,0xC5,0x10,
0xC5,0x10,0xC5,0x10,0xC5,0x10,0xC5,0x10,0xC5,0x10,0xC5,0x10,0xC5,0x10,0xC5,0x10,0xC5,0x10,0xC5,0x10,0xC5,0x10,0xC5,0x10,
0xC5,0x10,0xC5,0x10,0xC5,0x10,0xC5,0x10,0xC5,0x10,0xC5,0x10,0xC5,0x10,0xC5,0x10,0xC5,0x10,0xC5,0x10,0xC5,0x10,0xC5,0x10,
0xC5,0x10,0xC5,0x10,0xC5,0x10,0xC5,0x10,0xC5,0x10,0xC5,0x10,0xC5,0x10,0xC5,0x10,0xC5,0x10,0xC5,0x10,0xC5,0x10,0xC5,0x10,
0xC5,0x10,0xC5,0x10,0xC5,0x10,0xC5,0x10,0xC5,0x10,0xC5,0x10,0xC5,0x10,0xC5,0x10,0xC5,0x10,0xC5,0x10,0xC5,0x10,0xC5,0x10,
0xC5,0x10,0xC5,0x10,0xC5,0x10,0xC5,0x10,0xC5,0x10,0xC5,0x10,0xC5,0x10,0xC5,0x10,0xC5,0x10,0xC5,0x10,0xC5,0x10,0xC5,0x10,
0xC5,0x10,0xC5,0x10,0xC5,0x10,0xC5,0x10,0xC5,0x10,0xC5,0x10,0xC5,0x10,0xC5,0x10,0xC5,0x10,0xC5,0x10,0xC5,0x10,0xC5,0x10,
0xC5,0x10,0xC5,0x10,0xC5,0x10,0xC5,0x10,0xC5,0x10,0xC5,0x10,0xC5,0x10,0xC5,0x10,0xC5,0x10,0xC5,0x10,0xC5,0x10,0xC5,0x10,
0xC5,0x10,0xC5,0x10,0xC5,0x10,0xC5,0x10,0xC5,0x10,0xC5,0x10,0xC5,0x10,0xC5,0x10,0xC5,0x10,0xC5,0x10,0xC5,0x10,0xC5,0x10,
0xC5,0x10,0xC5,0x10,0xC5,0x10,0xC5,0x10,0xC5,0x10,0xC5,0x10,0xC5,0x10,0xC5,0x10,0xC5,0x10,0xC5,0x10,0xC5,0x10,0xC5,0x10,
0xC5,0x10,0xC5,0x10,0xC5,0x10,0xC5,0x10,0xC5,0x10,0xC5,0x10,0xC5,0x10,0xC5,0x10,0xC5,0x10,0xC5,0x10,0xC5,0x10,0xC5,0x10,
0xC5,0x10,0xC5,0x10,0xC5,0x10,0xC5,0x10,0xC5,0x10,0xC5,0x10,0xC5,0x10,0xC5,0x10,0xC5,0x10,0xC5,0x10,0xC5,0x10,0xC5,0x10,
0xC5,0x10,0xC5,0x10,0xC5,0x10,0xC5,0x10,0xC5,0x10,0xC5,0x10,0xC5,0x10,0xC5,0x10,0xC5,0x10,0xC5,0x10,0xC5,0x10,0xC5,0x10,
0xC5,0x10,0xC5,0x10,0xC5,0x10,0xC5,0x10,0xC5,0x10,0xC5,0x10,0xC5,0x10,0xC5,0x10,0xC5,0x10,0xC5,0x10,0xC5,0x10,0xC5,0x10,
0xC5,0x10,0xC5,0x10,0xC5,0x10,0xC5,0x10,0xC5,0x10,0xC5,0x10,0xC5,0x10,0xC5,0x10,0xC5,0x10,0xC5,0x10,0xC5,0x10,0xC5,0x10,
0xC5,0x10,0xC5,0x10,0xC5,0x10,0xC5,0x10,0xC5,0x10,0xC5,0x10,0xC5,0x10,0xC5,0x10,0xC5,0x10,0xC5,0x10,0xC5,0x10,0xC5,0x10,
0xC5,0x10,0xC5,0x10,0xC5,0x10,0xC5,0x10,0xC5,0x10,0xC5,0x10,0xC5,0x10,0xC5,0x10,0xC5,0x10,0xC5,0x10,0xC5,0x10,0xC5,0x10,
0xC5,0x10,0xC5,0x10,0xC5,0x10,0xC5,0x10,0xC5,0x10,0xC5,0x10,0xC5,0x10,0xC5,0x10,0xC5,0x10,0xC5,0x10,0xC5,0x10,0xC5,0x10,
0xC5,0x10,0xC5,0x10,0xC5,0x10,0xC5,0x10,0xC5,0x10,0xC5,0x10,0xC5,0x10,0xC5,0x10,0xC5,0x10,0xC5,0x10,0xC5,0x10,0xC5,0x10,
0xC5,0x10,0xC5,0x10,0xC5,0x10,0xC5,0x10,0xC5,0x10,0xC5,0x10,0xC5,0x10,0xC5,0x10,0xC5,0x10,0xC5,0x10,0xC5,0x10,0xC5,0x10,
0xC5,0x10,0xC5,0x10,0xC5,0x10,0xC5,0x10,0xC5,0x10,0xC5,0x10,0xC5,0x10,0xC5,0x10,0xC5,0x10,0xC5,0x10,0xC5,0x10,0xC5,0x10,
0xC5,0x10,0xC5,0x10,0xC5,0x10,0xC5,0x10,0xC5,0x10,0xC5,0x10,0xC5,0x10,0xC5,0x10,0xC5,0x10,0xC5,0x10,0xC5,0x10,0xC5,0x10,
0xC5,0x10,0xC5,0x10,0xC5,0x10,0xC5,0x10,0xC5,0x10,0xC5,0x10,0xC5,0x10,0xC5,0x10,0xC5,0x10,0xC5,0x10,0xC5,0x10,0xC5,0x10,
0xC5,0x10,0xC5,0x10,0xC5,0x10,0xC5,0x10,0xC5,0x10,0xC5,0x10,0xC5,0x10,0xC5,0x10,0xC5,0x10,0xC5,0x10,0xC5,0x10,0xC5,0x10,
0xC5,0x10,0xC5,0x10,0xC5,0x10,0xC5,0x10,0xC5,0x10,0xC5,0x10,0xC5,0x10,0xC5,0x10,0xC5,0x10,0xC5,0x10,0xC5,0x10,0xC5,0x10,
0xC5,0x10,0xC5,0x10,0xC5,0x10,0xC5,0x10,0xC5,0x10,0xC5,0x10,0xC5,0x10,0xC5,0x10,0xC5,0x10,0xC5,0x10,0xC5,0x10,0xC5,0x10,
0xC5,0x10,0xC5,0x10,0xC5,0x10,0xC5,0x10,0xC5,0x10,0xC5,0x10,0xC5,0x10,0xC5,0x10,0xC5,0x10,0xC5,0x10,0xC5,0x10,0xC5,0x10,
0xC5,0x10,0xC5,0x10,0xC5,0x10,0xC5,0x10,0xC5,0x10,0xC5,0x10,0xC5,0x10,0xC5,0x10,0xC5,0x10,0xC5,0x10,0xC5,0x10,0xC5,0x10,
0xC5,0x10,0xC5,0x10,0xC5,0x10,0xC5,0x10,0xC5,0x10,0xC5,0x10,0xC5,0x10,0xC5,0x10,0xC5,0x10,0xC5,0x10,0xC5,0x10,0xC5,0x10,
0xC5,0x10,0xC5,0x10,0xC5,0x10,0xC5,0x10,0xC5,0x10,0xC5,0x10,0xC5,0x10,0xC5,0x10,0xC5,0x10,0xC5,0x10,0xC5,0x10,0xC5,0x10,
0xC5,0x10,0xC5,0x10,0xC5,0x10,0xC5,0x10,0xC5,0x10,0xC5,0x10,0xC5,0x10,0xC5,0x10,0xC5,0x10,0xC5,0x10,0xC5,0x10,0xC5,0x10,
0xC5,0x10,0xC5,0x10,0xC5,0x10,0xC5,0x10,0xC5,0x10,0xC5,0x10,0xC5,0x10,0xC5,0x10,0xC5,0x10,0xC5,0x10,0xC5,0x10,0xC5,0x10,
0xC5,0x10,0xC5,0x10,0xC5,0x10,0xC5,0x10,0xC5,0x10,0xC5,0x10,0xC5,0x10,0xC5,0x10,0xC5,0x10,0xC5,0x10,0xC5,0x10,0xC5,0x10,
0xC5,0x10,0xC5,0x10,0xC5,0x10,0xC5,0x10,0xC5,0x10,0xC5,0x10,0xC5,0x10,0xC5,0x10,0xC5,0x10,0xC5,0x10,0xC5,0x10,0xC5,0x10,
0xC5,0x10,0xC5,0x10,0xC5,0x10,0xC5,0x10,0xC5,0x10,0xC5,0x10,0xC5,0x10,0xC5,0x10,0xC5,0x10,0xC5,0x10,0xC5,0x10,0xC5,0x10,
0xC5,0x10,0xC5,0x10,0xC5,0x10,0xC5,0x10,0xC5,0x10,0xC5,0x10,0xC5,0x10,0xC5,0x10,0xC5,0x10,0xC5,0x10,0xC5,0x10,0xC5,0x10,
0xC5,0x10,0xC5,0x10,0xC5,0x10,0xC5,0x10,0xC5,0x10,0xC5,0x10,0xC5,0x10,0xC5,0x10,0xC5,0x10,0xC5,0x10,0xC5,0x10,0xC5,0x10,
0xC5,0x10,0xC5,0x10,0xC5,0x10,0xC5,0x10,0xC5,0x10,0xC5,0x10,0xC5,0x10,0xC5,0x10,0xC5,0x10,0xC5,0x10,0xC5,0x10,0xC5,0x10,
0xC5,0x10,0xC5,0x10,0xC5,0x10,0xC5,0x10,0xC5,0x10,0xC5,0x10,0xC5,0x10,0xC5,0x10,0xC5,0x10,0xC5,0x10,0xC5,0x10,0xC5,0x10,
0xC5,0x10,0xC5,0x10,0xC5,0x10,0xC5,0x10,0xC5,0x10,0xC5,0x10,0xC5,0x10,0xC5,0x10,0xC5,0x10,0xC5,0x10,0xC5,0x10,0xC5,0x10,
0xC5,0x10,0xC5,0x10,0xC5,0x10,0xC5,0x10,0xC5,0x10,0xC5,0x10,0xC5,0x10,0xC5,0x10,0xC5,0x10,0xC5,0x10,0xC5,0x10,0xC5,0x10,
0xC5,0x10,0xC5,0x10,0xC5,0x10,0xC5,0x10,0xC5,0x10,0xC5,0x10,0xC5,0x10,0xC5,0x10,0xC5,0x10,0xC5,0x10,0xC5,0x10,0xC5,0x10,
0xC5,0x10,0xC5,0x10,0xC5,0x10,0xC5,0x10,0xC5,0x10,0xC5,0x10,0xC5,0x10,0xC5,0x10,0xC5,0x10,0xC5,0x10,0xC5,0x10,0xC5,0x10,
0xC5,0x10,0xC5,0x10,0xC5,0x10,0xC5,0x10,0xC5,0x10,0xC5,0x10,0xC5,0x10,0xC5,0x10,0xC5,0x10,0xC5,0x10,0xC5,0x10,0xC5,0x10,
0xC5,0x10,0xC5,0x10,0xC5,0x10,0xC5,0x10,0xC5,0x10,0xC5,0x10,0xC5,0x10,0xC5,0x10,0xC5,0x10,0xC5,0x10,0xC5,0x10,0xC5,0x10,
0xC5,0x10,0xC5,0x10,0xC5,0x10,0xC5,0x10,0xC5,0x10,0xC5,0x10,0xC5,0x10,0xC5,0x10,0xC5,0x10,0xC5,0x10,0xC5,0x10,0xC5,0x10,
0xC5,0x10,0xC5,0x10,0xC5,0x10,0xC5,0x10,0xC5,0x10,0xC5,0x10,0xC5,0x10,0xC5,0x10,0xC5,0x10,0xC5,0x10,0xC5,0x10,0xC5,0x10,
0xC5,0x10,0xC5,0x10,0xC5,0x10,0xC5,0x10,0xC5,0x10,0xC5,0x10,0xC5,0x10,0xC5,0x10,0xC5,0x10,0xC5,0x10,0xC5,0x10,0xC5,0x10,
0xC5,0x10,0xC5,0x10,0xC5,0x10,0xC5,0x10,0xC5,0x10,0xC5,0x10,0xC5,0x10,0xC5,0x10,0xC5,0x10,0xC5,0x10,0xC5,0x10,0xC5,0x10,
0xC5,0x10,0xC5,0x10,0xC5,0x10,0xC5,0x10,0xC5,0x10,0xC5,0x10,0xC5,0x10,0xC5,0x10,0xC5,0x10,0xC5,0x10,0xC5,0x10,0xC5,0x10,
0xC5,0x10,0xC5,0x10,0xC5,0x10,0xC5,0x10,0xC5,0x10,0xC5,0x10,0xC5,0x10,0xC5,0x10,0xC5,0x10,0xC5,0x10,0xC5,0x10,0xC5,0x10,
0xC5,0x10,0xC5,0x10,0xC5,0x10,0xC5,0x10,0xC5,0x10,0xC5,0x10,0xC5,0x10,0xC5,0x10,0xC5,0x10,0xC5,0x10,0xC5,0x10,0xC5,0x10,
0xC5,0x10,0xC5,0x10,0xC5,0x10,0xC5,0x10,0xC5,0x10,0xC5,0x10,0xC5,0x10,0xC5,0x10,0xC5,0x10,0xC5,0x10,0xC5,0x10,0xC5,0x10,
0xC5,0x10,0xC5,0x10,0xC5,0x10,0xC5,0x10,0xC5,0x10,0xC5,0x10,0xC5,0x10,0xC5,0x10,0xC5,0x10,0xC5,0x10,0xC5,0x10,0xC5,0x10,
0xC5,0x10,0xC5,0x10,0xC5,0x10,0xC5,0x10,0xC5,0x10,0xC5,0x10,0xC5,0x10,0xC5,0x10,0xC5,0x10,0xC5,0x10,0xC5,0x10,0xC5,0x10,
0xC5,0x10,0xC5,0x10,0xC5,0x10,0xC5,0x10,0xC5,0x10,0xC5,0x10,0xC5,0x10,0xC5,0x10,0xC5,0x10,0xC5,0x10,0xC5,0x10,0xC5,0x10,
0xC5,0x10,0xC5,0x10,0xC5,0x10,0xC5,0x10,0xC5,0x10,0xC5,0x10,0xC5,0x10,0xC5,0x10,0xC5,0x10,0xC5,0x10,0xC5,0x10,0xC5,0x10,
0xC5,0x10,0xC5,0x10,0xC5,0x10,0xC5,0x10,0xC5,0x10,0xC5,0x10,0xC5,0x10,0xC5,0x10,0xC5,0x10,0xC5,0x10,0xC5,0x10,0xC5,0x10,
0xC5,0x10,0xC5,0x10,0xC5,0x10,0xC5,0x10,0xC5,0x10,0xC5,0x10,0xC5,0x10,0xC5,0x10,0xC5,0x10,0xC5,0x10,0xC5,0x10,0xC5,0x10,
0xC5,0x10,0xC5,0x10,0xC5,0x10,0xC5,0x10,0xC5,0x10,0xC5,0x10,0xC5,0x10,0xC5,0x10,0xC5,0x10,0xC5,0x10,0xC5,0x10,0xC5,0x10,
0xC5,0x10,0xC5,0x10,0xC5,0x10,0xC5,0x10,0xC5,0x10,0xC5,0x10,0xC5,0x10,0xC5,0x10,0xC5,0x10,0xC5,0x10,0xC5,0x10,0xC5,0x10,
0xC5,0x10,0xC5,0x10,0xC5,0x10,0xC5,0x10,0xC5,0x10,0xC5,0x10,0xC5,0x10,0xC5,0x10,0xC5,0x10,0xC5,0x10,0xC5,0x10,0xC5,0x10,
0xC5,0x10,0xC5,0x10,0xC5,0x10,0xC5,0x10,0xC5,0x10,0xC5,0x10,0xC5,0x10,0xC5,0x10,0xC5,0x10,0xC5,0x10,0xC5,0x10,0xC5,0x10,
0xC5,0x10,0xC5,0x10,0xC5,0x10,0xC5,0x10,0xC5,0x10,0xC5,0x10,0xC5,0x10,0xC5,0x10,0xC5,0x10,0xC5,0x10,0xC5,0x10,0xC5,0x10,
0xC5,0x10,0xC5,0x10,0xC5,0x10,0xC5,0x10,0xC5,0x10,0xC5,0x10,0xC5,0x10,0xC5,0x10,0xC5,0x10,0xC5,0x10,0xC5,0x10,0xC5,0x10,
0xC5,0x10,0xC5,0x10,0xC5,0x10,0xC5,0x10,0xC5,0x10,0xC5,0x10,0xC5,0x10,0xC5,0x10,0xC5,0x10,0xC5,0x10,0xC5,0x10,0xC5,0x10,
0xC5,0x10,0xC5,0x10,0xC5,0x10,0xC5,0x10,0xC5,0x10,0xC5,0x10,0xC5,0x10,0xC5,0x10,0xC5,0x10,0xC5,0x10,0xC5,0x10,0xC5,0x10,
0xC5,0x10,0xC5,0x10,0xC5,0x10,0xC5,0x10,0xC5,0x10,0xC5,0x10,0xC5,0x10,0xC5,0x10,0xC5,0x10,0xC5,0x10,0xC5,0x10,0xC5,0x10,
0xC5,0x10,0xC5,0x10,0xC5,0x10,0xC5,0x10,0xC5,0x10,0xC5,0x10,0xC5,0x10,0xC5,0x10,0xC5,0x10,0xC5,0x10,0xC5,0x10,0xC5,0x10,
0xC5,0x10,0xC5,0x10,0xC5,0x10,0xC5,0x10,0xC5,0x10,0xC5,0x10,0xC5,0x10,0xC5,0x10,0xC5,0x10,0xC5,0x10,0xC5,0x10,0xC5,0x10,
0xC5,0x10,0xC5,0x10,0xC5,0x10,0xC5,0x10,0xC5,0x10,0xC5,0x10,0xC5,0x10,0xC5,0x10,0xC5,0x10,0xC5,0x10,0xC5,0x10,0xC5,0x10,
0xC5,0x10,0xC5,0x10,0xC5,0x10,0xC5,0x10,0xC5,0x10,0xC5,0x10,0xC5,0x10,0xC5,0x10,0xC5,0x10,0xC5,0x10,0xC5,0x10,0xC5,0x10,
0xC5,0x10,0xC5,0x10,0xC5,0x10,0xC5,0x10,0xC5,0x10,0xC5,0x10,0xC5,0x10,0xC5,0x10,0xC5,0x10,0xC5,0x10,0xC5,0x10,0xC5,0x10,
0xC5,0x10,0xC5,0x10,0xC5,0x10,0xC5,0x10,0xC5,0x10,0xC5,0x10,0xC5,0x10,0xC5,0x10,0xC5,0x10,0xC5,0x10,0xC5,0x10,0xC5,0x10,
0xC5,0x10,0xC5,0x10,0xC5,0x10,0xC5,0x10,0xC5,0x10,0xC5,0x10,0xC5,0x10,0xC5,0x10,0xC5,0x10,0xC5,0x10,0xC5,0x10,0xC5,0x10,
0xC5,0x10,0xC5,0x10,0xC5,0x10,0xC5,0x10,0xC5,0x10,0xC5,0x10,0xC5,0x10,0xC5,0x10,0xC5,0x10,0xC5,0x10,0xC5,0x10,0xC5,0x10,
0xC5,0x10,0xC5,0x10,0xC5,0x10,0xC5,0x10,0xC5,0x10,0xC5,0x10,0xC5,0x10,0xC5,0x10,0xC5,0x10,0xC5,0x10,0xC5,0x10,0xC5,0x10,
0xC5,0x10,0xC5,0x10,0xC5,0x10,0xC5,0x10,0xC5,0x10,0xC5,0x10,0xC5,0x10,0xC5,0x10,0xC5,0x10,0xC5,0x10,0xC5,0x10,0xC5,0x10,
0xC5,0x10,0xC5,0x10,0xC5,0x10,0xC5,0x10,0xC5,0x10,0xC5,0x10,0xC5,0x10,0xC5,0x10,0xC5,0x10,0xC5,0x10,0xC5,0x10,0xC5,0x10,
0xC5,0x10,0xC5,0x10,0xC5,0x10,0xC5,0x10,0xC5,0x10,0xC5,0x10,0xC5,0x10,0xC5,0x10,0xC5,0x10,0xC5,0x10,0xC5,0x10,0xC5,0x10,
0xC5,0x10,0xC5,0x10,0xC5,0x10,0xC5,0x10,0xC5,0x10,0xC5,0x10,0xC5,0x10,0xC5,0x10,0xC5,0x10,0xC5,0x10,0xC5,0x10,0xC5,0x10,
0xC5,0x10,0xC5,0x10,0xC5,0x10,0xC5,0x10,0xC5,0x10,0xC5,0x10,0xC5,0x10,0xC5,0x10,0xC5,0x10,0xC5,0x10,0xC5,0x10,0xC5,0x10,
0xC5,0x10,0xC5,0x10,0xC5,0x10,0xC5,0x10,0xC5,0x10,0xC5,0x10,0xC5,0x10,0xC5,0x10,0xC5,0x10,0xC5,0x10,0xC5,0x10,0xC5,0x10,
0xC5,0x10,0xC5,0x10,0xC5,0x10,0xC5,0x10,0xC5,0x10,0xC5,0x10,0xC5,0x10,0xC5,0x10,0xC5,0x10,0xC5,0x10,0xC5,0x10,0xC5,0x10,
0xC5,0x10,0xC5,0x10,0xC5,0x10,0xC5,0x10,0xC5,0x10,0xC5,0x10,0xC5,0x10,0xC5,0x10,0xC5,0x10,0xC5,0x10,0xC5,0x10,0xC5,0x10,
0xC5,0x10,0xC5,0x10,0xC5,0x10,0xC5,0x10,0xC5,0x10,0xC5,0x10,0xC5,0x10,0xC5,0x10,0xC5,0x10,0xC5,0x10,0xC5,0x10,0xC5,0x10,
0xC5,0x10,0xC5,0x10,0xC5,0x10,0xC5,0x10,0xC5,0x10,0xC5,0x10,0xC5,0x10,0xC5,0x10,0xC5,0x10,0xC5,0x10,0xC5,0x10,0xC5,0x10,
0xC5,0x10,0xC5,0x10,0xC5,0x10,0xC5,0x10,0xC5,0x10,0xC5,0x10,0xC5,0x10,0xC5,0x10,0xC5,0x10,0xC5,0x10,0xC5,0x10,0xC5,0x10,
0xC5,0x10,0xC5,0x10,0xC5,0x10,0xC5,0x10,0xC5,0x10,0xC5,0x10,0xC5,0x10,0xC5,0x10,0xC5,0x10,0xC5,0x10,0xC5,0x10,0xC5,0x10,
0xC5,0x10,0xC5,0x10,0xC5,0x10,0xC5,0x10,0xC5,0x10,0xC5,0x10,0xC5,0x10,0xC5,0x10,0xC5,0x10,0xC5,0x10,0xC5,0x10,0xC5,0x10,
0xC5,0x10,0xC5,0x10,0xC5,0x10,0xC5,0x10,0xC5,0x10,0xC5,0x10,0xC5,0x10,0xC5,0x10,0xC5,0x10,0xC5,0x10,0xC5,0x10,0xC5,0x10,
0xC5,0x10,0xC5,0x10,0xC5,0x10,0xC5,0x10,0xC5,0x10,0xC5,0x10,0xC5,0x10,0xC5,0x10,0xC5,0x10,0xC5,0x10,0xC5,0x10,0xC5,0x10,
0xC5,0x10,0xC5,0x10,0xC5,0x10,0xC5,0x10,0xC5,0x10,0xC5,0x10,0xC5,0x10,0xC5,0x10,0xC5,0x10,0xC5,0x10,0xC5,0x10,0xC5,0x10,
0xC5,0x10,0xC5,0x10,0xC5,0x10,0xC5,0x10,0xC5,0x10,0xC5,0x10,0xC5,0x10,0xC5,0x10,0xC5,0x10,0xC5,0x10,0xC5,0x10,0xC5,0x10,
0xC5,0x10,0xC5,0x10,0xC5,0x10,0xC5,0x10,0xC5,0x10,0xC5,0x10,0xC5,0x10,0xC5,0x10,0xC5,0x10,0xC5,0x10,0xC5,0x10,0xC5,0x10,
0xC5,0x10,0xC5,0x10,0xC5,0x10,0xC5,0x10,0xC5,0x10,0xC5,0x10,0xC5,0x10,0xC5,0x10,0xC5,0x10,0xC5,0x10,0xC5,0x10,0xC5,0x10,
0xC5,0x10,0xC5,0x10,0xC5,0x10,0xC5,0x10,0xC5,0x10,0xC5,0x10,0xC5,0x10,0xC5,0x10,0xC5,0x10,0xC5,0x10,0xC5,0x10,0xC5,0x10,
0xC5,0x10,0xC5,0x10,0xC5,0x10,0xC5,0x10,0xC5,0x10,0xC5,0x10,0xC5,0x10,0xC5,0x10,0xC5,0x10,0xC5,0x10,0xC5,0x10,0xC5,0x10,
0xC5,0x10,0xC5,0x10,0xC5,0x10,0xC5,0x10,0xC5,0x10,0xC5,0x10,0xC5,0x10,0xC5,0x10,0xC5,0x10,0xC5,0x10,0xC5,0x10,0xC5,0x10,
0xC5,0x10,0xC5,0x10,0xC5,0x10,0xC5,0x10,0xC5,0x10,0xC5,0x10,0xC5,0x10,0xC5,0x10,0xC5,0x10,0xC5,0x10,0xC5,0x10,0xC5,0x10,
0xC5,0x10,0xC5,0x10,0xC5,0x10,0xC5,0x10,0xC5,0x10,0xC5,0x10,0xC5,0x10,0xC5,0x10,0xC5,0x10,0xC5,0x10,0xC5,0x10,0xC5,0x10,
0xC5,0x10,0xC5,0x10,0xC5,0x10,0xC5,0x10,0xC5,0x10,0xC5,0x10,0xC5,0x10,0xC5,0x10,0xC5,0x10,0xC5,0x10,0xC5,0x10,0xC5,0x10,
0xC5,0x10,0xC5,0x10,0xC5,0x10,0xC5,0x10,0xC5,0x10,0xC5,0x10,0xC5,0x10,0xC5,0x10,0xC5,0x10,0xC5,0x10,0xC5,0x10,0xC5,0x10,
0xC5,0x10,0xC5,0x10,0xC5,0x10,0xC5,0x10,0xC5,0x10,0xC5,0x10,0xC5,0x10,0xC5,0x10,0xC5,0x10,0xC5,0x10,0xC5,0x10,0xC5,0x10,
0xC5,0x10,0xC5,0x10,0xC5,0x10,0xC5,0x10,0xC5,0x10,0xC5,0x10,0xC5,0x10,0xC5,0x10,0xC5,0x10,0xC5,0x10,0xC5,0x10,0xC5,0x10,
0xC5,0x10,0xC5,0x10,0xC5,0x10,0xC5,0x10,0xC5,0x10,0xC5,0x10,0xC5,0x10,0xC5,0x10,0xC5,0x10,0xC5,0x10,0xC5,0x10,0xC5,0x10,
0xC5,0x10,0xC5,0x10,0xC5,0x10,0xC5,0x10,0xC5,0x10,0xC5,0x10,0xC5,0x10,0xC5,0x10,0xC5,0x10,0xC5,0x10,0xC5,0x10,0xC5,0x10,
0xC5,0x10,0xC5,0x10,0xC5,0x10,0xC5,0x10,0xC5,0x10,0xC5,0x10,0xC5,0x10,0xC5,0x10,0xC5,0x10,0xC5,0x10,0xC5,0x10,0xC5,0x10,
0xC5,0x10,0xC5,0x10,0xC5,0x10,0xC5,0x10,0xC5,0x10,0xC5,0x10,0xC5,0x10,0xC5,0x10,0xC5,0x10,0xC5,0x10,0xC5,0x10,0xC5,0x10,
0xC5,0x10,0xC5,0x10,0xC5,0x10,0xC5,0x10,0xC5,0x10,0xC5,0x10,0xC5,0x10,0xC5,0x10,0xC5,0x10,0xC5,0x10,0xC5,0x10,0xC5,0x10,
0xC5,0x10,0xC5,0x10,0xC5,0x10,0xC5,0x10,0xC5,0x10,0xC5,0x10,0xC5,0x10,0xC5,0x10,0xC5,0x10,0xC5,0x10,0xC5,0x10,0xC5,0x10,
0xC5,0x10,0xC5,0x10,0xC5,0x10,0xC5,0x10,0xC5,0x10,0xC5,0x10,0xC5,0x10,0xC5,0x10,0xC5,0x10,0xC5,0x10,0xC5,0x10,0xC5,0x10,
0xC5,0x10,0xC5,0x10,0xC5,0x10,0xC5,0x10,0xC5,0x10,0xC5,0x10,0xC5,0x10,0xC5,0x10,0xC5,0x10,0xC5,0x10,0xC5,0x10,0xC5,0x10,
0xC5,0x10,0xC5,0x10,0xC5,0x10,0xC5,0x10,0xC5,0x10,0xC5,0x10,0xC5,0x10,0xC5,0x10,0xC5,0x10,0xC5,0x10,0xC5,0x10,0xC5,0x10,
0xC5,0x10,0xC5,0x10,0xC5,0x10,0xC5,0x10,0xC5,0x10,0xC5,0x10,0xC5,0x10,0xC5,0x10,0xC5,0x10,0xC5,0x10,0xC5,0x10,0xC5,0x10,
0xC5,0x10,0xC5,0x10,0xC5,0x10,0xC5,0x10,0xC5,0x10,0xC5,0x10,0xC5,0x10,0xC5,0x10,0xC5,0x10,0xC5,0x10,0xC5,0x10,0xC5,0x10,
0xC5,0x10,0xC5,0x10,0xC5,0x10,0xC5,0x10,0xC5,0x10,0xC5,0x10,0xC5,0x10,0xC5,0x10,0xC5,0x10,0xC5,0x10,0xC5,0x10,0xC5,0x10,
0xC5,0x10,0xC5,0x10,0xC5,0x10,0xC5,0x10,0xC5,0x10,0xC5,0x10,0xC5,0x10,0xC5,0x10,0xC5,0x10,0xC5,0x10,0xC5,0x10,0xC5,0x10,
0xC5,0x10,0xC5,0x10,0xC5,0x10,0xC5,0x10,0xC5,0x10,0xC5,0x10,0xC5,0x10,0xC5,0x10,0xC5,0x10,0xC5,0x10,0xC5,0x10,0xC5,0x10,
0xC5,0x10,0xC5,0x10,0xC5,0x10,0xC5,0x10,0xC5,0x10,0xC5,0x10,0xC5,0x10,0xC5,0x10,0xC5,0x10,0xC5,0x10,0xC5,0x10,0xC5,0x10,
0xC5,0x10,0xC5,0x10,0xC5,0x10,0xC5,0x10,0xC5,0x10,0xC5,0x10,0xC5,0x10,0xC5,0x10,0xC5,0x10,0xC5,0x10,0xC5,0x10,0xC5,0x10,
0xC5,0x10,0xC5,0x10,0xC5,0x10,0xC5,0x10,0xC5,0x10,0xC5,0x10,0xC5,0x10,0xC5,0x10,0xC5,0x10,0xC5,0x10,0xC5,0x10,0xC5,0x10,
0xC5,0x10,0xC5,0x10,0xC5,0x10,0xC5,0x10,0xC5,0x10,0xC5,0x10,0xC5,0x10,0xC5,0x10,0xC5,0x10,0xC5,0x10,0xC5,0x10,0xC5,0x10,
0xC5,0x10,0xC5,0x10,0xC5,0x10,0xC5,0x10,0xC5,0x10,0xC5,0x10,0xC5,0x10,0xC5,0x10,0xC5,0x10,0xC5,0x10,0xC5,0x10,0xC5,0x10,
0xC5,0x10,0xC5,0x10,0xC5,0x10,0xC5,0x10,0xC5,0x10,0xC5,0x10,0xC5,0x10,0xC5,0x10,0xC5,0x10,0xC5,0x10,0xC5,0x10,0xC5,0x10,
0xC5,0x10,0xC5,0x10,0xC5,0x10,0xC5,0x10,0xC5,0x10,0xC5,0x10,0xC5,0x10,0xC5,0x10,0xC5,0x10,0xC5,0x10,0xC5,0x10,0xC5,0x10,
0xC5,0x10,0xC5,0x10,0xC5,0x10,0xC5,0x10,0xC5,0x10,0xC5,0x10,0xC5,0x10,0xC5,0x10,0xC5,0x10,0xC5,0x10,0xC5,0x10,0xC5,0x10,
0xC5,0x10,0xC5,0x10,0xC5,0x10,0xC5,0x10,0xC5,0x10,0xC5,0x10,0xC5,0x10,0xC5,0x10,0xC5,0x10,0xC5,0x10,0xC5,0x10,0xC5,0x10,
0xC5,0x10,0xC5,0x10,0xC5,0x10,0xC5,0x10,0xC5,0x10,0xC5,0x10,0xC5,0x10,0xC5,0x10,0xC5,0x10,0xC5,0x10,0xC5,0x10,0xC5,0x10,
0xC5,0x10,0xC5,0x10,0xC5,0x10,0xC5,0x10,0xC5,0x10,0xC5,0x10,0xC5,0x10,0xC5,0x10,0xC5,0x10,0xC5,0x10,0xC5,0x10,0xC5,0x10,
0xC5,0x10,0xC5,0x10,0xC5,0x10,0xC5,0x10,0xC5,0x10,0xC5,0x10,0xC5,0x10,0xC5,0x10,0xC5,0x10,0xC5,0x10,0xC5,0x10,0xC5,0x10,
0xC5,0x10,0xC5,0x10,0xC5,0x10,0xC5,0x10,0xC5,0x10,0xC5,0x10,0xC5,0x10,0xC5,0x10,0xC5,0x10,0xC5,0x10,0xC5,0x10,0xC5,0x10,
0xC5,0x10,0xC5,0x10,0xC5,0x10,0xC5,0x10,0xC5,0x10,0xC5,0x10,0xC5,0x10,0xC5,0x10,0xC5,0x10,0xC5,0x10,0xC5,0x10,0xC5,0x10,
0xC5,0x10,0xC5,0x10,0xC5,0x10,0xC5,0x10,0xC5,0x10,0xC5,0x10,0xC5,0x10,0xC5,0x10,0xC5,0x10,0xC5,0x10,0xC5,0x10,0xC5,0x10,
0xC5,0x10,0xC5,0x10,0xC5,0x10,0xC5,0x10,0xC5,0x10,0xC5,0x10,0xC5,0x10,0xC5,0x10,0xC5,0x10,0xC5,0x10,0xC5,0x10,0xC5,0x10,
0xC5,0x10,0xC5,0x10,0xC5,0x10,0xC5,0x10,0xC5,0x10,0xC5,0x10,0xC5,0x10,0xC5,0x10,0xC5,0x10,0xC5,0x10,0xC5,0x10,0xC5,0x10,
0xC5,0x10,0xC5,0x10,0xC5,0x10,0xC5,0x10,0xC5,0x10,0xC5,0x10,0xC5,0x10,0xC5,0x10,0xC5,0x10,0xC5,0x10,0xC5,0x10,0xC5,0x10,
0xC5,0x10,0xC5,0x10,0xC5,0x10,0xC5,0x10,0xC5,0x10,0xC5,0x10,0xC5,0x10,0xC5,0x10,0xC5,0x10,0xC5,0x10,0xC5,0x10,0xC5,0x10,
0xC5,0x10,0xC5,0x10,0xC5,0x10,0xC5,0x10,0xC5,0x10,0xC5,0x10,0xC5,0x10,0xC5,0x10,0xC5,0x10,0xC5,0x10,0xC5,0x10,0xC5,0x10,
0xC5,0x10,0xC5,0x10,0xC5,0x10,0xC5,0x10,0xC5,0x10,0xC5,0x10,0xC5,0x10,0xC5,0x10,0xC5,0x10,0xC5,0x10,0xC5,0x10,0xC5,0x10,
0xC5,0x10,0xC5,0x10,0xC5,0x10,0xC5,0x10,0xC5,0x10,0xC5,0x10,0xC5,0x10,0xC5,0x10,0xC5,0x10,0xC5,0x10,0xC5,0x10,0xC5,0x10,
0xC5,0x10,0xC5,0x10,0xC5,0x10,0xC5,0x10,0xC5,0x10,0xC5,0x10,0xC5,0x10,0xC5,0x10,0xC5,0x10,0xC5,0x10,0xC5,0x10,0xC5,0x10,
0xC5,0x10,0xC5,0x10,0xC5,0x10,0xC5,0x10,0xC5,0x10,0xC5,0x10,0xC5,0x10,0xC5,0x10,0xC5,0x10,0xC5,0x10,0xC5,0x10,0xC5,0x10,
0xC5,0x10,0xC5,0x10,0xC5,0x10,0xC5,0x10,0xC5,0x10,0xC5,0x10,0xC5,0x10,0xC5,0x10,0xC5,0x10,0xC5,0x10,0xC5,0x10,0xC5,0x10,
0xC5,0x10,0xC5,0x10,0xC5,0x10,0xC5,0x10,0xC5,0x10,0xC5,0x10,0xC5,0x10,0xC5,0x10,0xC5,0x10,0xC5,0x10,0xC5,0x10,0xC5,0x10,
0xC5,0x10,0xC5,0x10,0xC5,0x10,0xC5,0x10,0xC5,0x10,0xC5,0x10,0xC5,0x10,0xC5,0x10,0xC5,0x10,0xC5,0x10,0xC5,0x10,0xC5,0x10,
0xC5,0x10,0xC5,0x10,0xC5,0x10,0xC5,0x10,0xC5,0x10,0xC5,0x10,0xC5,0x10,0xC5,0x10,0xC5,0x10,0xC5,0x10,0xC5,0x10,0xC5,0x10,
0xC5,0x10,0xC5,0x10,0xC5,0x10,0xC5,0x10,0xC5,0x10,0xC5,0x10,0xC5,0x10,0xC5,0x10,0xC5,0x10,0xC5,0x10,0xC5,0x10,0xC5,0x10,
0xC5,0x10,0xC5,0x10,0xC5,0x10,0xC5,0x10,0xC5,0x10,0xC5,0x10,0xC5,0x10,0xC5,0x10,0xC5,0x10,0xC5,0x10,0xC5,0x10,0xC5,0x10,
0xC5,0x10,0xC5,0x10,0xC5,0x10,0xC5,0x10,0xC5,0x10,0xC5,0x10,0xC5,0x10,0xC5,0x10,0xC5,0x10,0xC5,0x10,0xC5,0x10,0xC5,0x10,
0xC5,0x10,0xC5,0x10,0xC5,0x10,0xC5,0x10,0xC5,0x10,0xC5,0x10,0xC5,0x10,0xC5,0x10,0xC5,0x10,0xC5,0x10,0xC5,0x10,0xC5,0x10,
0xC5,0x10,0xC5,0x10,0xC5,0x10,0xC5,0x10,0xC5,0x10,0xC5,0x10,0xC5,0x10,0xC5,0x10,0xC5,0x10,0xC5,0x10,0xC5,0x10,0xC5,0x10,
0xC5,0x10,0xC5,0x10,0xC5,0x10,0xC5,0x10,0xC5,0x10,0xC5,0x10,0xC5,0x10,0xC5,0x10,0xC5,0x10,0xC5,0x10,0xC5,0x10,0xC5,0x10,
0xC5,0x10,0xC5,0x10,0xC5,0x10,0xC5,0x10,0xC5,0x10,0xC5,0x10,0xC5,0x10,0xC5,0x10,0xC5,0x10,0xC5,0x10,0xC5,0x10,0xC5,0x10,
0xC5,0x10,0xC5,0x10,0xC5,0x10,0xC5,0x10,0xC5,0x10,0xC5,0x10,0xC5,0x10,0xC5,0x10,0xC5,0x10,0xC5,0x10,0xC5,0x10,0xC5,0x10,
0xC5,0x10,0xC5,0x10,0xC5,0x10,0xC5,0x10,0xC5,0x10,0xC5,0x10,0xC5,0x10,0xC5,0x10,0xC5,0x10,0xC5,0x10,0xC5,0x10,0xC5,0x10,
0xC5,0x10,0xC5,0x10,0xC5,0x10,0xC5,0x10,0xC5,0x10,0xC5,0x10,0xC5,0x10,0xC5,0x10,0xC5,0x10,0xC5,0x10,0xC5,0x10,0xC5,0x10,
0xC5,0x10,0xC5,0x10,0xC5,0x10,0xC5,0x10,0xC5,0x10,0xC5,0x10,0xC5,0x10,0xC5,0x10,0xC5,0x10,0xC5,0x10,0xC5,0x10,0xC5,0x10,
0xC5,0x10,0xC5,0x10,0xC5,0x10,0xC5,0x10,0xC5,0x10,0xC5,0x10,0xC5,0x10,0xC5,0x10,0xC5,0x10,0xC5,0x10,0xC5,0x10,0xC5,0x10,
0xC5,0x10,0xC5,0x10,0xC5,0x10,0xC5,0x10,0xC5,0x10,0xC5,0x10,0xC5,0x10,0xC5,0x10,0xC5,0x10,0xC5,0x10,0xC5,0x10,0xC5,0x10,
0xC5,0x10,0xC5,0x10,0xC5,0x10,0xC5,0x10,0xC5,0x10,0xC5,0x10,0xC5,0x10,0xC5,0x10,0xC5,0x10,0xC5,0x10,0xC5,0x10,0xC5,0x10,
0xC5,0x10,0xC5,0x10,0xC5,0x10,0xC5,0x10,0xC5,0x10,0xC5,0x10,0xC5,0x10,0xC5,0x10,0xC5,0x10,0xC5,0x10,0xC5,0x10,0xC5,0x10,
0xC5,0x10,0xC5,0x10,0xC5,0x10,0xC5,0x10,0xC5,0x10,0xC5,0x10,0xC5,0x10,0xC5,0x10,0xC5,0x10,0xC5,0x10,0xC5,0x10,0xC5,0x10,
0xC5,0x10,0xC5,0x10,0xC5,0x10,0xC5,0x10,0xC5,0x10,0xC5,0x10,0xC5,0x10,0xC5,0x10,0xC5,0x10,0xC5,0x10,0xC5,0x10,0xC5,0x10,
0xC5,0x10,0xC5,0x10,0xC5,0x10,0xC5,0x10,0xC5,0x10,0xC5,0x10,0xC5,0x10,0xC5,0x10,0xC5,0x10,0xC5,0x10,0xC5,0x10,0xC5,0x10,
0xC5,0x10,0xC5,0x10,0xC5,0x10,0xC5,0x10,0xC5,0x10,0xC5,0x10,0xC5,0x10,0xC5,0x10,0xC5,0x10,0xC5,0x10,0xC5,0x10,0xC5,0x10,
0xC5,0x10,0xC5,0x10,0xC5,0x10,0xC5,0x10,0xC5,0x10,0xC5,0x10,0xC5,0x10,0xC5,0x10,0xC5,0x10,0xC5,0x10,0xC5,0x10,0xC5,0x10,
0xC5,0x10,0xC5,0x10,0xC5,0x10,0xC5,0x10,0xC5,0x10,0xC5,0x10,0xC5,0x10,0xC5,0x10,0xC5,0x10,0xC5,0x10,0xC5,0x10,0xC5,0x10,
0xC5,0x10,0xC5,0x10,0xC5,0x10,0xC5,0x10,0xC5,0x10,0xC5,0x10,0xC5,0x10,0xC5,0x10,0xC5,0x10,0xC5,0x10,0xC5,0x10,0xC5,0x10,
0xC5,0x10,0xC5,0x10,0xC5,0x10,0xC5,0x10,0xC5,0x10,0xC5,0x10,0xC5,0x10,0xC5,0x10,0xC5,0x10,0xC5,0x10,0xC5,0x10,0xC5,0x10,
0xC5,0x10,0xC5,0x10,0xC5,0x10,0xC5,0x10,0xC5,0x10,0xC5,0x10,0xC5,0x10,0xC5,0x10,0xC5,0x10,0xC5,0x10,0xC5,0x10,0xC5,0x10,
0xC5,0x10,0xC5,0x10,0xC5,0x10,0xC5,0x10,0xC5,0x10,0xC5,0x10,0xC5,0x10,0xC5,0x10,0xC5,0x10,0xC5,0x10,0xC5,0x10,0xC5,0x10,
0xC5,0x10,0xC5,0x10,0xC5,0x10,0xC5,0x10,0xC5,0x10,0xC5,0x10,0xC5,0x10,0xC5,0x10,0xC5,0x10,0xC5,0x10,0xC5,0x10,0xC5,0x10,
0xC5,0x10,0xC5,0x10,0xC5,0x10,0xC5,0x10,0xC5,0x10,0xC5,0x10,0xC5,0x10,0xC5,0x10,0xC5,0x10,0xC5,0x10,0xC5,0x10,0xC5,0x10,
0xC5,0x10,0xC5,0x10,0xC5,0x10,0xC5,0x10,0xC5,0x10,0xC5,0x10,0xC5,0x10,0xC5,0x10,0xC5,0x10,0xC5,0x10,0xC5,0x10,0xC5,0x10,
0xC5,0x10,0xC5,0x10,0xC5,0x10,0xC5,0x10,0xC5,0x10,0xC5,0x10,0xC5,0x10,0xC5,0x10,0xC5,0x10,0xC5,0x10,0xC5,0x10,0xC5,0x10,
0xC5,0x10,0xC5,0x10,0xC5,0x10,0xC5,0x10,0xC5,0x10,0xC5,0x10,0xC5,0x10,0xC5,0x10,0xC5,0x10,0xC5,0x10,0xC5,0x10,0xC5,0x10,
0xC5,0x10,0xC5,0x10,0xC5,0x10,0xC5,0x10,0xC5,0x10,0xC5,0x10,0xC5,0x10,0xC5,0x10,0xC5,0x10,0xC5,0x10,0xC5,0x10,0xC5,0x10,
0xC5,0x10,0xC5,0x10,0xC5,0x10,0xC5,0x10,0xC5,0x10,0xC5,0x10,0xC5,0x10,0xC5,0x10,0xC5,0x10,0xC5,0x10,0xC5,0x10,0xC5,0x10,
0xC5,0x10,0xC5,0x10,0xC5,0x10,0xC5,0x10,0xC5,0x10,0xC5,0x10,0xC5,0x10,0xC5,0x10,0xC5,0x10,0xC5,0x10,0xC5,0x10,0xC5,0x10,
0xC5,0x10,0xC5,0x10,0xC5,0x10,0xC5,0x10,0xC5,0x10,0xC5,0x10,0xC5,0x10,0xC5,0x10,0xC5,0x10,0xC5,0x10,0xC5,0x10,0xC5,0x10,
0xC5,0x10,0xC5,0x10,0xC5,0x10,0xC5,0x10,0xC5,0x10,0xC5,0x10,0xC5,0x10,0xC5,0x10,0xC5,0x10,0xC5,0x10,0xC5,0x10,0xC5,0x10,
0xC5,0x10,0xC5,0x10,0xC5,0x10,0xC5,0x10,0xC5,0x10,0xC5,0x10,0xC5,0x10,0xC5,0x10,0xC5,0x10,0xC5,0x10,0xC5,0x10,0xC5,0x10,
0xC5,0x10,0xC5,0x10,0xC5,0x10,0xC5,0x10,0xC5,0x10,0xC5,0x10,0xC5,0x10,0xC5,0x10,0xC5,0x10,0xC5,0x10,0xC5,0x10,0xC5,0x10,
0xC5,0x10,0xC5,0x10,0xC5,0x10,0xC5,0x10,0xC5,0x10,0xC5,0x10,0xC5,0x10,0xC5,0x10,0xC5,0x10,0xC5,0x10,0xC5,0x10,0xC5,0x10,
0xC5,0x10,0xC5,0x10,0xC5,0x10,0xC5,0x10,0xC5,0x10,0xC5,0x10,0xC5,0x10,0xC5,0x10,0xC5,0x10,0xC5,0x10,0xC5,0x10,0xC5,0x10,
0xC5,0x10,0xC5,0x10,0xC5,0x10,0xC5,0x10,0xC5,0x10,0xC5,0x10,0xC5,0x10,0xC5,0x10,0xC5,0x10,0xC5,0x10,0xC5,0x10,0xC5,0x10,
0xC5,0x10,0xC5,0x10,0xC5,0x10,0xC5,0x10,0xC5,0x10,0xC5,0x10,0xC5,0x10,0xC5,0x10,0xC5,0x10,0xC5,0x10,0xC5,0x10,0xC5,0x10,
0xC5,0x10,0xC5,0x10,0xC5,0x10,0xC5,0x10,0xC5,0x10,0xC5,0x10,0xC5,0x10,0xC5,0x10,0xC5,0x10,0xC5,0x10,0xC5,0x10,0xC5,0x10,
0xC5,0x10,0xC5,0x10,0xC5,0x10,0xC5,0x10,0xC5,0x10,0xC5,0x10,0xC5,0x10,0xC5,0x10,0xC5,0x10,0xC5,0x10,0xC5,0x10,0xC5,0x10,
0xC5,0x10,0xC5,0x10,0xC5,0x10,0xC5,0x10,0xC5,0x10,0xC5,0x10,0xC5,0x10,0xC5,0x10,0xC5,0x10,0xC5,0x10,0xC5,0x10,0xC5,0x10,
0xC5,0x10,0xC5,0x10,0xC5,0x10,0xC5,0x10,0xC5,0x10,0xC5,0x10,0xC5,0x10,0xC5,0x10,0xC5,0x10,0xC5,0x10,0xC5,0x10,0xC5,0x10,
0xC5,0x10,0xC5,0x10,0xC5,0x10,0xC5,0x10,0xC5,0x10,0xC5,0x10,0xC5,0x10,0xC5,0x10,0xC5,0x10,0xC5,0x10,0xC5,0x10,0xC5,0x10,
0xC5,0x10,0xC5,0x10,0xC5,0x10,0xC5,0x10,0xC5,0x10,0xC5,0x10,0xC5,0x10,0xC5,0x10,0xC5,0x10,0xC5,0x10,0xC5,0x10,0xC5,0x10,
0xC5,0x10,0xC5,0x10,0xC5,0x10,0xC5,0x10,0xC5,0x10,0xC5,0x10,0xC5,0x10,0xC5,0x10,0xC5,0x10,0xC5,0x10,0xC5,0x10,0xC5,0x10,
0xC5,0x10,0xC5,0x10,0xC5,0x10,0xC5,0x10,0xC5,0x10,0xC5,0x10,0xC5,0x10,0xC5,0x10,0xC5,0x10,0xC5,0x10,0xC5,0x10,0xC5,0x10,
0xC5,0x10,0xC5,0x10,0xC5,0x10,0xC5,0x10,0xC5,0x10,0xC5,0x10,0xC5,0x10,0xC5,0x10,0xC5,0x10,0xC5,0x10,0xC5,0x10,0xC5,0x10,
0xC5,0x10,0xC5,0x10,0xC5,0x10,0xC5,0x10,0xC5,0x10,0xC5,0x10,0xC5,0x10,0xC5,0x10,0xC5,0x10,0xC5,0x10,0xC5,0x10,0xC5,0x10,
0xC5,0x10,0xC5,0x10,0xC5,0x10,0xC5,0x10,0xC5,0x10,0xC5,0x10,0xC5,0x10,0xC5,0x10,0xC5,0x10,0xC5,0x10,0xC5,0x10,0xC5,0x10,
0xC5,0x10,0xC5,0x10,0xC5,0x10,0xC5,0x10,0xC5,0x10,0xC5,0x10,0xC5,0x10,0xC5,0x10,0xC5,0x10,0xC5,0x10,0xC5,0x10,0xC5,0x10,
0xC5,0x10,0xC5,0x10,0xC5,0x10,0xC5,0x10,0xC5,0x10,0xC5,0x10,0xC5,0x10,0xC5,0x10,0xC5,0x10,0xC5,0x10,0xC5,0x10,0xC5,0x10,
0xC5,0x10,0xC5,0x10,0xC5,0x10,0xC5,0x10,0xC5,0x10,0xC5,0x10,0xC5,0x10,0xC5,0x10,0xC5,0x10,0xC5,0x10,0xC5,0x10,0xC5,0x10,
0xC5,0x10,0xC5,0x10,0xC5,0x10,0xC5,0x10,0xC5,0x10,0xC5,0x10,0xC5,0x10,0xC5,0x10,0xC5,0x10,0xC5,0x10,0xC5,0x10,0xC5,0x10,
0xC5,0x10,0xC5,0x10,0xC5,0x10,0xC5,0x10,0xC5,0x10,0xC5,0x10,0xC5,0x10,0xC5,0x10,0xC5,0x10,0xC5,0x10,0xC5,0x10,0xC5,0x10,
0xC5,0x10,0xC5,0x10,0xC5,0x10,0xC5,0x10,0xC5,0x10,0xC5,0x10,0xC5,0x10,0xC5,0x10,0xC5,0x10,0xC5,0x10,0xC5,0x10,0xC5,0x10,
0xC5,0x10,0xC5,0x10,0xC5,0x10,0xC5,0x10,0xC5,0x10,0xC5,0x10,0xC5,0x10,0xC5,0x10,0xC5,0x10,0xC5,0x10,0xC5,0x10,0xC5,0x10,
0xC5,0x10,0xC5,0x10,0xC5,0x10,0xC5,0x10,0xC5,0x10,0xC5,0x10,0xC5,0x10,0xC5,0x10,0xC5,0x10,0xC5,0x10,0xC5,0x10,0xC5,0x10,
0xC5,0x10,0xC5,0x10,0xC5,0x10,0xC5,0x10,0xC5,0x10,0xC5,0x10,0xC5,0x10,0xC5,0x10,0xC5,0x10,0xC5,0x10,0xC5,0x10,0xC5,0x10,
0xC5,0x10,0xC5,0x10,0xC5,0x10,0xC5,0x10,0xC5,0x10,0xC5,0x10,0xC5,0x10,0xC5,0x10,0xC5,0x10,0xC5,0x10,0xC5,0x10,0xC5,0x10,
0xC5,0x10,0xC5,0x10,0xC5,0x10,0xC5,0x10,0xC5,0x10,0xC5,0x10,0xC5,0x10,0xC5,0x10,0xC5,0x10,0xC5,0x10,0xC5,0x10,0xC5,0x10,
0xC5,0x10,0xC5,0x10,0xC5,0x10,0xC5,0x10,0xC5,0x10,0xC5,0x10,0xC5,0x10,0xC5,0x10,0xC5,0x10,0xC5,0x10,0xC5,0x10,0xC5,0x10,
0xC5,0x10,0xC5,0x10,0xC5,0x10,0xC5,0x10,0xC5,0x10,0xC5,0x10,0xC5,0x10,0xC5,0x10,0xC5,0x10,0xC5,0x10,0xC5,0x10,0xC5,0x10,
0xC5,0x10,0xC5,0x10,0xC5,0x10,0xC5,0x10,0xC5,0x10,0xC5,0x10,0xC5,0x10,0xC5,0x10,0xC5,0x10,0xC5,0x10,0xC5,0x10,0xC5,0x10,
0xC5,0x10,0xC5,0x10,0xC5,0x10,0xC5,0x10,0xC5,0x10,0xC5,0x10,0xC5,0x10,0xC5,0x10,0xC5,0x10,0xC5,0x10,0xC5,0x10,0xC5,0x10,
0xC5,0x10,0xC5,0x10,0xC5,0x10,0xC5,0x10,0xC5,0x10,0xC5,0x10,0xC5,0x10,0xC5,0x10,0xC5,0x10,0xC5,0x10,0xC5,0x10,0xC5,0x10,
0xC5,0x10,0xC5,0x10,0xC5,0x10,0xC5,0x10,0xC5,0x10,0xC5,0x10,0xC5,0x10,0xC5,0x10,0xC5,0x10,0xC5,0x10,0xC5,0x10,0xC5,0x10,
0xC5,0x10,0xC5,0x10,0xC5,0x10,0xC5,0x10,0xC5,0x10,0xC5,0x10,0xC5,0x10,0xC5,0x10,0xC5,0x10,0xC5,0x10,0xC5,0x10,0xC5,0x10,
0xC5,0x10,0xC5,0x10,0xC5,0x10,0xC5,0x10,0xC5,0x10,0xC5,0x10,0xC5,0x10,0xC5,0x10,0xC5,0x10,0xC5,0x10,0xC5,0x10,0xC5,0x10,
0xC5,0x10,0xC5,0x10,0xC5,0x10,0xC5,0x10,0xC5,0x10,0xC5,0x10,0xC5,0x10,0xC5,0x10,0xC5,0x10,0xC5,0x10,0xC5,0x10,0xC5,0x10,
0xC5,0x10,0xC5,0x10,0xC5,0x10,0xC5,0x10,0xC5,0x10,0xC5,0x10,0xC5,0x10,0xC5,0x10,0xC5,0x10,0xC5,0x10,0xC5,0x10,0xC5,0x10,
0xC5,0x10,0xC5,0x10,0xC5,0x10,0xC5,0x10,0xC5,0x10,0xC5,0x10,0xC5,0x10,0xC5,0x10,0xC5,0x10,0xC5,0x10,0xC5,0x10,0xC5,0x10,
0xC5,0x10,0xC5,0x10,0xC5,0x10,0xC5,0x10,0xC5,0x10,0xC5,0x10,0xC5,0x10,0xC5,0x10,0xC5,0x10,0xC5,0x10,0xC5,0x10,0xC5,0x10,
0xC5,0x10,0xC5,0x10,0xC5,0x10,0xC5,0x10,0xC5,0x10,0xC5,0x10,0xC5,0x10,0xC5,0x10,0xC5,0x10,0xC5,0x10,0xC5,0x10,0xC5,0x10,
0xC5,0x10,0xC5,0x10,0xC5,0x10,0xC5,0x10,0xC5,0x10,0xC5,0x10,0xC5,0x10,0xC5,0x10,0xC5,0x10,0xC5,0x10,0xC5,0x10,0xC5,0x10,
0xC5,0x10,0xC5,0x10,0xC5,0x10,0xC5,0x10,0xC5,0x10,0xC5,0x10,0xC5,0x10,0xC5,0x10,0xC5,0x10,0xC5,0x10,0xC5,0x10,0xC5,0x10,
0xC5,0x10,0xC5,0x10,0xC5,0x10,0xC5,0x10,0xC5,0x10,0xC5,0x10,0xC5,0x10,0xC5,0x10,0xC5,0x10,0xC5,0x10,0xC5,0x10,0xC5,0x10,
0xC5,0x10,0xC5,0x10,0xC5,0x10,0xC5,0x10,0xC5,0x10,0xC5,0x10,0xC5,0x10,0xC5,0x10,0xC5,0x10,0xC5,0x10,0xC5,0x10,0xC5,0x10,
0xC5,0x10,0xC5,0x10,0xC5,0x10,0xC5,0x10,0xC5,0x10,0xC5,0x10,0xC5,0x10,0xC5,0x10,0xC5,0x10,0xC5,0x10,0xC5,0x10,0xC5,0x10,
0xC5,0x10,0xC5,0x10,0xC5,0x10,0xC5,0x10,0xC5,0x10,0xC5,0x10,0xC5,0x10,0xC5,0x10,0xC5,0x10,0xC5,0x10,0xC5,0x10,0xC5,0x10,
0xC5,0x10,0xC5,0x10,0xC5,0x10,0xC5,0x10,0xC5,0x10,0xC5,0x10,0xC5,0x10,0xC5,0x10,0xC5,0x10,0xC5,0x10,0xC5,0x10,0xC5,0x10,
0xC5,0x10,0xC5,0x10,0xC5,0x10,0xC5,0x10,0xC5,0x10,0xC5,0x10,0xC5,0x10,0xC5,0x10,0xC5,0x10,0xC5,0x10,0xC5,0x10,0xC5,0x10,
0xC5,0x10,0xC5,0x10,0xC5,0x10,0xC5,0x10,0xC5,0x10,0xC5,0x10,0xC5,0x10,0xC5,0x10,0xC5,0x10,0xC5,0x10,0xC5,0x10,0xC5,0x10,
0xC5,0x10,0xC5,0x10,0xC5,0x10,0xC5,0x10,0xC5,0x10,0xC5,0x10,0xC5,0x10,0xC5,0x10,0xC5,0x10,0xC5,0x10,0xC5,0x10,0xC5,0x10,
0xC5,0x10,0xC5,0x10,0xC5,0x10,0xC5,0x10,0xC5,0x10,0xC5,0x10,0xC5,0x10,0xC5,0x10,0xC5,0x10,0xC5,0x10,0xC5,0x10,0xC5,0x10,
0xC5,0x10,0xC5,0x10,0xC5,0x10,0xC5,0x10,0xC5,0x10,0xC5,0x10,0xC5,0x10,0xC5,0x10,0xC5,0x10,0xC5,0x10,0xC5,0x10,0xC5,0x10,
0xC5,0x10,0xC5,0x10,0xC5,0x10,0xC5,0x10,0xC5,0x10,0xC5,0x10,0xC5,0x10,0xC5,0x10,0xC5,0x10,0xC5,0x10,0xC5,0x10,0xC5,0x10,
0xC5,0x10,0xC5,0x10,0xC5,0x10,0xC5,0x10,0xC5,0x10,0xC5,0x10,0xC5,0x10,0xC5,0x10,0xC5,0x10,0xC5,0x10,0xC5,0x10,0xC5,0x10,
0xC5,0x10,0xC5,0x10,0xC5,0x10,0xC5,0x10,0xC5,0x10,0xC5,0x10,0xC5,0x10,0xC5,0x10,0xC5,0x10,0xC5,0x10,0xC5,0x10,0xC5,0x10,
0xC5,0x10,0xC5,0x10,0xC5,0x10,0xC5,0x10,0xC5,0x10,0xC5,0x10,0xC5,0x10,0xC5,0x10,0xC5,0x10,0xC5,0x10,0xC5,0x10,0xC5,0x10,
0xC5,0x10,0xC5,0x10,0xC5,0x10,0xC5,0x10,0xC5,0x10,0xC5,0x10,0xC5,0x10,0xC5,0x10,0xC5,0x10,0xC5,0x10,0xC5,0x10,0xC5,0x10,
0xC5,0x10,0xC5,0x10,0xC5,0x10,0xC5,0x10,0xC5,0x10,0xC5,0x10,0xC5,0x10,0xC5,0x10,0xC5,0x10,0xC5,0x10,0xC5,0x10,0xC5,0x10,
0xC5,0x10,0xC5,0x10,0xC5,0x10,0xC5,0x10,0xC5,0x10,0xC5,0x10,0xC5,0x10,0xC5,0x10,0xC5,0x10,0xC5,0x10,0xC5,0x10,0xC5,0x10,
0xC5,0x10,0xC5,0x10,0xC5,0x10,0xC5,0x10,0xC5,0x10,0xC5,0x10,0xC5,0x10,0xC5,0x10,0xC5,0x10,0xC5,0x10,0xC5,0x10,0xC5,0x10,
0xC5,0x10,0xC5,0x10,0xC5,0x10,0xC5,0x10,0xC5,0x10,0xC5,0x10,0xC5,0x10,0xC5,0x10,0xC5,0x10,0xC5,0x10,0xC5,0x10,0xC5,0x10,
0xC5,0x10,0xC5,0x10,0xC5,0x10,0xC5,0x10,0xC5,0x10,0xC5,0x10,0xC5,0x10,0xC5,0x10,0xC5,0x10,0xC5,0x10,0xC5,0x10,0xC5,0x10,
0xC5,0x10,0xC5,0x10,0xC5,0x10,0xC5,0x10,0xC5,0x10,0xC5,0x10,0xC5,0x10,0xC5,0x10,0xC5,0x10,0xC5,0x10,0xC5,0x10,0xC5,0x10,
0xC5,0x10,0xC5,0x10,0xC5,0x10,0xC5,0x10,0xC5,0x10,0xC5,0x10,0xC5,0x10,0xC5,0x10,0xC5,0x10,0xC5,0x10,0xC5,0x10,0xC5,0x10,
0xC5,0x10,0xC5,0x10,0xC5,0x10,0xC5,0x10,0xC5,0x10,0xC5,0x10,0xC5,0x10,0xC5,0x10,0xC5,0x10,0xC5,0x10,0xC5,0x10,0xC5,0x10,
0xC5,0x10,0xC5,0x10,0xC5,0x10,0xC5,0x10,0xC5,0x10,0xC5,0x10,0xC5,0x10,0xC5,0x10,0xC5,0x10,0xC5,0x10,0xC5,0x10,0xC5,0x10,
0xC5,0x10,0xC5,0x10,0xC5,0x10,0xC5,0x10,0xC5,0x10,0xC5,0x10,0xC5,0x10,0xC5,0x10,0xC5,0x10,0xC5,0x10,0xC5,0x10,0xC5,0x10,
0xC5,0x10,0xC5,0x10,0xC5,0x10,0xC5,0x10,0xC5,0x10,0xC5,0x10,0xC5,0x10,0xC5,0x10,0xC5,0x10,0xC5,0x10,0xC5,0x10,0xC5,0x10,
0xC5,0x10,0xC5,0x10,0xC5,0x10,0xC5,0x10,0xC5,0x10,0xC5,0x10,0xC5,0x10,0xC5,0x10,0xC5,0x10,0xC5,0x10,0xC5,0x10,0xC5,0x10,
0xC5,0x10,0xC5,0x10,0xC5,0x10,0xC5,0x10,0xC5,0x10,0xC5,0x10,0xC5,0x10,0xC5,0x10,0xC5,0x10,0xC5,0x10,0xC5,0x10,0xC5,0x10,
0xC5,0x10,0xC5,0x10,0xC5,0x10,0xC5,0x10,0xC5,0x10,0xC5,0x10,0xC5,0x10,0xC5,0x10,0xC5,0x10,0xC5,0x10,0xC5,0x10,0xC5,0x10,
0xC5,0x10,0xC5,0x10,0xC5,0x10,0xC5,0x10,0xC5,0x10,0xC5,0x10,0xC5,0x10,0xC5,0x10,0xC5,0x10,0xC5,0x10,0xC5,0x10,0xC5,0x10,
0xC5,0x10,0xC5,0x10,0xC5,0x10,0xC5,0x10,0xC5,0x10,0xC5,0x10,0xC5,0x10,0xC5,0x10,0xC5,0x10,0xC5,0x10,0xC5,0x10,0xC5,0x10,
0xC5,0x10,0xC5,0x10,0xC5,0x10,0xC5,0x10,0xC5,0x10,0xC5,0x10,0xC5,0x10,0xC5,0x10,0xC5,0x10,0xC5,0x10,0xC5,0x10,0xC5,0x10,
0xC5,0x10,0xC5,0x10,0xC5,0x10,0xC5,0x10,0xC5,0x10,0xC5,0x10,0xC5,0x10,0xC5,0x10,0xC5,0x10,0xC5,0x10,0xC5,0x10,0xC5,0x10,
0xC5,0x10,0xC5,0x10,0xC5,0x10,0xC5,0x10,0xC5,0x10,0xC5,0x10,0xC5,0x10,0xC5,0x10,0xC5,0x10,0xC5,0x10,0xC5,0x10,0xC5,0x10,
0xC5,0x10,0xC5,0x10,0xC5,0x10,0xC5,0x10,0xC5,0x10,0xC5,0x10,0xC5,0x10,0xC5,0x10,0xC5,0x10,0xC5,0x10,0xC5,0x10,0xC5,0x10,
0xC5,0x10,0xC5,0x10,0xC5,0x10,0xC5,0x10,0xC5,0x10,0xC5,0x10,0xC5,0x10,0xC5,0x10,0xC5,0x10,0xC5,0x10,0xC5,0x10,0xC5,0x10,
0xC5,0x10,0xC5,0x10,0xC5,0x10,0xC5,0x10,0xC5,0x10,0xC5,0x10,0xC5,0x10,0xC5,0x10,0xC5,0x10,0xC5,0x10,0xC5,0x10,0xC5,0x10,
0xC5,0x10,0xC5,0x10,0xC5,0x10,0xC5,0x10,0xC5,0x10,0xC5,0x10,0xC5,0x10,0xC5,0x10,0xC5,0x10,0xC5,0x10,0xC5,0x10,0xC5,0x10,
0xC5,0x10,0xC5,0x10,0xC5,0x10,0xC5,0x10,0xC5,0x10,0xC5,0x10,0xC5,0x10,0xC5,0x10,0xC5,0x10,0xC5,0x10,0xC5,0x10,0xC5,0x10,
0xC5,0x10,0xC5,0x10,0xC5,0x10,0xC5,0x10,0xC5,0x10,0xC5,0x10,0xC5,0x10,0xC5,0x10,0xC5,0x10,0xC5,0x10,0xC5,0x10,0xC5,0x10,
0xC5,0x10,0xC5,0x10,0xC5,0x10,0xC5,0x10,0xC5,0x10,0xC5,0x10,0xC5,0x10,0xC5,0x10,0xC5,0x10,0xC5,0x10,0xC5,0x10,0xC5,0x10,
0xC5,0x10,0xC5,0x10,0xC5,0x10,0xC5,0x10,0xC5,0x10,0xC5,0x10,0xC5,0x10,0xC5,0x10,0xC5,0x10,0xC5,0x10,0xC5,0x10,0xC5,0x10,
0xC5,0x10,0xC5,0x10,0xC5,0x10,0xC5,0x10,0xC5,0x10,0xC5,0x10,0xC5,0x10,0xC5,0x10,0xC5,0x10,0xC5,0x10,0xC5,0x10,0xC5,0x10,
0xC5,0x10,0xC5,0x10,0xC5,0x10,0xC5,0x10,0xC5,0x10,0xC5,0x10,0xC5,0x10,0xC5,0x10,0xC5,0x10,0xC5,0x10,0xC5,0x10,0xC5,0x10,
0xC5,0x10,0xC5,0x10,0xC5,0x10,0xC5,0x10,0xC5,0x10,0xC5,0x10,0xC5,0x10,0xC5,0x10,0xC5,0x10,0xC5,0x10,0xC5,0x10,0xC5,0x10,
0xC5,0x10,0xC5,0x10,0xC5,0x10,0xC5,0x10,0xC5,0x10,0xC5,0x10,0xC5,0x10,0xC5,0x10,0xC5,0x10,0xC5,0x10,0xC5,0x10,0xC5,0x10,
0xC5,0x10,0xC5,0x10,0xC5,0x10,0xC5,0x10,0xC5,0x10,0xC5,0x10,0xC5,0x10,0xC5,0x10,0xC5,0x10,0xC5,0x10,0xC5,0x10,0xC5,0x10,
0xC5,0x10,0xC5,0x10,0xC5,0x10,0xC5,0x10,0xC5,0x10,0xC5,0x10,0xC5,0x10,0xC5,0x10,0xC5,0x10,0xC5,0x10,0xC5,0x10,0xC5,0x10,
0xC5,0x10,0xC5,0x10,0xC5,0x10,0xC5,0x10,0xC5,0x10,0xC5,0x10,0xC5,0x10,0xC5,0x10,0xC5,0x10,0xC5,0x10,0xC5,0x10,0xC5,0x10,
0xC5,0x10,0xC5,0x10,0xC5,0x10,0xC5,0x10,0xC5,0x10,0xC5,0x10,0xC5,0x10,0xC5,0x10,0xC5,0x10,0xC5,0x10,0xC5,0x10,0xC5,0x10,
0xC5,0x10,0xC5,0x10,0xC5,0x10,0xC5,0x10,0xC5,0x10,0xC5,0x10,0xC5,0x10,0xC5,0x10,0xC5,0x10,0xC5,0x10,0xC5,0x10,0xC5,0x10,
0xC5,0x10,0xC5,0x10,0xC5,0x10,0xC5,0x10,0xC5,0x10,0xC5,0x10,0xC5,0x10,0xC5,0x10,0xC5,0x10,0xC5,0x10,0xC5,0x10,0xC5,0x10,
0xC5,0x10,0xC5,0x10,0xC5,0x10,0xC5,0x10,0xC5,0x10,0xC5,0x10,0xC5,0x10,0xC5,0x10,0xC5,0x10,0xC5,0x10,0xC5,0x10,0xC5,0x10,
0xC5,0x10,0xC5,0x10,0xC5,0x10,0xC5,0x10,0xC5,0x10,0xC5,0x10,0xC5,0x10,0xC5,0x10,0xC5,0x10,0xC5,0x10,0xC5,0x10,0xC5,0x10,
0xC5,0x10,0xC5,0x10,0xC5,0x10,0xC5,0x10,0xC5,0x10,0xC5,0x10,0xC5,0x10,0xC5,0x10,0xC5,0x10,0xC5,0x10,0xC5,0x10,0xC5,0x10,
0xC5,0x10,0xC5,0x10,0xC5,0x10,0xC5,0x10,0xC5,0x10,0xC5,0x10,0xC5,0x10,0xC5,0x10,0xC5,0x10,0xC5,0x10,0xC5,0x10,0xC5,0x10,
0xC5,0x10,0xC5,0x10,0xC5,0x10,0xC5,0x10,0xC5,0x10,0xC5,0x10,0xC5,0x10,0xC5,0x10,0xC5,0x10,0xC5,0x10,0xC5,0x10,0xC5,0x10,
0xC5,0x10,0xC5,0x10,0xC5,0x10,0xC5,0x10,0xC5,0x10,0xC5,0x10,0xC5,0x10,0xC5,0x10,0xC5,0x10,0xC5,0x10,0xC5,0x10,0xC5,0x10,
0xC5,0x10,0xC5,0x10,0xC5,0x10,0xC5,0x10,0xC5,0x10,0xC5,0x10,0xC5,0x10,0xC5,0x10,0xC5,0x10,0xC5,0x10,0xC5,0x10,0xC5,0x10,
0xC5,0x10,0xC5,0x10,0xC5,0x10,0xC5,0x10,0xC5,0x10,0xC5,0x10,0xC5,0x10,0xC5,0x10,0xC5,0x10,0xC5,0x10,0xC5,0x10,0xC5,0x10,
0xC5,0x10,0xC5,0x10,0xC5,0x10,0xC5,0x10,0xC5,0x10,0xC5,0x10,0xC5,0x10,0xC5,0x10,0xC5,0x10,0xC5,0x10,0xC5,0x10,0xC5,0x10,
0xC5,0x10,0xC5,0x10,0xC5,0x10,0xC5,0x10,0xC5,0x10,0xC5,0x10,0xC5,0x10,0xC5,0x10,0xC5,0x10,0xC5,0x10,0xC5,0x10,0xC5,0x10,
0xC5,0x10,0xC5,0x10,0xC5,0x10,0xC5,0x10,0xC5,0x10,0xC5,0x10,0xC5,0x10,0xC5,0x10,0xC5,0x10,0xC5,0x10,0xC5,0x10,0xC5,0x10,
0xC5,0x10,0xC5,0x10,0xC5,0x10,0xC5,0x10,0xC5,0x10,0xC5,0x10,0xC5,0x10,0xC5,0x10,0xC5,0x10,0xC5,0x10,0xC5,0x10,0xC5,0x10,
0xC5,0x10,0xC5,0x10,0xC5,0x10,0xC5,0x10,0xC5,0x10,0xC5,0x10,0xC5,0x10,0xC5,0x10,0xC5,0x10,0xC5,0x10,0xC5,0x10,0xC5,0x10,
0xC5,0x10,0xC5,0x10,0xC5,0x10,0xC5,0x10,0xC5,0x10,0xC5,0x10,0xC5,0x10,0xC5,0x10,0xC5,0x10,0xC5,0x10,0xC5,0x10,0xC5,0x10,
0xC5,0x10,0xC5,0x10,0xC5,0x10,0xC5,0x10,0xC5,0x10,0xC5,0x10,0xC5,0x10,0xC5,0x10,0xC5,0x10,0xC5,0x10,0xC5,0x10,0xC5,0x10,
0xC5,0x10,0xC5,0x10,0xC5,0x10,0xC5,0x10,0xC5,0x10,0xC5,0x10,0xC5,0x10,0xC5,0x10,0xC5,0x10,0xC5,0x10,0xC5,0x10,0xC5,0x10,
0xC5,0x10,0xC5,0x10,0xC5,0x10,0xC5,0x10,0xC5,0x10,0xC5,0x10,0xC5,0x10,0xC5,0x10,0xC5,0x10,0xC5,0x10,0xC5,0x10,0xC5,0x10,
0xC5,0x10,0xC5,0x10,0xC5,0x10,0xC5,0x10,0xC5,0x10,0xC5,0x10,0xC5,0x10,0xC5,0x10,0xC5,0x10,0xC5,0x10,0xC5,0x10,0xC5,0x10,
0xC5,0x10,0xC5,0x10,0xC5,0x10,0xC5,0x10,0xC5,0x10,0xC5,0x10,0xC5,0x10,0xC5,0x10,0xC5,0x10,0xC5,0x10,0xC5,0x10,0xC5,0x10,
0xC5,0x10,0xC5,0x10,0xC5,0x10,0xC5,0x10,0xC5,0x10,0xC5,0x10,0xC5,0x10,0xC5,0x10,0xC5,0x10,0xC5,0x10,0xC5,0x10,0xC5,0x10,
0xC5,0x10,0xC5,0x10,0xC5,0x10,0xC5,0x10,0xC5,0x10,0xC5,0x10,0xC5,0x10,0xC5,0x10,0xC5,0x10,0xC5,0x10,0xC5,0x10,0xC5,0x10,
0xC5,0x10,0xC5,0x10,0xC5,0x10,0xC5,0x10,0xC5,0x10,0xC5,0x10,0xC5,0x10,0xC5,0x10,0xC5,0x10,0xC5,0x10,0xC5,0x10,0xC5,0x10,
0xC5,0x10,0xC5,0x10,0xC5,0x10,0xC5,0x10,0xC5,0x10,0xC5,0x10,0xC5,0x10,0xC5,0x10,0xC5,0x10,0xC5,0x10,0xC5,0x10,0xC5,0x10,
0xC5,0x10,0xC5,0x10,0xC5,0x10,0xC5,0x10,0xC5,0x10,0xC5,0x10,0xC5,0x10,0xC5,0x10,0xC5,0x10,0xC5,0x10,0xC5,0x10,0xC5,0x10,
0xC5,0x10,0xC5,0x10,0xC5,0x10,0xC5,0x10,0xC5,0x10,0xC5,0x10,0xC5,0x10,0xC5,0x10,0xC5,0x10,0xC5,0x10,0xC5,0x10,0xC5,0x10,
0xC5,0x10,0xC5,0x10,0xC5,0x10,0xC5,0x10,0xC5,0x10,0xC5,0x10,0xC5,0x10,0xC5,0x10,0xC5,0x10,0xC5,0x10,0xC5,0x10,0xC5,0x10,
0xC5,0x10,0xC5,0x10,0xC5,0x10,0xC5,0x10,0xC5,0x10,0xC5,0x10,0xC5,0x10,0xC5,0x10,0xC5,0x10,0xC5,0x10,0xC5,0x10,0xC5,0x10,
0xC5,0x10,0xC5,0x10,0xC5,0x10,0xC5,0x10,0xC5,0x10,0xC5,0x10,0xC5,0x10,0xC5,0x10,0xC5,0x10,0xC5,0x10,0xC5,0x10,0xC5,0x10,
0xC5,0x10,0xC5,0x10,0xC5,0x10,0xC5,0x10,0xC5,0x10,0xC5,0x10,0xC5,0x10,0xC5,0x10,0xC5,0x10,0xC5,0x10,0xC5,0x10,0xC5,0x10,
0xC5,0x10,0xC5,0x10,0xC5,0x10,0xC5,0x10,0xC5,0x10,0xC5,0x10,0xC5,0x10,0xC5,0x10,0xC5,0x10,0xC5,0x10,0xC5,0x10,0xC5,0x10,
0xC5,0x10,0xC5,0x10,0xC5,0x10,0xC5,0x10,0xC5,0x10,0xC5,0x10,0xC5,0x10,0xC5,0x10,0xC5,0x10,0xC5,0x10,0xC5,0x10,0xC5,0x10,
0xC5,0x10,0xC5,0x10,0xC5,0x10,0xC5,0x10,0xC5,0x10,0xC5,0x10,0xC5,0x10,0xC5,0x10,0xC5,0x10,0xC5,0x10,0xC5,0x10,0xC5,0x10,
0xC5,0x10,0xC5,0x10,0xC5,0x10,0xC5,0x10,0xC5,0x10,0xC5,0x10,0xC5,0x10,0xC5,0x10,0xC5,0x10,0xC5,0x10,0xC5,0x10,0xC5,0x10,
0xC5,0x10,0xC5,0x10,0xC5,0x10,0xC5,0x10,0xC5,0x10,0xC5,0x10,0xC5,0x10,0xC5,0x10,0xC5,0x10,0xC5,0x10,0xC5,0x10,0xC5,0x10,
0xC5,0x10,0xC5,0x10,0xC5,0x10,0xC5,0x10,0xC5,0x10,0xC5,0x10,0xC5,0x10,0xC5,0x10,0xC5,0x10,0xC5,0x10,0xC5,0x10,0xC5,0x10,
0xC5,0x10,0xC5,0x10,0xC5,0x10,0xC5,0x10,0xC5,0x10,0xC5,0x10,0xC5,0x10,0xC5,0x10,0xC5,0x10,0xC5,0x10,0xC5,0x10,0xC5,0x10,
0xC5,0x10,0xC5,0x10,0xC5,0x10,0xC5,0x10,0xC5,0x10,0xC5,0x10,0xC5,0x10,0xC5,0x10,0xC5,0x10,0xC5,0x10,0xC5,0x10,0xC5,0x10,
0xC5,0x10,0xC5,0x10,0xC5,0x10,0xC5,0x10,0xC5,0x10,0xC5,0x10,0xC5,0x10,0xC5,0x10,0xC5,0x10,0xC5,0x10,0xC5,0x10,0xC5,0x10,
0xC5,0x10,0xC5,0x10,0xC5,0x10,0xC5,0x10,0xC5,0x10,0xC5,0x10,0xC5,0x10,0xC5,0x10,0xC5,0x10,0xC5,0x10,0xC5,0x10,0xC5,0x10,
0xC5,0x10,0xC5,0x10,0xC5,0x10,0xC5,0x10,0xC5,0x10,0xC5,0x10,0xC5,0x10,0xC5,0x10,0xC5,0x10,0xC5,0x10,0xC5,0x10,0xC5,0x10,
0xC5,0x10,0xC5,0x10,0xC5,0x10,0xC5,0x10,0xC5,0x10,0xC5,0x10,0xC5,0x10,0xC5,0x10,0xC5,0x10,0xC5,0x10,0xC5,0x10,0xC5,0x10,
0xC5,0x10,0xC5,0x10,0xC5,0x10,0xC5,0x10,0xC5,0x10,0xC5,0x10,0xC5,0x10,0xC5,0x10,0xC5,0x10,0xC5,0x10,0xC5,0x10,0xC5,0x10,
0xC5,0x10,0xC5,0x10,0xC5,0x10,0xC5,0x10,0xC5,0x10,0xC5,0x10,0xC5,0x10,0xC5,0x10,0xC5,0x10,0xC5,0x10,0xC5,0x10,0xC5,0x10,
0xC5,0x10,0xC5,0x10,0xC5,0x10,0xC5,0x10,0xC5,0x10,0xC5,0x10,0xC5,0x10,0xC5,0x10,0xC5,0x10,0xC5,0x10,0xC5,0x10,0xC5,0x10,
0xC5,0x10,0xC5,0x10,0xC5,0x10,0xC5,0x10,0xC5,0x10,0xC5,0x10,0xC5,0x10,0xC5,0x10,0xC5,0x10,0xC5,0x10,0xC5,0x10,0xC5,0x10,
0xC5,0x10,0xC5,0x10,0xC5,0x10,0xC5,0x10,0xC5,0x10,0xC5,0x10,0xC5,0x10,0xC5,0x10,0xC5,0x10,0xC5,0x10,0xC5,0x10,0xC5,0x10,
0xC5,0x10,0xC5,0x10,0xC5,0x10,0xC5,0x10,0xC5,0x10,0xC5,0x10,0xC5,0x10,0xC5,0x10,0xC5,0x10,0xC5,0x10,0xC5,0x10,0xC5,0x10,
0xC5,0x10,0xC5,0x10,0xC5,0x10,0xC5,0x10,0xC5,0x10,0xC5,0x10,0xC5,0x10,0xC5,0x10,0xC5,0x10,0xC5,0x10,0xC5,0x10,0xC5,0x10,
0xC5,0x10,0xC5,0x10,0xC5,0x10,0xC5,0x10,0xC5,0x10,0xC5,0x10,0xC5,0x10,0xC5,0x10,0xC5,0x10,0xC5,0x10,0xC5,0x10,0xC5,0x10,
0xC5,0x10,0xC5,0x10,0xC5,0x10,0xC5,0x10,0xC5,0x10,0xC5,0x10,0xC5,0x10,0xC5,0x10,0xC5,0x10,0xC5,0x10,0xC5,0x10,0xC5,0x10,
0xC5,0x10,0xC5,0x10,0xC5,0x10,0xC5,0x10,0xC5,0x10,0xC5,0x10,0xC5,0x10,0xC5,0x10,0xC5,0x10,0xC5,0x10,0xC5,0x10,0xC5,0x10,
0xC5,0x10,0xC5,0x10,0xC5,0x10,0xC5,0x10,0xC5,0x10,0xC5,0x10,0xC5,0x10,0xC5,0x10,0xC5,0x10,0xC5,0x10,0xC5,0x10,0xC5,0x10,
0xC5,0x10,0xC5,0x10,0xC5,0x10,0xC5,0x10,0xC5,0x10,0xC5,0x10,0xC5,0x10,0xC5,0x10,0xC5,0x10,0xC5,0x10,0xC5,0x10,0xC5,0x10,
0xC5,0x10,0xC5,0x10,0xC5,0x10,0xC5,0x10,0xC5,0x10,0xC5,0x10,0xC5,0x10,0xC5,0x10,0xC5,0x10,0xC5,0x10,0xC5,0x10,0xC5,0x10,
0xC5,0x10,0xC5,0x10,0xC5,0x10,0xC5,0x10,0xC5,0x10,0xC5,0x10,0xC5,0x10,0xC5,0x10,0xC5,0x10,0xC5,0x10,0xC5,0x10,0xC5,0x10,
0xC5,0x10,0xC5,0x10,0xC5,0x10,0xC5,0x10,0xC5,0x10,0xC5,0x10,0xC5,0x10,0xC5,0x10,0xC5,0x10,0xC5,0x10,0xC5,0x10,0xC5,0x10,
0xC5,0x10,0xC5,0x10,0xC5,0x10,0xC5,0x10,0xC5,0x10,0xC5,0x10,0xC5,0x10,0xC5,0x10,0xC5,0x10,0xC5,0x10,0xC5,0x10,0xC5,0x10,
0xC5,0x10,0xC5,0x10,0xC5,0x10,0xC5,0x10,0xC5,0x10,0xC5,0x10,0xC5,0x10,0xC5,0x10,0xC5,0x10,0xC5,0x10,0xC5,0x10,0xC5,0x10,
0xC5,0x10,0xC5,0x10,0xC5,0x10,0xC5,0x10,0xC5,0x10,0xC5,0x10,0xC5,0x10,0xC5,0x10,0xC5,0x10,0xC5,0x10,0xC5,0x10,0xC5,0x10,
0xC5,0x10,0xC5,0x10,0xC5,0x10,0xC5,0x10,0xC5,0x10,0xC5,0x10,0xC5,0x10,0xC5,0x10,0xC5,0x10,0xC5,0x10,0xC5,0x10,0xC5,0x10,
0xC5,0x10,0xC5,0x10,0xC5,0x10,0xC5,0x10,0xC5,0x10,0xC5,0x10,0xC5,0x10,0xC5,0x10,0xC5,0x10,0xC5,0x10,0xC5,0x10,0xC5,0x10,
0xC5,0x10,0xC5,0x10,0xC5,0x10,0xC5,0x10,0xC5,0x10,0xC5,0x10,0xC5,0x10,0xC5,0x10,0xC5,0x10,0xC5,0x10,0xC5,0x10,0xC5,0x10,
0xC5,0x10,0xC5,0x10,0xC5,0x10,0xC5,0x10,0xC5,0x10,0xC5,0x10,0xC5,0x10,0xC5,0x10,0xC5,0x10,0xC5,0x10,0xC5,0x10,0xC5,0x10,
0xC5,0x10,0xC5,0x10,0xC5,0x10,0xC5,0x10,0xC5,0x10,0xC5,0x10,0xC5,0x10,0xC5,0x10,0xC5,0x10,0xC5,0x10,0xC5,0x10,0xC5,0x10,
0xC5,0x10,0xC5,0x10,0xC5,0x10,0xC5,0x10,0xC5,0x10,0xC5,0x10,0xC5,0x10,0xC5,0x10,0xC5,0x10,0xC5,0x10,0xC5,0x10,0xC5,0x10,
0xC5,0x10,0xC5,0x10,0xC5,0x10,0xC5,0x10,0xC5,0x10,0xC5,0x10,0xC5,0x10,0xC5,0x10,0xC5,0x10,0xC5,0x10,0xC5,0x10,0xC5,0x10,
0xC5,0x10,0xC5,0x10,0xC5,0x10,0xC5,0x10,0xC5,0x10,0xC5,0x10,0xC5,0x10,0xC5,0x10,0xC5,0x10,0xC5,0x10,0xC5,0x10,0xC5,0x10,
0xC5,0x10,0xC5,0x10,0xC5,0x10,0xC5,0x10,0xC5,0x10,0xC5,0x10,0xC5,0x10,0xC5,0x10,0xC5,0x10,0xC5,0x10,0xC5,0x10,0xC5,0x10,
0xC5,0x10,0xC5,0x10,0xC5,0x10,0xC5,0x10,0xC5,0x10,0xC5,0x10,0xC5,0x10,0xC5,0x10,0xC5,0x10,0xC5,0x10,0xC5,0x10,0xC5,0x10,
0xC5,0x10,0xC5,0x10,0xC5,0x10,0xC5,0x10,0xC5,0x10,0xC5,0x10,0xC5,0x10,0xC5,0x10,0xC5,0x10,0xC5,0x10,0xC5,0x10,0xC5,0x10,
0xC5,0x10,0xC5,0x10,0xC5,0x10,0xC5,0x10,0xC5,0x10,0xC5,0x10,0xC5,0x10,0xC5,0x10,0xC5,0x10,0xC5,0x10,0xC5,0x10,0xC5,0x10,
0xC5,0x10,0xC5,0x10,0xC5,0x10,0xC5,0x10,0xC5,0x10,0xC5,0x10,0xC5,0x10,0xC5,0x10,0xC5,0x10,0xC5,0x10,0xC5,0x10,0xC5,0x10,
0xC5,0x10,0xC5,0x10,0xC5,0x10,0xC5,0x10,0xC5,0x10,0xC5,0x10,0xC5,0x10,0xC5,0x10,0xC5,0x10,0xC5,0x10,0xC5,0x10,0xC5,0x10,
0xC5,0x10,0xC5,0x10,0xC5,0x10,0xC5,0x10,0xC5,0x10,0xC5,0x10,0xC5,0x10,0xC5,0x10,0xC5,0x10,0xC5,0x10,0xC5,0x10,0xC5,0x10,
0xC5,0x10,0xC5,0x10,0xC5,0x10,0xC5,0x10,0xC5,0x10,0xC5,0x10,0xC5,0x10,0xC5,0x10,0xC5,0x10,0xC5,0x10,0xC5,0x10,0xC5,0x10,
0xC5,0x10,0xC5,0x10,0xC5,0x10,0xC5,0x10,0xC5,0x10,0xC5,0x10,0xC5,0x10,0xC5,0x10,0xC5,0x10,0xC5,0x10,0xC5,0x10,0xC5,0x10,
0xC5,0x10,0xC5,0x10,0xC5,0x10,0xC5,0x10,0xC5,0x10,0xC5,0x10,0xC5,0x10,0xC5,0x10,0xC5,0x10,0xC5,0x10,0xC5,0x10,0xC5,0x10,
0xC5,0x10,0xC5,0x10,0xC5,0x10,0xC5,0x10,0xC5,0x10,0xC5,0x10,0xC5,0x10,0xC5,0x10,0xC5,0x10,0xC5,0x10,0xC5,0x10,0xC5,0x10,
0xC5,0x10,0xC5,0x10,0xC5,0x10,0xC5,0x10,0xC5,0x10,0xC5,0x10,0xC5,0x10,0xC5,0x10,0xC5,0x10,0xC5,0x10,0xC5,0x10,0xC5,0x10,
0xC5,0x10,0xC5,0x10,0xC5,0x10,0xC5,0x10,0xC5,0x10,0xC5,0x10,0xC5,0x10,0xC5,0x10,0xC5,0x10,0xC5,0x10,0xC5,0x10,0xC5,0x10,
0xC5,0x10,0xC5,0x10,0xC5,0x10,0xC5,0x10,0xC5,0x10,0xC5,0x10,0xC5,0x10,0xC5,0x10,0xC5,0x10,0xC5,0x10,0xC5,0x10,0xC5,0x10,
0xC5,0x10,0xC5,0x10,0xC5,0x10,0xC5,0x10,0xC5,0x10,0xC5,0x10,0xC5,0x10,0xC5,0x10,0xC5,0x10,0xC5,0x10,0xC5,0x10,0xC5,0x10,
0xC5,0x10,0xC5,0x10,0xC5,0x10,0xC5,0x10,0xC5,0x10,0xC5,0x10,0xC5,0x10,0xC5,0x10,0xC5,0x10,0xC5,0x10,0xC5,0x10,0xC5,0x10,
0xC5,0x10,0xC5,0x10,0xC5,0x10,0xC5,0x10,0xC5,0x10,0xC5,0x10,0xC5,0x10,0xC5,0x10,0xC5,0x10,0xC5,0x10,0xC5,0x10,0xC5,0x10,
0xC5,0x10,0xC5,0x10,0xC5,0x10,0xC5,0x10,0xC5,0x10,0xC5,0x10,0xC5,0x10,0xC5,0x10,0xC5,0x10,0xC5,0x10,0xC5,0x10,0xC5,0x10,
0xC5,0x10,0xC5,0x10,0xC5,0x10,0xC5,0x10,0xC5,0x10,0xC5,0x10,0xC5,0x10,0xC5,0x10,0xC5,0x10,0xC5,0x10,0xC5,0x10,0xC5,0x10,
0xC5,0x10,0xC5,0x10,0xC5,0x10,0xC5,0x10,0xC5,0x10,0xC5,0x10,0xC5,0x10,0xC5,0x10,0xC5,0x10,0xC5,0x10,0xC5,0x10,0xC5,0x10,
0xC5,0x10,0xC5,0x10,0xC5,0x10,0xC5,0x10,0xC5,0x10,0xC5,0x10,0xC5,0x10,0xC5,0x10,0xC5,0x10,0xC5,0x10,0xC5,0x10,0xC5,0x10,
0xC5,0x10,0xC5,0x10,0xC5,0x10,0xC5,0x10,0xC5,0x10,0xC5,0x10,0xC5,0x10,0xC5,0x10,0xC5,0x10,0xC5,0x10,0xC5,0x10,0xC5,0x10,
0xC5,0x10,0xC5,0x10,0xC5,0x10,0xC5,0x10,0xC5,0x10,0xC5,0x10,0xC5,0x10,0xC5,0x10,0xC5,0x10,0xC5,0x10,0xC5,0x10,0xC5,0x10,
0xC5,0x10,0xC5,0x10,0xC5,0x10,0xC5,0x10,0xC5,0x10,0xC5,0x10,0xC5,0x10,0xC5,0x10,0xC5,0x10,0xC5,0x10,0xC5,0x10,0xC5,0x10,
0xC5,0x10,0xC5,0x10,0xC5,0x10,0xC5,0x10,0xC5,0x10,0xC5,0x10,0xC5,0x10,0xC5,0x10,0xC5,0x10,0xC5,0x10,0xC5,0x10,0xC5,0x10,
0xC5,0x10,0xC5,0x10,0xC5,0x10,0xC5,0x10,0xC5,0x10,0xC5,0x10,0xC5,0x10,0xC5,0x10,0xC5,0x10,0xC5,0x10,0xC5,0x10,0xC5,0x10,
0xC5,0x10,0xC5,0x10,0xC5,0x10,0xC5,0x10,0xC5,0x10,0xC5,0x10,0xC5,0x10,0xC5,0x10,0xC5,0x10,0xC5,0x10,0xC5,0x10,0xC5,0x10,
0xC5,0x10,0xC5,0x10,0xC5,0x10,0xC5,0x10,0xC5,0x10,0xC5,0x10,0xC5,0x10,0xC5,0x10,0xC5,0x10,0xC5,0x10,0xC5,0x10,0xC5,0x10,
0xC5,0x10,0xC5,0x10,0xC5,0x10,0xC5,0x10,0xC5,0x10,0xC5,0x10,0xC5,0x10,0xC5,0x10,0xC5,0x10,0xC5,0x10,0xC5,0x10,0xC5,0x10,
0xC5,0x10,0xC5,0x10,0xC5,0x10,0xC5,0x10,0xC5,0x10,0xC5,0x10,0xC5,0x10,0xC5,0x10,0xC5,0x10,0xC5,0x10,0xC5,0x10,0xC5,0x10,
0xC5,0x10,0xC5,0x10,0xC5,0x10,0xC5,0x10,0xC5,0x10,0xC5,0x10,0xC5,0x10,0xC5,0x10,0xC5,0x10,0xC5,0x10,0xC5,0x10,0xC5,0x10,
0xC5,0x10,0xC5,0x10,0xC5,0x10,0xC5,0x10,0xC5,0x10,0xC5,0x10,0xC5,0x10,0xC5,0x10,0xC5,0x10,0xC5,0x10,0xC5,0x10,0xC5,0x10,
0xC5,0x10,0xC5,0x10,0xC5,0x10,0xC5,0x10,0xC5,0x10,0xC5,0x10,0xC5,0x10,0xC5,0x10,0xC5,0x10,0xC5,0x10,0xC5,0x10,0xC5,0x10,
0xC5,0x10,0xC5,0x10,0xC5,0x10,0xC5,0x10,0xC5,0x10,0xC5,0x10,0xC5,0x10,0xC5,0x10,0xC5,0x10,0xC5,0x10,0xC5,0x10,0xC5,0x10,
0xC5,0x10,0xC5,0x10,0xC5,0x10,0xC5,0x10,0xC5,0x10,0xC5,0x10,0xC5,0x10,0xC5,0x10,0xC5,0x10,0xC5,0x10,0xC5,0x10,0xC5,0x10,
0xC5,0x10,0xC5,0x10,0xC5,0x10,0xC5,0x10,0xC5,0x10,0xC5,0x10,0xC5,0x10,0xC5,0x10,0xC5,0x10,0xC5,0x10,0xC5,0x10,0xC5,0x10,
0xC5,0x10,0xC5,0x10,0xC5,0x10,0xC5,0x10,0xC5,0x10,0xC5,0x10,0xC5,0x10,0xC5,0x10,0xC5,0x10,0xC5,0x10,0xC5,0x10,0xC5,0x10,
0xC5,0x10,0xC5,0x10,0xC5,0x10,0xC5,0x10,0xC5,0x10,0xC5,0x10,0xC5,0x10,0xC5,0x10,0xC5,0x10,0xC5,0x10,0xC5,0x10,0xC5,0x10,
0xC5,0x10,0xC5,0x10,0xC5,0x10,0xC5,0x10,0xC5,0x10,0xC5,0x10,0xC5,0x10,0xC5,0x10,0xC5,0x10,0xC5,0x10,0xC5,0x10,0xC5,0x10,
0xC5,0x10,0xC5,0x10,0xC5,0x10,0xC5,0x10,0xC5,0x10,0xC5,0x10,0xC5,0x10,0xC5,0x10,0xC5,0x10,0xC5,0x10,0xC5,0x10,0xC5,0x10,
0xC5,0x10,0xC5,0x10,0xC5,0x10,0xC5,0x10,0xC5,0x10,0xC5,0x10,0xC5,0x10,0xC5,0x10,0xC5,0x10,0xC5,0x10,0xC5,0x10,0xC5,0x10,
0xC5,0x10,0xC5,0x10,0xC5,0x10,0xC5,0x10,0xC5,0x10,0xC5,0x10,0xC5,0x10,0xC5,0x10,0xC5,0x10,0xC5,0x10,0xC5,0x10,0xC5,0x10,
0xC5,0x10,0xC5,0x10,0xC5,0x10,0xC5,0x10,0xC5,0x10,0xC5,0x10,0xC5,0x10,0xC5,0x10,0xC5,0x10,0xC5,0x10,0xC5,0x10,0xC5,0x10,
0xC5,0x10,0xC5,0x10,0xC5,0x10,0xC5,0x10,0xC5,0x10,0xC5,0x10,0xC5,0x10,0xC5,0x10,0xC5,0x10,0xC5,0x10,0xC5,0x10,0xC5,0x10,
0xC5,0x10,0xC5,0x10,0xC5,0x10,0xC5,0x10,0xC5,0x10,0xC5,0x10,0xC5,0x10,0xC5,0x10,0xC5,0x10,0xC5,0x10,0xC5,0x10,0xC5,0x10,
0xC5,0x10,0xC5,0x10,0xC5,0x10,0xC5,0x10,0xC5,0x10,0xC5,0x10,0xC5,0x10,0xC5,0x10,0xC5,0x10,0xC5,0x10,0xC5,0x10,0xC5,0x10,
0xC5,0x10,0xC5,0x10,0xC5,0x10,0xC5,0x10,0xC5,0x10,0xC5,0x10,0xC5,0x10,0xC5,0x10,0xC5,0x10,0xC5,0x10,0xC5,0x10,0xC5,0x10,
0xC5,0x10,0xC5,0x10,0xC5,0x10,0xC5,0x10,0xC5,0x10,0xC5,0x10,0xC5,0x10,0xC5,0x10,0xC5,0x10,0xC5,0x10,0xC5,0x10,0xC5,0x10,
0xC5,0x10,0xC5,0x10,0xC5,0x10,0xC5,0x10,0xC5,0x10,0xC5,0x10,0xC5,0x10,0xC5,0x10,0xC5,0x10,0xC5,0x10,0xC5,0x10,0xC5,0x10,
0xC5,0x10,0xC5,0x10,0xC5,0x10,0xC5,0x10,0xC5,0x10,0xC5,0x10,0xC5,0x10,0xC5,0x10,0xC5,0x10,0xC5,0x10,0xC5,0x10,0xC5,0x10,
0xC5,0x10,0xC5,0x10,0xC5,0x10,0xC5,0x10,0xC5,0x10,0xC5,0x10,0xC5,0x10,0xC5,0x10,0xC5,0x10,0xC5,0x10,0xC5,0x10,0xC5,0x10,
0xC5,0x10,0xC5,0x10,0xC5,0x10,0xC5,0x10,0xC5,0x10,0xC5,0x10,0xC5,0x10,0xC5,0x10,0xC5,0x10,0xC5,0x10,0xC5,0x10,0xC5,0x10,
0xC5,0x10,0xC5,0x10,0xC5,0x10,0xC5,0x10,0xC5,0x10,0xC5,0x10,0xC5,0x10,0xC5,0x10,0xC5,0x10,0xC5,0x10,0xC5,0x10,0xC5,0x10,
0xC5,0x10,0xC5,0x10,0xC5,0x10,0xC5,0x10,0xC5,0x10,0xC5,0x10,0xC5,0x10,0xC5,0x10,0xC5,0x10,0xC5,0x10,0xC5,0x10,0xC5,0x10,
0xC5,0x10,0xC5,0x10,0xC5,0x10,0xC5,0x10,0xC5,0x10,0xC5,0x10,0xC5,0x10,0xC5,0x10,0xC5,0x10,0xC5,0x10,0xC5,0x10,0xC5,0x10,
0xC5,0x10,0xC5,0x10,0xC5,0x10,0xC5,0x10,0xC5,0x10,0xC5,0x10,0xC5,0x10,0xC5,0x10,0xC5,0x10,0xC5,0x10,0xC5,0x10,0xC5,0x10,
0xC5,0x10,0xC5,0x10,0xC5,0x10,0xC5,0x10,0xC5,0x10,0xC5,0x10,0xC5,0x10,0xC5,0x10,0xC5,0x10,0xC5,0x10,0xC5,0x10,0xC5,0x10,
0xC5,0x10,0xC5,0x10,0xC5,0x10,0xC5,0x10,0xC5,0x10,0xC5,0x10,0xC5,0x10,0xC5,0x10,0xC5,0x10,0xC5,0x10,0xC5,0x10,0xC5,0x10,
0xC5,0x10,0xC5,0x10,0xC5,0x10,0xC5,0x10,0xC5,0x10,0xC5,0x10,0xC5,0x10,0xC5,0x10,0xC5,0x10,0xC5,0x10,0xC5,0x10,0xC5,0x10,
0xC5,0x10,0xC5,0x10,0xC5,0x10,0xC5,0x10,0xC5,0x10,0xC5,0x10,0xC5,0x10,0xC5,0x10,0xC5,0x10,0xC5,0x10,0xC5,0x10,0xC5,0x10,
0xC5,0x10,0xC5,0x10,0xC5,0x10,0xC5,0x10,0xC5,0x10,0xC5,0x10,0xC5,0x10,0xC5,0x10,0xC5,0x10,0xC5,0x10,0xC5,0x10,0xC5,0x10,
0xC5,0x10,0xC5,0x10,0xC5,0x10,0xC5,0x10,0xC5,0x10,0xC5,0x10,0xC5,0x10,0xC5,0x10,0xC5,0x10,0xC5,0x10,0xC5,0x10,0xC5,0x10,
0xC5,0x10,0xC5,0x10,0xC5,0x10,0xC5,0x10,0xC5,0x10,0xC5,0x10,0xC5,0x10,0xC5,0x10,0xC5,0x10,0xC5,0x10,0xC5,0x10,0xC5,0x10,
0xC5,0x10,0xC5,0x10,0xC5,0x10,0xC5,0x10,0xC5,0x10,0xC5,0x10,0xC5,0x10,0xC5,0x10,0xC5,0x10,0xC5,0x10,0xC5,0x10,0xC5,0x10,
0xC5,0x10,0xC5,0x10,0xC5,0x10,0xC5,0x10,0xC5,0x10,0xC5,0x10,0xC5,0x10,0xC5,0x10,0xC5,0x10,0xC5,0x10,0xC5,0x10,0xC5,0x10,
0xC5,0x10,0xC5,0x10,0xC5,0x10,0xC5,0x10,0xC5,0x10,0xC5,0x10,0xC5,0x10,0xC5,0x10,0xC5,0x10,0xC5,0x10,0xC5,0x10,0xC5,0x10,
0xC5,0x10,0xC5,0x10,0xC5,0x10,0xC5,0x10,0xC5,0x10,0xC5,0x10,0xC5,0x10,0xC5,0x10,0xC5,0x10,0xC5,0x10,0xC5,0x10,0xC5,0x10,
0xC5,0x10,0xC5,0x10,0xC5,0x10,0xC5,0x10,0xC5,0x10,0xC5,0x10,0xC5,0x10,0xC5,0x10,0xC5,0x10,0xC5,0x10,0xC5,0x10,0xC5,0x10,
0xC5,0x10,0xC5,0x10,0xC5,0x10,0xC5,0x10,0xC5,0x10,0xC5,0x10,0xC5,0x10,0xC5,0x10,0xC5,0x10,0xC5,0x10,0xC5,0x10,0xC5,0x10,
0xC5,0x10,0xC5,0x10,0xC5,0x10,0xC5,0x10,0xC5,0x10,0xC5,0x10,0xC5,0x10,0xC5,0x10,0xC5,0x10,0xC5,0x10,0xC5,0x10,0xC5,0x10,
0xC5,0x10,0xC5,0x10,0xC5,0x10,0xC5,0x10,0xC5,0x10,0xC5,0x10,0xC5,0x10,0xC5,0x10,0xC5,0x10,0xC5,0x10,0xC5,0x10,0xC5,0x10,
0xC5,0x10,0xC5,0x10,0xC5,0x10,0xC5,0x10,0xC5,0x10,0xC5,0x10,0xC5,0x10,0xC5,0x10,0xC5,0x10,0xC5,0x10,0xC5,0x10,0xC5,0x10,
0xC5,0x10,0xC5,0x10,0xC5,0x10,0xC5,0x10,0xC5,0x10,0xC5,0x10,0xC5,0x10,0xC5,0x10,0xC5,0x10,0xC5,0x10,0xC5,0x10,0xC5,0x10,
0xC5,0x10,0xC5,0x10,0xC5,0x10,0xC5,0x10,0xC5,0x10,0xC5,0x10,0xC5,0x10,0xC5,0x10,0xC5,0x10,0xC5,0x10,0xC5,0x10,0xC5,0x10,
0xC5,0x10,0xC5,0x10,0xC5,0x10,0xC5,0x10,0xC5,0x10,0xC5,0x10,0xC5,0x10,0xC5,0x10,0xC5,0x10,0xC5,0x10,0xC5,0x10,0xC5,0x10,
0xC5,0x10,0xC5,0x10,0xC5,0x10,0xC5,0x10,0xC5,0x10,0xC5,0x10,0xC5,0x10,0xC5,0x10,0xC5,0x10,0xC5,0x10,0xC5,0x10,0xC5,0x10,
0xC5,0x10,0xC5,0x10,0xC5,0x10,0xC5,0x10,0xC5,0x10,0xC5,0x10,0xC5,0x10,0xC5,0x10,0xC5,0x10,0xC5,0x10,0xC5,0x10,0xC5,0x10,
0xC5,0x10,0xC5,0x10,0xC5,0x10,0xC5,0x10,0xC5,0x10,0xC5,0x10,0xC5,0x10,0xC5,0x10,0xC5,0x10,0xC5,0x10,0xC5,0x10,0xC5,0x10,
0xC5,0x10,0xC5,0x10,0xC5,0x10,0xC5,0x10,0xC5,0x10,0xC5,0x10,0xC5,0x10,0xC5,0x10,0xC5,0x10,0xC5,0x10,0xC5,0x10,0xC5,0x10,
0xC5,0x10,0xC5,0x10,0xC5,0x10,0xC5,0x10,0xC5,0x10,0xC5,0x10,0xC5,0x10,0xC5,0x10,0xC5,0x10,0xC5,0x10,0xC5,0x10,0xC5,0x10,
0xC5,0x10,0xC5,0x10,0xC5,0x10,0xC5,0x10,0xC5,0x10,0xC5,0x10,0xC5,0x10,0xC5,0x10,0xC5,0x10,0xC5,0x10,0xC5,0x10,0xC5,0x10,
0xC5,0x10,0xC5,0x10,0xC5,0x10,0xC5,0x10,0xC5,0x10,0xC5,0x10,0xC5,0x10,0xC5,0x10,0xC5,0x10,0xC5,0x10,0xC5,0x10,0xC5,0x10,
0xC5,0x10,0xC5,0x10,0xC5,0x10,0xC5,0x10,0xC5,0x10,0xC5,0x10,0xC5,0x10,0xC5,0x10,0xC5,0x10,0xC5,0x10,0xC5,0x10,0xC5,0x10,
0xC5,0x10,0xC5,0x10,0xC5,0x10,0xC5,0x10,0xC5,0x10,0xC5,0x10,0xC5,0x10,0xC5,0x10,0xC5,0x10,0xC5,0x10,0xC5,0x10,0xC5,0x10,
0xC5,0x10,0xC5,0x10,0xC5,0x10,0xC5,0x10,0xC5,0x10,0xC5,0x10,0xC5,0x10,0xC5,0x10,0xC5,0x10,0xC5,0x10,0xC5,0x10,0xC5,0x10,
0xC5,0x10,0xC5,0x10,0xC5,0x10,0xC5,0x10,0xC5,0x10,0xC5,0x10,0xC5,0x10,0xC5,0x10,0xC5,0x10,0xC5,0x10,0xC5,0x10,0xC5,0x10,
0xC5,0x10,0xC5,0x10,0xC5,0x10,0xC5,0x10,0xC5,0x10,0xC5,0x10,0xC5,0x10,0xC5,0x10,0xC5,0x10,0xC5,0x10,0xC5,0x10,0xC5,0x10,
0xC5,0x10,0xC5,0x10,0xC5,0x10,0xC5,0x10,0xC5,0x10,0xC5,0x10,0xC5,0x10,0xC5,0x10,0xC5,0x10,0xC5,0x10,0xC5,0x10,0xC5,0x10,
0xC5,0x10,0xC5,0x10,0xC5,0x10,0xC5,0x10,0xC5,0x10,0xC5,0x10,0xC5,0x10,0xC5,0x10,0xC5,0x10,0xC5,0x10,0xC5,0x10,0xC5,0x10,
0xC5,0x10,0xC5,0x10,0xC5,0x10,0xC5,0x10,0xC5,0x10,0xC5,0x10,0xC5,0x10,0xC5,0x10,0xC5,0x10,0xC5,0x10,0xC5,0x10,0xC5,0x10,
0xC5,0x10,0xC5,0x10,0xC5,0x10,0xC5,0x10,0xC5,0x10,0xC5,0x10,0xC5,0x10,0xC5,0x10,0xC5,0x10,0xC5,0x10,0xC5,0x10,0xC5,0x10,
0xC5,0x10,0xC5,0x10,0xC5,0x10,0xC5,0x10,0xC5,0x10,0xC5,0x10,0xC5,0x10,0xC5,0x10,0xC5,0x10,0xC5,0x10,0xC5,0x10,0xC5,0x10,
0xC5,0x10,0xC5,0x10,0xC5,0x10,0xC5,0x10,0xC5,0x10,0xC5,0x10,0xC5,0x10,0xC5,0x10,0xC5,0x10,0xC5,0x10,0xC5,0x10,0xC5,0x10,
0xC5,0x10,0xC5,0x10,0xC5,0x10,0xC5,0x10,0xC5,0x10,0xC5,0x10,0xC5,0x10,0xC5,0x10,0xC5,0x10,0xC5,0x10,0xC5,0x10,0xC5,0x10,
0xC5,0x10,0xC5,0x10,0xC5,0x10,0xC5,0x10,0xC5,0x10,0xC5,0x10,0xC5,0x10,0xC5,0x10,0xC5,0x10,0xC5,0x10,0xC5,0x10,0xC5,0x10,
0xC5,0x10,0xC5,0x10,0xC5,0x10,0xC5,0x10,0xC5,0x10,0xC5,0x10,0xC5,0x10,0xC5,0x10,0xC5,0x10,0xC5,0x10,0xC5,0x10,0xC5,0x10,
0xC5,0x10,0xC5,0x10,0xC5,0x10,0xC5,0x10,0xC5,0x10,0xC5,0x10,0xC5,0x10,0xC5,0x10,0xC5,0x10,0xC5,0x10,0xC5,0x10,0xC5,0x10,
0xC5,0x10,0xC5,0x10,0xC5,0x10,0xC5,0x10,0xC5,0x10,0xC5,0x10,0xC5,0x10,0xC5,0x10,0xC5,0x10,0xC5,0x10,0xC5,0x10,0xC5,0x10,
0xC5,0x10,0xC5,0x10,0xC5,0x10,0xC5,0x10,0xC5,0x10,0xC5,0x10,0xC5,0x10,0xC5,0x10,0xC5,0x10,0xC5,0x10,0xC5,0x10,0xC5,0x10,
0xC5,0x10,0xC5,0x10,0xC5,0x10,0xC5,0x10,0xC5,0x10,0xC5,0x10,0xC5,0x10,0xC5,0x10,0xC5,0x10,0xC5,0x10,0xC5,0x10,0xC5,0x10,
0xC5,0x10,0xC5,0x10,0xC5,0x10,0xC5,0x10,0xC5,0x10,0xC5,0x10,0xC5,0x10,0xC5,0x10,0xC5,0x10,0xC5,0x10,0xC5,0x10,0xC5,0x10,
0xC5,0x10,0xC5,0x10,0xC5,0x10,0xC5,0x10,0xC5,0x10,0xC5,0x10,0xC5,0x10,0xC5,0x10,0xC5,0x10,0xC5,0x10,0xC5,0x10,0xC5,0x10,
0xC5,0x10,0xC5,0x10,0xC5,0x10,0xC5,0x10,0xC5,0x10,0xC5,0x10,0xC5,0x10,0xC5,0x10,0xC5,0x10,0xC5,0x10,0xC5,0x10,0xC5,0x10,
0xC5,0x10,0xC5,0x10,0xC5,0x10,0xC5,0x10,0xC5,0x10,0xC5,0x10,0xC5,0x10,0xC5,0x10,0xC5,0x10,0xC5,0x10,0xC5,0x10,0xC5,0x10,
0xC5,0x10,0xC5,0x10,0xC5,0x10,0xC5,0x10,0xC5,0x10,0xC5,0x10,0xC5,0x10,0xC5,0x10,0xC5,0x10,0xC5,0x10,0xC5,0x10,0xC5,0x10,
0xC5,0x10,0xC5,0x10,0xC5,0x10,0xC5,0x10,0xC5,0x10,0xC5,0x10,0xC5,0x10,0xC5,0x10,0xC5,0x10,0xC5,0x10,0xC5,0x10,0xC5,0x10,
0xC5,0x10,0xC5,0x10,0xC5,0x10,0xC5,0x10,0xC5,0x10,0xC5,0x10,0xC5,0x10,0xC5,0x10,0xC5,0x10,0xC5,0x10,0xC5,0x10,0xC5,0x10,
0xC5,0x10,0xC5,0x10,0xC5,0x10,0xC5,0x10,0xC5,0x10,0xC5,0x10,0xC5,0x10,0xC5,0x10,0xC5,0x10,0xC5,0x10,0xC5,0x10,0xC5,0x10,
0xC5,0x10,0xC5,0x10,0xC5,0x10,0xC5,0x10,0xC5,0x10,0xC5,0x10,0xC5,0x10,0xC5,0x10,0xC5,0x10,0xC5,0x10,0xC5,0x10,0xC5,0x10,
0xC5,0x10,0xC5,0x10,0xC5,0x10,0xC5,0x10,0xC5,0x10,0xC5,0x10,0xC5,0x10,0xC5,0x10,0xC5,0x10,0xC5,0x10,0xC5,0x10,0xC5,0x10,
0xC5,0x10,0xC5,0x10,0xC5,0x10,0xC5,0x10,0xC5,0x10,0xC5,0x10,0xC5,0x10,0xC5,0x10,0xC5,0x10,0xC5,0x10,0xC5,0x10,0xC5,0x10,
0xC5,0x10,0xC5,0x10,0xC5,0x10,0xC5,0x10,0xC5,0x10,0xC5,0x10,0xC5,0x10,0xC5,0x10,0xC5,0x10,0xC5,0x10,0xC5,0x10,0xC5,0x10,
0xC5,0x10,0xC5,0x10,0xC5,0x10,0xC5,0x10,0xC5,0x10,0xC5,0x10,0xC5,0x10,0xC5,0x10,0xC5,0x10,0xC5,0x10,0xC5,0x10,0xC5,0x10,
0xC5,0x10,0xC5,0x10,0xC5,0x10,0xC5,0x10,0xC5,0x10,0xC5,0x10,0xC5,0x10,0xC5,0x10,0xC5,0x10,0xC5,0x10,0xC5,0x10,0xC5,0x10,
0xC5,0x10,0xC5,0x10,0xC5,0x10,0xC5,0x10,0xC5,0x10,0xC5,0x10,0xC5,0x10,0xC5,0x10,0xC5,0x10,0xC5,0x10,0xC5,0x10,0xC5,0x10,
0xC5,0x10,0xC5,0x10,0xC5,0x10,0xC5,0x10,0xC5,0x10,0xC5,0x10,0xC5,0x10,0xC5,0x10,0xC5,0x10,0xC5,0x10,0xC5,0x10,0xC5,0x10,
0xC5,0x10,0xC5,0x10,0xC5,0x10,0xC5,0x10,0xC5,0x10,0xC5,0x10,0xC5,0x10,0xC5,0x10,0xC5,0x10,0xC5,0x10,0xC5,0x10,0xC5,0x10,
0xC5,0x10,0xC5,0x10,0xC5,0x10,0xC5,0x10,0xC5,0x10,0xC5,0x10,0xC5,0x10,0xC5,0x10,0xC5,0x10,0xC5,0x10,0xC5,0x10,0xC5,0x10,
0xC5,0x10,0xC5,0x10,0xC5,0x10,0xC5,0x10,0xC5,0x10,0xC5,0x10,0xC5,0x10,0xC5,0x10,0xC5,0x10,0xC5,0x10,0xC5,0x10,0xC5,0x10,
0xC5,0x10,0xC5,0x10,0xC5,0x10,0xC5,0x10,0xC5,0x10,0xC5,0x10,0xC5,0x10,0xC5,0x10,0xAF,0x6B,0x9A,0xCE,0x92,0x8C,0x8B,0x42,
0xE5,0x10,0xC5,0x10,0xC5,0x10,0xC5,0x10,0xC5,0x10,0x26,0x19,0x11,0x7C,0x7A,0xCE,0xE5,0x10,0xC5,0x10,0xC5,0x10,0xC5,0x10,
0xC5,0x10,0xC5,0x10,0xC5,0x10,0xC5,0x10,0xC5,0x10,0xC5,0x10,0xC5,0x10,0xC5,0x10,0xC5,0x10,0xC5,0x10,0xC5,0x10,0xC5,0x10,
0xC5,0x10,0xC5,0x10,0xC5,0x10,0xC5,0x10,0xC5,0x10,0xC5,0x10,0xC5,0x10,0xC5,0x10,0xC5,0x10,0xC5,0x10,0xC5,0x10,0xC5,0x10,
0xC5,0x10,0xC5,0x10,0xC5,0x10,0xC5,0x10,0xC5,0x10,0xC5,0x10,0xC5,0x10,0xC5,0x10,0xC5,0x10,0xC5,0x10,0xC5,0x10,0xC5,0x10,
0xC5,0x10,0xC5,0x10,0xC5,0x10,0xC5,0x10,0xC5,0x10,0xC5,0x10,0xC5,0x10,0xC5,0x10,0xC5,0x10,0xC5,0x10,0xC5,0x10,0xC5,0x10,
0xC5,0x10,0xC5,0x10,0xC5,0x10,0xC5,0x10,0xC5,0x10,0xC5,0x10,0xC5,0x10,0xC5,0x10,0xC5,0x10,0xC5,0x10,0xC5,0x10,0xC5,0x10,
0xC5,0x10,0xC5,0x10,0xC5,0x10,0xC5,0x10,0xC5,0x10,0xC5,0x10,0xC5,0x10,0xC5,0x10,0xC5,0x10,0xC5,0x10,0xC5,0x10,0xC5,0x10,
0xC5,0x10,0xC5,0x10,0xC5,0x10,0xC5,0x10,0xC5,0x10,0xC5,0x10,0xC5,0x10,0xC5,0x10,0xC5,0x10,0xC5,0x10,0xC5,0x10,0xC5,0x10,
0xC5,0x10,0xC5,0x10,0xC5,0x10,0xC5,0x10,0xC5,0x10,0xC5,0x10,0xC5,0x10,0xC5,0x10,0xC5,0x10,0xC5,0x10,0xC5,0x10,0xC5,0x10,
0xC5,0x10,0xC5,0x10,0xC5,0x10,0xC5,0x10,0xC5,0x10,0xC5,0x10,0xC5,0x10,0xC5,0x10,0xC5,0x10,0xC5,0x10,0xC5,0x10,0xC5,0x10,
0xC5,0x10,0xC5,0x10,0xC5,0x10,0xC5,0x10,0xC5,0x10,0xC5,0x10,0xC5,0x10,0xC5,0x10,0xC5,0x10,0x92,0x8C,0x93,0x8C,0xC5,0x10,
0xC5,0x10,0xC5,0x10,0xC5,0x10,0xC5,0x10,0xD0,0x73,0xFF,0xFF,0xFF,0xFF,0x9E,0xF7,0x26,0x19,0xC5,0x10,0xC5,0x10,0xC5,0x10,
0xC5,0x10,0xAF,0x6B,0xFB,0xDE,0x76,0xAD,0x8F,0x6B,0xC5,0x10,0xC5,0x10,0xC5,0x10,0xC5,0x10,0xC5,0x10,0xC5,0x10,0xC5,0x10,
0xC5,0x10,0xC5,0x10,0xC5,0x10,0xC5,0x10,0xC5,0x10,0xC5,0x10,0xC5,0x10,0x06,0x11,0xFF,0xFF,0xFF,0xFF,0xFF,0xFF,0xDB,0xD6,
0xC5,0x10,0xC5,0x10,0xC5,0x10,0xC5,0x10,0xC5,0x10,0xC5,0x10,0xC5,0x10,0xC5,0x10,0xC5,0x10,0xC5,0x10,0xC5,0x10,0xC5,0x10,
0xC5,0x10,0x11,0x7C,0x55,0xA5,0x05,0x11,0xC5,0x10,0xC5,0x10,0xC5,0x10,0xC5,0x10,0xC5,0x10,0xC5,0x10,0xC5,0x10,0xC5,0x10,
0xC5,0x10,0xC5,0x10,0xC5,0x10,0xC5,0x10,0xC5,0x10,0xC5,0x10,0xC5,0x10,0xC5,0x10,0xED,0x52,0xFF,0xFF,0xFF,0xFF,0x96,0xAD,
0xC5,0x10,0xC5,0x10,0xC5,0x10,0xC5,0x10,0xC5,0x10,0xC5,0x10,0xC5,0x10,0xC5,0x10,0xC5,0x10,0xC5,0x10,0xC5,0x10,0xC5,0x10,
0xC5,0x10,0xC5,0x10,0xC5,0x10,0xC5,0x10,0xC5,0x10,0xC5,0x10,0xC5,0x10,0xC5,0x10,0xC5,0x10,0xC5,0x10,0xC5,0x10,0xC5,0x10,
0xC5,0x10,0xC5,0x10,0xC5,0x10,0xC5,0x10,0xC5,0x10,0xC5,0x10,0xC5,0x10,0xC5,0x10,0x18,0xBE,0xFF,0xFF,0xFF,0xFF,0x7E,0xEF,
0xE5,0x10,0xC5,0x10,0xC5,0x10,0xC5,0x10,0x05,0x11,0x5D,0xEF,0xFF,0xFF,0xFF,0xFF,0x6E,0x63,0xC5,0x10,0xC5,0x10,0xC5,0x10,
0xC5,0x10,0xC5,0x10,0xC5,0x10,0xC5,0x10,0xC5,0x10,0xC5,0x10,0xC5,0x10,0xC5,0x10,0xC5,0x10,0xC5,0x10,0xC5,0x10,0xC5,0x10,
0xC5,0x10,0xC5,0x10,0xC5,0x10,0xC5,0x10,0xC5,0x10,0xC5,0x10,0xC5,0x10,0xC5,0x10,0xC5,0x10,0xC5,0x10,0xC5,0x10,0xC5,0x10,
0xC5,0x10,0xC5,0x10,0xC5,0x10,0xC5,0x10,0xC5,0x10,0xC5,0x10,0xC5,0x10,0xC5,0x10,0xC5,0x10,0xC5,0x10,0xC5,0x10,0xC5,0x10,
0xC5,0x10,0xC5,0x10,0xC5,0x10,0xC5,0x10,0xC5,0x10,0xC5,0x10,0xC5,0x10,0xC5,0x10,0xC5,0x10,0xC5,0x10,0xC5,0x10,0xC5,0x10,
0xC5,0x10,0xC5,0x10,0xC5,0x10,0xC5,0x10,0xC5,0x10,0xC5,0x10,0xC5,0x10,0xC5,0x10,0xC5,0x10,0xC5,0x10,0xC5,0x10,0xC5,0x10,
0xC5,0x10,0xC5,0x10,0xC5,0x10,0xC5,0x10,0xC5,0x10,0xC5,0x10,0xC5,0x10,0xC5,0x10,0xC5,0x10,0xC5,0x10,0xC5,0x10,0xC5,0x10,
0xC5,0x10,0xC5,0x10,0xC5,0x10,0xC5,0x10,0xC5,0x10,0xC5,0x10,0xC5,0x10,0xC5,0x10,0xC5,0x10,0xC5,0x10,0xC5,0x10,0xC5,0x10,
0xC5,0x10,0xC5,0x10,0xC5,0x10,0xC5,0x10,0xC5,0x10,0xC5,0x10,0xC5,0x10,0xC5,0x10,0xC5,0x10,0xC5,0x10,0xC5,0x10,0xC5,0x10,
0xC5,0x10,0xC5,0x10,0xC5,0x10,0xC5,0x10,0xC5,0x10,0xC5,0x10,0xC5,0x10,0xC5,0x10,0xC5,0x10,0xC5,0x10,0xC5,0x10,0xC5,0x10,
0xC5,0x10,0xC5,0x10,0xC5,0x10,0xC5,0x10,0xC5,0x10,0xC5,0x10,0xC5,0x10,0xC5,0x10,0xB3,0x94,0xFF,0xFF,0xFF,0xFF,0xF4,0x9C,
0xE5,0x10,0xC5,0x10,0xC5,0x10,0xC5,0x10,0x59,0xCE,0xFF,0xFF,0xFF,0xFF,0xB3,0x94,0xC5,0x10,0xC5,0x10,0xC5,0x10,0xC5,0x10,
0xC5,0x10,0x76,0xAD,0xFF,0xFF,0xFF,0xFF,0x14,0x9D,0xC5,0x10,0xC5,0x10,0xC5,0x10,0xC5,0x10,0xC5,0x10,0xC5,0x10,0xC5,0x10,
0xC8,0x31,0x59,0xC6,0x4A,0x42,0xC5,0x10,0xC5,0x10,0xC5,0x10,0xC5,0x10,0x06,0x11,0xFF,0xFF,0xFF,0xFF,0xFF,0xFF,0xDB,0xD6,
0xC5,0x10,0xC5,0x10,0xC5,0x10,0xC5,0x10,0xC5,0x10,0xD0,0x73,0x35,0xA5,0x26,0x19,0xC5,0x10,0xC5,0x10,0xC5,0x10,0xC5,0x10,
0x11,0x7C,0xFF,0xFF,0xFF,0xFF,0x79,0xCE,0x67,0x21,0x46,0x19,0xFF,0xFF,0xFF,0xFF,0xFF,0xFF,0xFF,0xFF,0xFF,0xFF,0xFF,0xFF,
0xFF,0xFF,0xFF,0xFF,0xFF,0xFF,0xF8,0xBD,0xC5,0x10,0xC5,0x10,0xC5,0x10,0xC5,0x10,0xED,0x52,0xFF,0xFF,0xFF,0xFF,0x96,0xAD,
0xC5,0x10,0xC5,0x10,0x6B,0x42,0xFF,0xFF,0xFF,0xFF,0xFF,0xFF,0xFF,0xFF,0xFF,0xFF,0xFF,0xFF,0xFF,0xFF,0xFF,0xFF,0x35,0xA5,
0x8F,0x6B,0xFF,0xFF,0xFF,0xFF,0xFF,0xFF,0xFF,0xFF,0xFF,0xFF,0xFF,0xFF,0xFF,0xFF,0xFF,0xFF,0xFF,0xFF,0xFF,0xFF,0xFF,0xFF,
0xFF,0xFF,0xFF,0xFF,0x06,0x11,0xC5,0x10,0xC5,0x10,0xC5,0x10,0xC5,0x10,0x67,0x21,0xDF,0xFF,0xFF,0xFF,0xFF,0xFF,0x96,0xAD,
0xCC,0x52,0x55,0xA5,0x96,0xAD,0xC5,0x10,0xC5,0x10,0xB7,0xB5,0xFF,0xFF,0xFF,0xFF,0x9A,0xD6,0xC5,0x10,0xC5,0x10,0xC5,0x10,
0xB7,0xB5,0x18,0xBE,0x72,0x84,0x2A,0x3A,0xC5,0x10,0xC5,0x10,0xC5,0x10,0xC5,0x10,0xC5,0x10,0xC5,0x10,0xC5,0x10,0xC5,0x10,
0xC5,0x10,0xC5,0x10,0xC5,0x10,0xC5,0x10,0xC5,0x10,0xC5,0x10,0xC5,0x10,0xC5,0x10,0xC5,0x10,0xC5,0x10,0xC5,0x10,0xC5,0x10,
0xC5,0x10,0xC5,0x10,0xC5,0x10,0xC5,0x10,0xC5,0x10,0xC5,0x10,0xC5,0x10,0xC5,0x10,0xC5,0x10,0xC5,0x10,0xC5,0x10,0xC5,0x10,
0xC5,0x10,0xC5,0x10,0xC5,0x10,0xC5,0x10,0xC5,0x10,0xC5,0x10,0xC5,0x10,0xC5,0x10,0xC5,0x10,0xC5,0x10,0xC5,0x10,0xC5,0x10,
0xC5,0x10,0xC5,0x10,0xC5,0x10,0xC5,0x10,0xC5,0x10,0xC5,0x10,0xC5,0x10,0xC5,0x10,0xC5,0x10,0xC5,0x10,0xC5,0x10,0xC5,0x10,
0xC5,0x10,0xC5,0x10,0xC5,0x10,0xC5,0x10,0xC5,0x10,0xC5,0x10,0xC5,0x10,0xC5,0x10,0xC5,0x10,0xC5,0x10,0xC5,0x10,0xC5,0x10,
0xC5,0x10,0xC5,0x10,0xC5,0x10,0xC5,0x10,0xC5,0x10,0xC5,0x10,0xC5,0x10,0xC5,0x10,0xC5,0x10,0xC5,0x10,0xC5,0x10,0xC5,0x10,
0xC5,0x10,0xC5,0x10,0xC5,0x10,0xC5,0x10,0xC5,0x10,0xC5,0x10,0xC5,0x10,0xC5,0x10,0xC5,0x10,0xC5,0x10,0xC5,0x10,0xC5,0x10,
0xC5,0x10,0xC5,0x10,0xC5,0x10,0xC5,0x10,0xC5,0x10,0xC5,0x10,0xC5,0x10,0xC5,0x10,0xC5,0x10,0xC5,0x10,0xC5,0x10,0xC5,0x10,
0xC5,0x10,0xC5,0x10,0xC5,0x10,0xC5,0x10,0xC5,0x10,0xC5,0x10,0xC5,0x10,0xC5,0x10,0x93,0x8C,0xFF,0xFF,0xFF,0xFF,0xFF,0xFF,
0xF4,0x9C,0xC8,0x31,0xFF,0xFF,0xFF,0xFF,0xFF,0xFF,0xFF,0xFF,0xFF,0xFF,0xFF,0xFF,0xFF,0xFF,0xFF,0xFF,0x59,0xCE,0xC5,0x10,
0xC5,0x10,0x3C,0xE7,0xFF,0xFF,0xFF,0xFF,0x8B,0x4A,0xC5,0x10,0xC5,0x10,0xC5,0x10,0xC5,0x10,0xC5,0x10,0xC5,0x10,0x2D,0x5B,
0x9E,0xF7,0xFF,0xFF,0x7D,0xEF,0xE9,0x31,0xC5,0x10,0xC5,0x10,0xC5,0x10,0x06,0x11,0xFF,0xFF,0xFF,0xFF,0xFF,0xFF,0xDB,0xD6,
0xC5,0x10,0xC5,0x10,0xC5,0x10,0xC5,0x10,0x4A,0x3A,0xDF,0xFF,0xFF,0xFF,0xFB,0xDE,0x4A,0x42,0xC5,0x10,0xC5,0x10,0xC5,0x10,
0x56,0xA5,0xFF,0xFF,0xFF,0xFF,0xFF,0xFF,0xFB,0xDE,0x2A,0x3A,0xFF,0xFF,0xFF,0xFF,0xFF,0xFF,0xFF,0xFF,0xFF,0xFF,0xFF,0xFF,
0xFF,0xFF,0xFF,0xFF,0xFF,0xFF,0xF8,0xBD,0x87,0x21,0xFF,0xFF,0xFF,0xFF,0x52,0x84,0xED,0x52,0xFF,0xFF,0xFF,0xFF,0x96,0xAD,
0xC5,0x10,0xC5,0x10,0x6B,0x42,0xFF,0xFF,0xFF,0xFF,0xFF,0xFF,0xFF,0xFF,0xFF,0xFF,0xFF,0xFF,0xFF,0xFF,0xFF,0xFF,0x35,0xA5,
0x8F,0x6B,0xFF,0xFF,0xFF,0xFF,0xFF,0xFF,0xFF,0xFF,0xFF,0xFF,0xFF,0xFF,0xFF,0xFF,0xFF,0xFF,0xFF,0xFF,0xFF,0xFF,0xFF,0xFF,
0xFF,0xFF,0xFF,0xFF,0x06,0x11,0xC5,0x10,0xC5,0x10,0xC5,0x10,0xC5,0x10,0xD0,0x73,0xFF,0xFF,0xFF,0xFF,0xFF,0xFF,0x59,0xC6,
0xFF,0xFF,0xFF,0xFF,0x9E,0xF7,0xE5,0x10,0xC5,0x10,0xCC,0x52,0xFF,0xFF,0xFF,0xFF,0xFF,0xFF,0x6B,0x42,0xC5,0x10,0xC5,0x10,
0x5D,0xEF,0xFF,0xFF,0xFF,0xFF,0x72,0x84,0xC5,0x10,0xC5,0x10,0xC5,0x10,0xC5,0x10,0xC5,0x10,0xC5,0x10,0xC5,0x10,0xC5,0x10,
0xC5,0x10,0xC5,0x10,0xC5,0x10,0xC5,0x10,0xC5,0x10,0xC5,0x10,0xC5,0x10,0xC5,0x10,0xC5,0x10,0xC5,0x10,0xC5,0x10,0xC5,0x10,
0xC5,0x10,0xC5,0x10,0xC5,0x10,0xC5,0x10,0xC5,0x10,0xC5,0x10,0xC5,0x10,0xC5,0x10,0xC5,0x10,0xC5,0x10,0xC5,0x10,0xC5,0x10,
0xC5,0x10,0xC5,0x10,0xC5,0x10,0xC5,0x10,0xC5,0x10,0xC5,0x10,0xC5,0x10,0xC5,0x10,0xC5,0x10,0xC5,0x10,0xC5,0x10,0xC5,0x10,
0xC5,0x10,0xC5,0x10,0xC5,0x10,0xC5,0x10,0xC5,0x10,0xC5,0x10,0xC5,0x10,0xC5,0x10,0xC5,0x10,0xC5,0x10,0xC5,0x10,0xC5,0x10,
0xC5,0x10,0xC5,0x10,0xC5,0x10,0xC5,0x10,0xC5,0x10,0xC5,0x10,0xC5,0x10,0xC5,0x10,0xC5,0x10,0xC5,0x10,0xC5,0x10,0xC5,0x10,
0xC5,0x10,0xC5,0x10,0xC5,0x10,0xC5,0x10,0xC5,0x10,0xC5,0x10,0xC5,0x10,0xC5,0x10,0xC5,0x10,0xC5,0x10,0xC5,0x10,0xC5,0x10,
0xC5,0x10,0xC5,0x10,0xC5,0x10,0xC5,0x10,0xC5,0x10,0xC5,0x10,0xC5,0x10,0xC5,0x10,0xC5,0x10,0xC5,0x10,0xC5,0x10,0xC5,0x10,
0xC5,0x10,0xC5,0x10,0xC5,0x10,0xC5,0x10,0xC5,0x10,0xC5,0x10,0xC5,0x10,0xC5,0x10,0xC5,0x10,0xC5,0x10,0xC5,0x10,0xC5,0x10,
0xC5,0x10,0xC5,0x10,0xC5,0x10,0xC5,0x10,0xC5,0x10,0xC5,0x10,0xC5,0x10,0xC5,0x10,0xC5,0x10,0x35,0xA5,0xFF,0xFF,0xFF,0xFF,
0xFF,0xFF,0x55,0xA5,0xFF,0xFF,0xFF,0xFF,0xFF,0xFF,0xFF,0xFF,0xFF,0xFF,0xFF,0xFF,0xFF,0xFF,0xFF,0xFF,0x59,0xCE,0xC5,0x10,
0x09,0x32,0xFF,0xFF,0xFF,0xFF,0x3C,0xE7,0xE5,0x10,0xC5,0x10,0xC5,0x10,0xC5,0x10,0xC5,0x10,0xC5,0x10,0xE5,0x10,0x9A,0xCE,
0xFF,0xFF,0xFF,0xFF,0xFF,0xFF,0x1C,0xDF,0x67,0x21,0xC5,0x10,0xC5,0x10,0x06,0x11,0xFF,0xFF,0xFF,0xFF,0xFF,0xFF,0xDB,0xD6,
0xC5,0x10,0xC5,0x10,0xC5,0x10,0x67,0x21,0x3C,0xE7,0xFF,0xFF,0xFF,0xFF,0xFF,0xFF,0x5D,0xE7,0x06,0x19,0xC5,0x10,0xC5,0x10,
0xE5,0x10,0x96,0xAD,0xFF,0xFF,0xFF,0xFF,0xFF,0xFF,0x96,0xAD,0xFF,0xFF,0xFF,0xFF,0x7D,0xEF,0x9A,0xCE,0x9A,0xCE,0x9A,0xCE,
0x9A,0xCE,0xFF,0xFF,0xFF,0xFF,0xF8,0xBD,0x87,0x21,0xFF,0xFF,0xFF,0xFF,0x52,0x84,0xED,0x52,0xFF,0xFF,0xFF,0xFF,0x96,0xAD,
0xC5,0x10,0xC5,0x10,0x6B,0x42,0xFF,0xFF,0xFF,0xFF,0xFF,0xFF,0xFF,0xFF,0xFF,0xFF,0xFF,0xFF,0xFF,0xFF,0xFF,0xFF,0x35,0xA5,
0x8F,0x6B,0xFF,0xFF,0xFF,0xFF,0xFF,0xFF,0xFF,0xFF,0xFF,0xFF,0xFF,0xFF,0xFF,0xFF,0xFF,0xFF,0xFF,0xFF,0xFF,0xFF,0xFF,0xFF,
0xFF,0xFF,0xFF,0xFF,0x06,0x11,0xC5,0x10,0xC5,0x10,0xC5,0x10,0xC5,0x10,0xBB,0xD6,0xFF,0xFF,0xFF,0xFF,0xDF,0xFF,0xAC,0x4A,
0xFF,0xFF,0xFF,0xFF,0xFF,0xFF,0x09,0x32,0xC5,0x10,0xE5,0x10,0x1C,0xDF,0xFF,0xFF,0xFF,0xFF,0x35,0xA5,0xC5,0x10,0x47,0x21,
0xFF,0xFF,0xFF,0xFF,0xFF,0xFF,0x2E,0x63,0xC5,0x10,0xC5,0x10,0xC5,0x10,0xC5,0x10,0xC5,0x10,0xC5,0x10,0xC5,0x10,0xC5,0x10,
0xC5,0x10,0xC5,0x10,0xC5,0x10,0xC5,0x10,0xC5,0x10,0xC5,0x10,0xC5,0x10,0xC5,0x10,0xC5,0x10,0xC5,0x10,0xC5,0x10,0xC5,0x10,
0xC5,0x10,0xC5,0x10,0xC5,0x10,0xC5,0x10,0xC5,0x10,0xC5,0x10,0xC5,0x10,0xC5,0x10,0xC5,0x10,0xC5,0x10,0xC5,0x10,0xC5,0x10,
0xC5,0x10,0xC5,0x10,0xC5,0x10,0xC5,0x10,0xC5,0x10,0xC5,0x10,0xC5,0x10,0xC5,0x10,0xC5,0x10,0xC5,0x10,0xC5,0x10,0xC5,0x10,
0xC5,0x10,0xC5,0x10,0xC5,0x10,0xC5,0x10,0xC5,0x10,0xC5,0x10,0xC5,0x10,0xC5,0x10,0xC5,0x10,0xC5,0x10,0xC5,0x10,0xC5,0x10,
0xC5,0x10,0xC5,0x10,0xC5,0x10,0xC5,0x10,0xC5,0x10,0xC5,0x10,0xC5,0x10,0xC5,0x10,0xC5,0x10,0xC5,0x10,0xC5,0x10,0xC5,0x10,
0xC5,0x10,0xC5,0x10,0xC5,0x10,0xC5,0x10,0xC5,0x10,0xC5,0x10,0xC5,0x10,0xC5,0x10,0xC5,0x10,0xC5,0x10,0xC5,0x10,0xC5,0x10,
0xC5,0x10,0xC5,0x10,0xC5,0x10,0xC5,0x10,0xC5,0x10,0xC5,0x10,0xC5,0x10,0xC5,0x10,0xC5,0x10,0xC5,0x10,0xC5,0x10,0xC5,0x10,
0xC5,0x10,0xC5,0x10,0xC5,0x10,0xC5,0x10,0xC5,0x10,0xC5,0x10,0xC5,0x10,0xC5,0x10,0xC5,0x10,0xC5,0x10,0xC5,0x10,0xC5,0x10,
0xC5,0x10,0xC5,0x10,0xC5,0x10,0xC5,0x10,0xC5,0x10,0xC5,0x10,0xC5,0x10,0xC5,0x10,0xC5,0x10,0xE5,0x10,0xF8,0xBD,0xFF,0xFF,
0x5D,0xE7,0xCC,0x52,0xFF,0xFF,0xFF,0xFF,0x59,0xC6,0xCC,0x52,0xCC,0x52,0x2D,0x5B,0xFF,0xFF,0xFF,0xFF,0x59,0xCE,0xC5,0x10,
0x11,0x7C,0xFF,0xFF,0xFF,0xFF,0xFF,0xFF,0xFF,0xFF,0xFF,0xFF,0xFF,0xFF,0xFF,0xFF,0xD3,0x94,0xC5,0x10,0xC5,0x10,0x88,0x29,
0x5D,0xE7,0xFF,0xFF,0xFF,0xFF,0xFF,0xFF,0x7A,0xCE,0x06,0x19,0xC5,0x10,0x06,0x11,0xFF,0xFF,0xFF,0xFF,0xFF,0xFF,0xDB,0xD6,
0xC5,0x10,0xC5,0x10,0x06,0x11,0x59,0xCE,0xFF,0xFF,0xFF,0xFF,0xFF,0xFF,0xDF,0xFF,0x6B,0x42,0xC5,0x10,0xC5,0x10,0xC5,0x10,
0xC5,0x10,0xE5,0x10,0xF8,0xBD,0xFF,0xFF,0xBB,0xD6,0x88,0x29,0xFF,0xFF,0xFF,0xFF,0xF4,0x9C,0xC5,0x10,0xC5,0x10,0xC5,0x10,
0xC5,0x10,0x9E,0xF7,0xFF,0xFF,0xF8,0xBD,0x87,0x21,0xFF,0xFF,0xFF,0xFF,0x52,0x84,0xED,0x52,0xFF,0xFF,0xFF,0xFF,0x96,0xAD,
0xC5,0x10,0xC5,0x10,0x6B,0x42,0xFF,0xFF,0xFF,0xFF,0x9E,0xF7,0xAB,0x4A,0xAB,0x4A,0x76,0xAD,0xFF,0xFF,0xFF,0xFF,0x35,0xA5,
0x8F,0x6B,0xFF,0xFF,0xFF,0xFF,0xFF,0xFF,0x09,0x3A,0x09,0x3A,0x09,0x3A,0x09,0x3A,0x09,0x3A,0x09,0x3A,0x09,0x3A,0x09,0x3A,
0x09,0x3A,0x09,0x3A,0xE5,0x10,0xC5,0x10,0xC5,0x10,0xC5,0x10,0x8B,0x42,0xFF,0xFF,0xFF,0xFF,0xFF,0xFF,0xD7,0xB5,0xE5,0x10,
0x9E,0xF7,0xFF,0xFF,0xFF,0xFF,0x8F,0x6B,0xC5,0x10,0xC5,0x10,0x72,0x8C,0xFF,0xFF,0xFF,0xFF,0x9E,0xF7,0x26,0x19,0x8B,0x4A,
0xFF,0xFF,0xFF,0xFF,0xFF,0xFF,0x09,0x32,0xC5,0x10,0xC5,0x10,0xC5,0x10,0xC5,0x10,0xC5,0x10,0xC5,0x10,0xC5,0x10,0xC5,0x10,
0xC5,0x10,0xC5,0x10,0xC5,0x10,0xC5,0x10,0xC5,0x10,0xC5,0x10,0xC5,0x10,0xC5,0x10,0xC5,0x10,0xC5,0x10,0xC5,0x10,0xC5,0x10,
0xC5,0x10,0xC5,0x10,0xC5,0x10,0xC5,0x10,0xC5,0x10,0xC5,0x10,0xC5,0x10,0xC5,0x10,0xC5,0x10,0xC5,0x10,0xC5,0x10,0xC5,0x10,
0xC5,0x10,0xC5,0x10,0xC5,0x10,0xC5,0x10,0xC5,0x10,0xC5,0x10,0xC5,0x10,0xC5,0x10,0xC5,0x10,0xC5,0x10,0xC5,0x10,0xC5,0x10,
0xC5,0x10,0xC5,0x10,0xC5,0x10,0xC5,0x10,0xC5,0x10,0xC5,0x10,0xC5,0x10,0xC5,0x10,0xC5,0x10,0xC5,0x10,0xC5,0x10,0xC5,0x10,
0xC5,0x10,0xC5,0x10,0xC5,0x10,0xC5,0x10,0xC5,0x10,0xC5,0x10,0xC5,0x10,0xC5,0x10,0xC5,0x10,0xC5,0x10,0xC5,0x10,0xC5,0x10,
0xC5,0x10,0xC5,0x10,0xC5,0x10,0xC5,0x10,0xC5,0x10,0xC5,0x10,0xC5,0x10,0xC5,0x10,0xC5,0x10,0xC5,0x10,0xC5,0x10,0xC5,0x10,
0xC5,0x10,0xC5,0x10,0xC5,0x10,0xC5,0x10,0xC5,0x10,0xC5,0x10,0xC5,0x10,0xC5,0x10,0xC5,0x10,0xC5,0x10,0xC5,0x10,0xC5,0x10,
0xC5,0x10,0xC5,0x10,0xC5,0x10,0xC5,0x10,0xC5,0x10,0xC5,0x10,0xC5,0x10,0xC5,0x10,0xC5,0x10,0xC5,0x10,0xC5,0x10,0xC5,0x10,
0xC5,0x10,0xC5,0x10,0xC5,0x10,0xC5,0x10,0xC5,0x10,0xC5,0x10,0xC5,0x10,0xC5,0x10,0xC5,0x10,0xC5,0x10,0x26,0x19,0xF8,0xBD,
0xE9,0x31,0xC8,0x31,0xFF,0xFF,0xFF,0xFF,0xB7,0xB5,0xC5,0x10,0xC5,0x10,0x67,0x21,0xFF,0xFF,0xFF,0xFF,0x59,0xCE,0xC5,0x10,
0x59,0xC6,0xFF,0xFF,0xFF,0xFF,0xFF,0xFF,0xFF,0xFF,0xFF,0xFF,0xFF,0xFF,0xFF,0xFF,0xD3,0x94,0xC5,0x10,0xC5,0x10,0xC5,0x10,
0x4A,0x42,0xBE,0xF7,0xFF,0xFF,0xFF,0xFF,0xFF,0xFF,0x96,0xAD,0xC5,0x10,0x06,0x11,0xFF,0xFF,0xFF,0xFF,0xFF,0xFF,0xDB,0xD6,
0xC5,0x10,0xE5,0x10,0xB7,0xB5,0xFF,0xFF,0xFF,0xFF,0xFF,0xFF,0xFF,0xFF,0x4E,0x63,0xC5,0x10,0xC5,0x10,0xC5,0x10,0xC5,0x10,
0xC5,0x10,0xC5,0x10,0x26,0x19,0xD7,0xB5,0xC8,0x29,0x46,0x19,0xFF,0xFF,0xFF,0xFF,0xF4,0x9C,0xC5,0x10,0xC5,0x10,0xC5,0x10,
0xC5,0x10,0x9E,0xF7,0xFF,0xFF,0xF8,0xBD,0x87,0x21,0xFF,0xFF,0xFF,0xFF,0x52,0x84,0xED,0x52,0xFF,0xFF,0xFF,0xFF,0x96,0xAD,
0xC5,0x10,0xC5,0x10,0x6B,0x42,0xFF,0xFF,0xFF,0xFF,0x7D,0xEF,0xC5,0x10,0xC5,0x10,0xB3,0x8C,0xFF,0xFF,0xFF,0xFF,0x35,0xA5,
0x8F,0x6B,0xFF,0xFF,0xFF,0xFF,0xFF,0xFF,0xC5,0x10,0xC5,0x10,0xC5,0x10,0xC5,0x10,0xC5,0x10,0xC5,0x10,0xC5,0x10,0xC5,0x10,
0xC5,0x10,0xC5,0x10,0xC5,0x10,0xC5,0x10,0xC5,0x10,0xC5,0x10,0x96,0xAD,0xFF,0xFF,0xFF,0xFF,0xFF,0xFF,0x0D,0x5B,0xC5,0x10,
0x18,0xBE,0xFF,0xFF,0xFF,0xFF,0x55,0xA5,0xC5,0x10,0xC5,0x10,0xE9,0x31,0xFF,0xFF,0xFF,0xFF,0xFC,0xDE,0xC8,0x31,0x11,0x7C,
0xFF,0xFF,0xFF,0xFF,0xDF,0xFF,0xE5,0x10,0xC5,0x10,0xC5,0x10,0xC5,0x10,0xC5,0x10,0xC5,0x10,0xC5,0x10,0xC5,0x10,0xC5,0x10,
0xC5,0x10,0xC5,0x10,0xC5,0x10,0xC5,0x10,0xC5,0x10,0xC5,0x10,0xC5,0x10,0xC5,0x10,0xC5,0x10,0xC5,0x10,0xC5,0x10,0xC5,0x10,
0xC5,0x10,0xC5,0x10,0xC5,0x10,0xC5,0x10,0xC5,0x10,0xC5,0x10,0xC5,0x10,0xC5,0x10,0xC5,0x10,0xC5,0x10,0xC5,0x10,0xC5,0x10,
0xC5,0x10,0xC5,0x10,0xC5,0x10,0xC5,0x10,0xC5,0x10,0xC5,0x10,0xC5,0x10,0xC5,0x10,0xC5,0x10,0xC5,0x10,0xC5,0x10,0xC5,0x10,
0xC5,0x10,0xC5,0x10,0xC5,0x10,0xC5,0x10,0xC5,0x10,0xC5,0x10,0xC5,0x10,0xC5,0x10,0xC5,0x10,0xC5,0x10,0xC5,0x10,0xC5,0x10,
0xC5,0x10,0xC5,0x10,0xC5,0x10,0xC5,0x10,0xC5,0x10,0xC5,0x10,0xC5,0x10,0xC5,0x10,0xC5,0x10,0xC5,0x10,0xC5,0x10,0xC5,0x10,
0xC5,0x10,0xC5,0x10,0xC5,0x10,0xC5,0x10,0xC5,0x10,0xC5,0x10,0xC5,0x10,0xC5,0x10,0xC5,0x10,0xC5,0x10,0xC5,0x10,0xC5,0x10,
0xC5,0x10,0xC5,0x10,0xC5,0x10,0xC5,0x10,0xC5,0x10,0xC5,0x10,0xC5,0x10,0xC5,0x10,0xC5,0x10,0xC5,0x10,0xC5,0x10,0xC5,0x10,
0xC5,0x10,0xC5,0x10,0xC5,0x10,0xC5,0x10,0xC5,0x10,0xC5,0x10,0xC5,0x10,0xC5,0x10,0xC5,0x10,0xC5,0x10,0xC5,0x10,0xC5,0x10,
0xC5,0x10,0xC5,0x10,0xC5,0x10,0xC5,0x10,0xC5,0x10,0xC5,0x10,0xC5,0x10,0xC5,0x10,0xC5,0x10,0xC5,0x10,0xC5,0x10,0xC5,0x10,
0xC5,0x10,0xC8,0x31,0xFF,0xFF,0xFF,0xFF,0xFF,0xFF,0xFF,0xFF,0xFF,0xFF,0xFF,0xFF,0xFF,0xFF,0xFF,0xFF,0x59,0xCE,0xA8,0x29,
0xFF,0xFF,0xFF,0xFF,0xFF,0xFF,0xFF,0xFF,0xFF,0xFF,0xFF,0xFF,0xFF,0xFF,0xFF,0xFF,0xD3,0x94,0xC5,0x10,0xC5,0x10,0xC5,0x10,
0xC5,0x10,0x8F,0x6B,0xFF,0xFF,0xFF,0xFF,0xFF,0xFF,0xFF,0xFF,0x6F,0x6B,0x06,0x11,0xFF,0xFF,0xFF,0xFF,0xFF,0xFF,0xDB,0xD6,
0xC5,0x10,0x52,0x84,0xFF,0xFF,0xFF,0xFF,0xFF,0xFF,0xFF,0xFF,0x11,0x7C,0xC5,0x10,0xC5,0x10,0xC5,0x10,0xC5,0x10,0xC5,0x10,
0xC5,0x10,0xC5,0x10,0xC5,0x10,0xC5,0x10,0xC5,0x10,0x46,0x19,0xFF,0xFF,0xFF,0xFF,0xF4,0x9C,0x6E,0x63,0xFF,0xFF,0xDF,0xFF,
0xC5,0x10,0x9E,0xF7,0xFF,0xFF,0xF8,0xBD,0x87,0x21,0xFF,0xFF,0xFF,0xFF,0x52,0x84,0xED,0x52,0xFF,0xFF,0xFF,0xFF,0x96,0xAD,
0xC5,0x10,0xC5,0x10,0x6B,0x42,0xFF,0xFF,0xFF,0xFF,0x7D,0xEF,0xC5,0x10,0xC5,0x10,0xB3,0x8C,0xFF,0xFF,0xFF,0xFF,0x35,0xA5,
0x8F,0x6B,0xFF,0xFF,0xFF,0xFF,0xFF,0xFF,0xC5,0x10,0xC5,0x10,0xC5,0x10,0xC5,0x10,0xC5,0x10,0xC5,0x10,0xC5,0x10,0xC5,0x10,
0xC5,0x10,0xC5,0x10,0xC5,0x10,0xC5,0x10,0xC5,0x10,0x09,0x3A,0xFF,0xFF,0xFF,0xFF,0xFF,0xFF,0x7E,0xEF,0x05,0x11,0xC5,0x10,
0x52,0x84,0xFF,0xFF,0xFF,0xFF,0x7D,0xEF,0xE5,0x10,0xC5,0x10,0xC5,0x10,0xD7,0xB5,0xAF,0x73,0xE5,0x10,0xC5,0x10,0x18,0xBE,
0xFF,0xFF,0xFF,0xFF,0xBA,0xD6,0xC5,0x10,0xC5,0x10,0xC5,0x10,0xC5,0x10,0xC5,0x10,0xC5,0x10,0xC5,0x10,0xC5,0x10,0xC5,0x10,
0xC5,0x10,0xC5,0x10,0xC5,0x10,0xC5,0x10,0xC5,0x10,0xC5,0x10,0xC5,0x10,0xC5,0x10,0xC5,0x10,0xC5,0x10,0xC5,0x10,0xC5,0x10,
0xC5,0x10,0xC5,0x10,0xC5,0x10,0xC5,0x10,0xC5,0x10,0xC5,0x10,0xC5,0x10,0xC5,0x10,0xC5,0x10,0xC5,0x10,0xC5,0x10,0xC5,0x10,
0xC5,0x10,0xC5,0x10,0xC5,0x10,0xC5,0x10,0xC5,0x10,0xC5,0x10,0xC5,0x10,0xC5,0x10,0xC5,0x10,0xC5,0x10,0xC5,0x10,0xC5,0x10,
0xC5,0x10,0xC5,0x10,0xC5,0x10,0xC5,0x10,0xC5,0x10,0xC5,0x10,0xC5,0x10,0xC5,0x10,0xC5,0x10,0xC5,0x10,0xC5,0x10,0xC5,0x10,
0xC5,0x10,0xC5,0x10,0xC5,0x10,0xC5,0x10,0xC5,0x10,0xC5,0x10,0xC5,0x10,0xC5,0x10,0xC5,0x10,0xC5,0x10,0xC5,0x10,0xC5,0x10,
0xC5,0x10,0xC5,0x10,0xC5,0x10,0xC5,0x10,0xC5,0x10,0xC5,0x10,0xC5,0x10,0xC5,0x10,0xC5,0x10,0xC5,0x10,0xC5,0x10,0xC5,0x10,
0xC5,0x10,0xC5,0x10,0xC5,0x10,0xC5,0x10,0xC5,0x10,0xC5,0x10,0xC5,0x10,0xC5,0x10,0xC5,0x10,0xC5,0x10,0xC5,0x10,0xC5,0x10,
0xC5,0x10,0xC5,0x10,0xC5,0x10,0xC5,0x10,0xC5,0x10,0xC5,0x10,0xC5,0x10,0xC5,0x10,0xC5,0x10,0xC5,0x10,0xC5,0x10,0xC5,0x10,
0xC5,0x10,0xC5,0x10,0xC5,0x10,0xC5,0x10,0xC5,0x10,0xC5,0x10,0xC5,0x10,0xC5,0x10,0x2A,0x3A,0x18,0xBE,0x47,0x21,0xC5,0x10,
0xC5,0x10,0xC8,0x31,0xFF,0xFF,0xFF,0xFF,0x7D,0xEF,0x39,0xC6,0x39,0xC6,0x59,0xCE,0xFF,0xFF,0xFF,0xFF,0x59,0xCE,0x31,0x84,
0xFF,0xFF,0xFF,0xFF,0x76,0xAD,0xE5,0x10,0x6B,0x42,0xFF,0xFF,0xFF,0xFF,0x76,0xAD,0xE5,0x10,0xC5,0x10,0xC5,0x10,0xC5,0x10,
0xC5,0x10,0xC5,0x10,0x35,0xA5,0xFF,0xFF,0xFF,0xFF,0x93,0x8C,0xE5,0x10,0x06,0x11,0xFF,0xFF,0xFF,0xFF,0xFF,0xFF,0xDB,0xD6,
0xC5,0x10,0x06,0x19,0xB7,0xB5,0xFF,0xFF,0xFF,0xFF,0x93,0x8C,0xC5,0x10,0xC5,0x10,0xC5,0x10,0xC5,0x10,0xC5,0x10,0xC5,0x10,
0xC8,0x31,0x59,0xCE,0x09,0x32,0xC5,0x10,0xC5,0x10,0x46,0x19,0xFF,0xFF,0xFF,0xFF,0xF4,0x9C,0x6E,0x63,0xFF,0xFF,0xDF,0xFF,
0xC5,0x10,0x9E,0xF7,0xFF,0xFF,0xF8,0xBD,0x87,0x21,0xFF,0xFF,0xFF,0xFF,0x52,0x84,0xED,0x52,0xFF,0xFF,0xFF,0xFF,0x96,0xAD,
0xC5,0x10,0xC5,0x10,0x6B,0x42,0xFF,0xFF,0xFF,0xFF,0x7D,0xEF,0xC5,0x10,0xC5,0x10,0xB3,0x8C,0xFF,0xFF,0xFF,0xFF,0x35,0xA5,
0x8F,0x6B,0xFF,0xFF,0xFF,0xFF,0xFF,0xFF,0xC5,0x10,0xC5,0x10,0xC5,0x10,0xC5,0x10,0xC5,0x10,0xC5,0x10,0xC5,0x10,0xC5,0x10,
0xC5,0x10,0xC5,0x10,0xC5,0x10,0xC5,0x10,0xC5,0x10,0x97,0xAD,0xFF,0xFF,0xFF,0xFF,0xFF,0xFF,0x39,0xC6,0xC5,0x10,0xC5,0x10,
0x4A,0x3A,0xFF,0xFF,0xFF,0xFF,0xFF,0xFF,0x6B,0x42,0xC5,0x10,0xC5,0x10,0xC5,0x10,0xC5,0x10,0xC5,0x10,0x06,0x19,0xDF,0xFF,
0xFF,0xFF,0xFF,0xFF,0xB3,0x94,0xC5,0x10,0xC5,0x10,0xC5,0x10,0xC5,0x10,0xC5,0x10,0xC5,0x10,0xC5,0x10,0xC5,0x10,0xC5,0x10,
0xC5,0x10,0xC5,0x10,0xC5,0x10,0xC5,0x10,0xC5,0x10,0xC5,0x10,0xC5,0x10,0xC5,0x10,0xC5,0x10,0xC5,0x10,0xC5,0x10,0xC5,0x10,
0xC5,0x10,0xC5,0x10,0xC5,0x10,0xC5,0x10,0xC5,0x10,0xC5,0x10,0xC5,0x10,0xC5,0x10,0xC5,0x10,0xC5,0x10,0xC5,0x10,0xC5,0x10,
0xC5,0x10,0xC5,0x10,0xC5,0x10,0xC5,0x10,0xC5,0x10,0xC5,0x10,0xC5,0x10,0xC5,0x10,0xC5,0x10,0xC5,0x10,0xC5,0x10,0xC5,0x10,
0xC5,0x10,0xC5,0x10,0xC5,0x10,0xC5,0x10,0xC5,0x10,0xC5,0x10,0xC5,0x10,0xC5,0x10,0xC5,0x10,0xC5,0x10,0xC5,0x10,0xC5,0x10,
0xC5,0x10,0xC5,0x10,0xC5,0x10,0xC5,0x10,0xC5,0x10,0xC5,0x10,0xC5,0x10,0xC5,0x10,0xC5,0x10,0xC5,0x10,0xC5,0x10,0xC5,0x10,
0xC5,0x10,0xC5,0x10,0xC5,0x10,0xC5,0x10,0xC5,0x10,0xC5,0x10,0xC5,0x10,0xC5,0x10,0xC5,0x10,0xC5,0x10,0xC5,0x10,0xC5,0x10,
0xC5,0x10,0xC5,0x10,0xC5,0x10,0xC5,0x10,0xC5,0x10,0xC5,0x10,0xC5,0x10,0xC5,0x10,0xC5,0x10,0xC5,0x10,0xC5,0x10,0xC5,0x10,
0xC5,0x10,0xC5,0x10,0xC5,0x10,0xC5,0x10,0xC5,0x10,0xC5,0x10,0xC5,0x10,0xC5,0x10,0xC5,0x10,0xC5,0x10,0xC5,0x10,0xC5,0x10,
0xC5,0x10,0xC5,0x10,0xC5,0x10,0xC5,0x10,0xC5,0x10,0xC5,0x10,0xC5,0x10,0xC8,0x31,0x5D,0xEF,0xFF,0xFF,0xDB,0xD6,0x87,0x29,
0xC5,0x10,0xC8,0x31,0xFF,0xFF,0xFF,0xFF,0xB7,0xB5,0xC5,0x10,0xC5,0x10,0x67,0x21,0xFF,0xFF,0xFF,0xFF,0x7A,0xCE,0x3C,0xE7,
0xFF,0xFF,0xFF,0xFF,0xB7,0xB5,0xC5,0x10,0xEC,0x52,0xFF,0xFF,0xFF,0xFF,0xD4,0x94,0xC5,0x10,0xC5,0x10,0xC5,0x10,0xC5,0x10,
0xC5,0x10,0xC5,0x10,0x06,0x11,0x18,0xBE,0xEC,0x52,0xC5,0x10,0xC5,0x10,0x06,0x11,0xFF,0xFF,0xFF,0xFF,0xFF,0xFF,0xDB,0xD6,
0xC5,0x10,0xC5,0x10,0xE5,0x10,0xB3,0x8C,0xB3,0x94,0xC5,0x10,0xC5,0x10,0xC5,0x10,0xC5,0x10,0xC5,0x10,0xC5,0x10,0xA8,0x29,
0x3C,0xE7,0xFF,0xFF,0x9E,0xF7,0xEC,0x52,0xC5,0x10,0x46,0x19,0xFF,0xFF,0xFF,0xFF,0xF4,0x9C,0x6E,0x63,0xFF,0xFF,0xDF,0xFF,
0xC5,0x10,0x9E,0xF7,0xFF,0xFF,0xF8,0xBD,0x87,0x21,0xFF,0xFF,0xFF,0xFF,0x52,0x84,0xED,0x52,0xFF,0xFF,0xFF,0xFF,0x96,0xAD,
0xC5,0x10,0xC5,0x10,0x6B,0x42,0xFF,0xFF,0xFF,0xFF,0xFF,0xFF,0xFF,0xFF,0xFF,0xFF,0xFF,0xFF,0xFF,0xFF,0xFF,0xFF,0x35,0xA5,
0x8F,0x6B,0xFF,0xFF,0xFF,0xFF,0xFF,0xFF,0xFF,0xFF,0xFF,0xFF,0xFF,0xFF,0xFF,0xFF,0xFF,0xFF,0xFF,0xFF,0xFF,0xFF,0xFF,0xFF,
0xFF,0xFF,0x6B,0x42,0xC5,0x10,0xC5,0x10,0x4A,0x42,0xFF,0xFF,0xFF,0xFF,0xFF,0xFF,0xFF,0xFF,0x39,0xC6,0xC5,0x10,0xC5,0x10,
0xC5,0x10,0x1C,0xE7,0xFF,0xFF,0xFF,0xFF,0x93,0x8C,0xC5,0x10,0xC5,0x10,0xC5,0x10,0xC5,0x10,0xC5,0x10,0xCC,0x52,0xFF,0xFF,
0xFF,0xFF,0xFF,0xFF,0xAC,0x4A,0xC5,0x10,0xC5,0x10,0xC5,0x10,0xC5,0x10,0xC5,0x10,0xC5,0x10,0xC5,0x10,0xC5,0x10,0xC5,0x10,
0xC5,0x10,0xC5,0x10,0xC5,0x10,0xC5,0x10,0xC5,0x10,0xC5,0x10,0xC5,0x10,0xC5,0x10,0xC5,0x10,0xC5,0x10,0xC5,0x10,0xC5,0x10,
0xC5,0x10,0xC5,0x10,0xC5,0x10,0xC5,0x10,0xC5,0x10,0xC5,0x10,0xC5,0x10,0xC5,0x10,0xC5,0x10,0xC5,0x10,0xC5,0x10,0xC5,0x10,
0xC5,0x10,0xC5,0x10,0xC5,0x10,0xC5,0x10,0xC5,0x10,0xC5,0x10,0xC5,0x10,0xC5,0x10,0xC5,0x10,0xC5,0x10,0xC5,0x10,0xC5,0x10,
0xC5,0x10,0xC5,0x10,0xC5,0x10,0xC5,0x10,0xC5,0x10,0xC5,0x10,0xC5,0x10,0xC5,0x10,0xC5,0x10,0xC5,0x10,0xC5,0x10,0xC5,0x10,
0xC5,0x10,0xC5,0x10,0xC5,0x10,0xC5,0x10,0xC5,0x10,0xC5,0x10,0xC5,0x10,0xC5,0x10,0xC5,0x10,0xC5,0x10,0xC5,0x10,0xC5,0x10,
0xC5,0x10,0xC5,0x10,0xC5,0x10,0xC5,0x10,0xC5,0x10,0xC5,0x10,0xC5,0x10,0xC5,0x10,0xC5,0x10,0xC5,0x10,0xC5,0x10,0xC5,0x10,
0xC5,0x10,0xC5,0x10,0xC5,0x10,0xC5,0x10,0xC5,0x10,0xC5,0x10,0xC5,0x10,0xC5,0x10,0xC5,0x10,0xC5,0x10,0xC5,0x10,0xC5,0x10,
0xC5,0x10,0xC5,0x10,0xC5,0x10,0xC5,0x10,0xC5,0x10,0xC5,0x10,0xC5,0x10,0xC5,0x10,0xC5,0x10,0xC5,0x10,0xC5,0x10,0xC5,0x10,
0xC5,0x10,0xC5,0x10,0xC5,0x10,0xC5,0x10,0xC5,0x10,0xC5,0x10,0xC5,0x10,0x0D,0x5B,0xFF,0xFF,0xFF,0xFF,0xFF,0xFF,0xFB,0xDE,
0x87,0x21,0xC8,0x31,0xFF,0xFF,0xFF,0xFF,0xB7,0xB5,0xC5,0x10,0xC5,0x10,0x67,0x21,0xFF,0xFF,0xFF,0xFF,0xDF,0xFF,0xFF,0xFF,
0xFF,0xFF,0xFF,0xFF,0x18,0xC6,0xC5,0x10,0x6E,0x63,0xFF,0xFF,0xFF,0xFF,0x51,0x84,0xC5,0x10,0xC5,0x10,0xC5,0x10,0xC5,0x10,
0xC5,0x10,0xC5,0x10,0xC5,0x10,0xC5,0x10,0xC5,0x10,0xC5,0x10,0xC5,0x10,0x06,0x11,0xFF,0xFF,0xFF,0xFF,0xFF,0xFF,0xDB,0xD6,
0xC5,0x10,0xC5,0x10,0xC5,0x10,0xC5,0x10,0xC5,0x10,0xC5,0x10,0xC5,0x10,0xC5,0x10,0xC5,0x10,0xC5,0x10,0xC5,0x10,0xEC,0x52,
0xDF,0xFF,0xFF,0xFF,0xFF,0xFF,0xDF,0xFF,0x6F,0x6B,0x46,0x19,0xFF,0xFF,0xFF,0xFF,0xF4,0x9C,0x6E,0x63,0xFF,0xFF,0xDF,0xFF,
0xC5,0x10,0x9E,0xF7,0xFF,0xFF,0xF8,0xBD,0x87,0x21,0xFF,0xFF,0xFF,0xFF,0x52,0x84,0xED,0x52,0xFF,0xFF,0xFF,0xFF,0x96,0xAD,
0xC5,0x10,0xC5,0x10,0x6B,0x42,0xFF,0xFF,0xFF,0xFF,0xFF,0xFF,0xFF,0xFF,0xFF,0xFF,0xFF,0xFF,0xFF,0xFF,0xFF,0xFF,0x35,0xA5,
0x8F,0x6B,0xFF,0xFF,0xFF,0xFF,0xFF,0xFF,0xFF,0xFF,0xFF,0xFF,0xFF,0xFF,0xFF,0xFF,0xFF,0xFF,0xFF,0xFF,0xFF,0xFF,0xFF,0xFF,
0xFF,0xFF,0x6B,0x42,0xC5,0x10,0xE5,0x10,0x9A,0xCE,0xFF,0xFF,0xFF,0xFF,0xFF,0xFF,0xFF,0xFF,0x39,0xC6,0xC5,0x10,0xC5,0x10,
0xC5,0x10,0xF4,0x94,0xFF,0xFF,0xFF,0xFF,0x1C,0xE7,0xE5,0x10,0xC5,0x10,0xC5,0x10,0xC5,0x10,0xC5,0x10,0x56,0xA5,0xFF,0xFF,
0xFF,0xFF,0xBE,0xF7,0x05,0x11,0xC5,0x10,0xC5,0x10,0xC5,0x10,0xC5,0x10,0xC5,0x10,0xC5,0x10,0xC5,0x10,0xC5,0x10,0xC5,0x10,
0xC5,0x10,0xC5,0x10,0xC5,0x10,0xC5,0x10,0xC5,0x10,0xC5,0x10,0xC5,0x10,0xC5,0x10,0xC5,0x10,0xC5,0x10,0xC5,0x10,0xC5,0x10,
0xC5,0x10,0xC5,0x10,0xC5,0x10,0xC5,0x10,0xC5,0x10,0xC5,0x10,0xC5,0x10,0xC5,0x10,0xC5,0x10,0xC5,0x10,0xC5,0x10,0xC5,0x10,
0xC5,0x10,0xC5,0x10,0xC5,0x10,0xC5,0x10,0xC5,0x10,0xC5,0x10,0xC5,0x10,0xC5,0x10,0xC5,0x10,0xC5,0x10,0xC5,0x10,0xC5,0x10,
0xC5,0x10,0xC5,0x10,0xC5,0x10,0xC5,0x10,0xC5,0x10,0xC5,0x10,0xC5,0x10,0xC5,0x10,0xC5,0x10,0xC5,0x10,0xC5,0x10,0xC5,0x10,
0xC5,0x10,0xC5,0x10,0xC5,0x10,0xC5,0x10,0xC5,0x10,0xC5,0x10,0xC5,0x10,0xC5,0x10,0xC5,0x10,0xC5,0x10,0xC5,0x10,0xC5,0x10,
0xC5,0x10,0xC5,0x10,0xC5,0x10,0xC5,0x10,0xC5,0x10,0xC5,0x10,0xC5,0x10,0xC5,0x10,0xC5,0x10,0xC5,0x10,0xC5,0x10,0xC5,0x10,
0xC5,0x10,0xC5,0x10,0xC5,0x10,0xC5,0x10,0xC5,0x10,0xC5,0x10,0xC5,0x10,0xC5,0x10,0xC5,0x10,0xC5,0x10,0xC5,0x10,0xC5,0x10,
0xC5,0x10,0xC5,0x10,0xC5,0x10,0xC5,0x10,0xC5,0x10,0xC5,0x10,0xC5,0x10,0xC5,0x10,0xC5,0x10,0xC5,0x10,0xC5,0x10,0xC5,0x10,
0xC5,0x10,0xC5,0x10,0xC5,0x10,0xC5,0x10,0xC5,0x10,0xC5,0x10,0xC5,0x10,0xC5,0x10,0x6E,0x63,0xFF,0xFF,0xFF,0xFF,0xFF,0xFF,
0xDB,0xD6,0xE9,0x31,0xFF,0xFF,0xFF,0xFF,0xFF,0xFF,0xFF,0xFF,0xFF,0xFF,0xFF,0xFF,0xFF,0xFF,0xFF,0xFF,0xFF,0xFF,0xFF,0xFF,
0xFF,0xFF,0xFF,0xFF,0xDB,0xD6,0xC5,0x10,0x11,0x7C,0xFF,0xFF,0xFF,0xFF,0x8F,0x6B,0xC5,0x10,0x8B,0x4A,0xFF,0xFF,0xFF,0xFF,
0xFF,0xFF,0xFF,0xFF,0xFF,0xFF,0xFF,0xFF,0xFF,0xFF,0xFF,0xFF,0xFF,0xFF,0xFF,0xFF,0xFF,0xFF,0xFF,0xFF,0xFF,0xFF,0xFF,0xFF,
0xFF,0xFF,0xFF,0xFF,0xFF,0xFF,0xFF,0xFF,0xFF,0xFF,0xFF,0xFF,0xFF,0xFF,0xFF,0xFF,0xFF,0xFF,0xFF,0xFF,0x8B,0x4A,0xC5,0x10,
0x0D,0x5B,0xDF,0xFF,0xFF,0xFF,0xFF,0xFF,0xFF,0xFF,0xCC,0x52,0xFF,0xFF,0xFF,0xFF,0xF4,0x9C,0x6E,0x63,0xFF,0xFF,0xDF,0xFF,
0xC5,0x10,0x9E,0xF7,0xFF,0xFF,0xF8,0xBD,0x87,0x21,0xFF,0xFF,0xFF,0xFF,0x52,0x84,0xED,0x52,0xFF,0xFF,0xFF,0xFF,0x96,0xAD,
0xC5,0x10,0xC5,0x10,0x2A,0x3A,0xFB,0xDE,0xFB,0xDE,0xFB,0xDE,0xBE,0xF7,0xFF,0xFF,0xFF,0xFF,0x5D,0xEF,0xFB,0xDE,0x92,0x8C,
0x8F,0x6B,0xFF,0xFF,0xFF,0xFF,0xFF,0xFF,0xFF,0xFF,0xFF,0xFF,0xFF,0xFF,0xFF,0xFF,0xFF,0xFF,0xFF,0xFF,0xFF,0xFF,0xFF,0xFF,
0xFF,0xFF,0x6B,0x42,0xC5,0x10,0xAF,0x73,0xFF,0xFF,0xFF,0xFF,0xFF,0xFF,0xFF,0xFF,0xFF,0xFF,0x39,0xC6,0xC5,0x10,0xC5,0x10,
0xC5,0x10,0x8B,0x4A,0xFF,0xFF,0xFF,0xFF,0xFF,0xFF,0xCC,0x52,0xC5,0x10,0xC5,0x10,0xC5,0x10,0x46,0x19,0xBE,0xF7,0xFF,0xFF,
0xFF,0xFF,0xD7,0xB5,0xC5,0x10,0xC5,0x10,0xC5,0x10,0xC5,0x10,0xC5,0x10,0xC5,0x10,0xC5,0x10,0xC5,0x10,0xC5,0x10,0xC5,0x10,
0xC5,0x10,0xC5,0x10,0xC5,0x10,0xC5,0x10,0xC5,0x10,0xC5,0x10,0xC5,0x10,0xC5,0x10,0xC5,0x10,0xC5,0x10,0xC5,0x10,0xC5,0x10,
0xC5,0x10,0xC5,0x10,0xC5,0x10,0xC5,0x10,0xC5,0x10,0xC5,0x10,0xC5,0x10,0xC5,0x10,0xC5,0x10,0xC5,0x10,0xC5,0x10,0xC5,0x10,
0xC5,0x10,0xC5,0x10,0xC5,0x10,0xC5,0x10,0xC5,0x10,0xC5,0x10,0xC5,0x10,0xC5,0x10,0xC5,0x10,0xC5,0x10,0xC5,0x10,0xC5,0x10,
0xC5,0x10,0xC5,0x10,0xC5,0x10,0xC5,0x10,0xC5,0x10,0xC5,0x10,0xC5,0x10,0xC5,0x10,0xC5,0x10,0xC5,0x10,0xC5,0x10,0xC5,0x10,
0xC5,0x10,0xC5,0x10,0xC5,0x10,0xC5,0x10,0xC5,0x10,0xC5,0x10,0xC5,0x10,0xC5,0x10,0xC5,0x10,0xC5,0x10,0xC5,0x10,0xC5,0x10,
0xC5,0x10,0xC5,0x10,0xC5,0x10,0xC5,0x10,0xC5,0x10,0xC5,0x10,0xC5,0x10,0xC5,0x10,0xC5,0x10,0xC5,0x10,0xC5,0x10,0xC5,0x10,
0xC5,0x10,0xC5,0x10,0xC5,0x10,0xC5,0x10,0xC5,0x10,0xC5,0x10,0xC5,0x10,0xC5,0x10,0xC5,0x10,0xC5,0x10,0xC5,0x10,0xC5,0x10,
0xC5,0x10,0xC5,0x10,0xC5,0x10,0xC5,0x10,0xC5,0x10,0xC5,0x10,0xC5,0x10,0xC5,0x10,0xC5,0x10,0xC5,0x10,0xC5,0x10,0xC5,0x10,
0xC5,0x10,0xC5,0x10,0xC5,0x10,0xC5,0x10,0xC5,0x10,0xC5,0x10,0xC5,0x10,0xC5,0x10,0xC5,0x10,0xAF,0x73,0xFF,0xFF,0xFF,0xFF,
0xAF,0x6B,0xC8,0x31,0xFF,0xFF,0xFF,0xFF,0xFF,0xFF,0xFF,0xFF,0xFF,0xFF,0xFF,0xFF,0xFF,0xFF,0xFF,0xFF,0xBE,0xF7,0xFF,0xFF,
0xBE,0xF7,0xFF,0xFF,0x9E,0xEF,0xC5,0x10,0xB3,0x8C,0xFF,0xFF,0xFF,0xFF,0x8B,0x4A,0xC5,0x10,0x8B,0x4A,0xFF,0xFF,0xFF,0xFF,
0xFF,0xFF,0xFF,0xFF,0xFF,0xFF,0xFF,0xFF,0xFF,0xFF,0xFF,0xFF,0xFF,0xFF,0xFF,0xFF,0xFF,0xFF,0xFF,0xFF,0xFF,0xFF,0xFF,0xFF,
0xFF,0xFF,0xFF,0xFF,0xFF,0xFF,0xFF,0xFF,0xFF,0xFF,0xFF,0xFF,0xFF,0xFF,0xFF,0xFF,0xFF,0xFF,0xFF,0xFF,0x8B,0x4A,0xC5,0x10,
0xC5,0x10,0x0D,0x5B,0xDF,0xFF,0xFF,0xFF,0xB3,0x94,0x46,0x19,0xFF,0xFF,0xFF,0xFF,0xF4,0x9C,0x6E,0x63,0xFF,0xFF,0xDF,0xFF,
0xC5,0x10,0x9E,0xF7,0xFF,0xFF,0xF8,0xBD,0x87,0x21,0xFF,0xFF,0xFF,0xFF,0x52,0x84,0xED,0x52,0xFF,0xFF,0xFF,0xFF,0x96,0xAD,
0xC5,0x10,0xC5,0x10,0xC5,0x10,0xC5,0x10,0xC5,0x10,0xC5,0x10,0x59,0xCE,0xFF,0xFF,0xFF,0xFF,0x8F,0x6B,0xC5,0x10,0xC5,0x10,
0x8F,0x6B,0xFF,0xFF,0xFF,0xFF,0xFF,0xFF,0xC8,0x29,0xC8,0x29,0xC8,0x29,0xC8,0x29,0xC8,0x29,0x8B,0x4A,0xFF,0xFF,0xFF,0xFF,
0xFF,0xFF,0x6B,0x42,0xC5,0x10,0xB3,0x94,0xFF,0xFF,0xFF,0xFF,0xFF,0xFF,0xFF,0xFF,0xFF,0xFF,0x39,0xC6,0xC5,0x10,0xC5,0x10,
0xC5,0x10,0xE5,0x10,0xFB,0xDE,0xFF,0xFF,0xFF,0xFF,0xB7,0xB5,0xC5,0x10,0xC5,0x10,0xC5,0x10,0xF0,0x73,0xFF,0xFF,0xFF,0xFF,
0xFF,0xFF,0x0D,0x5B,0xC5,0x10,0xC5,0x10,0xC5,0x10,0xC5,0x10,0xC5,0x10,0xC5,0x10,0xC5,0x10,0xC5,0x10,0xC5,0x10,0xC5,0x10,
0xC5,0x10,0xC5,0x10,0xC5,0x10,0xC5,0x10,0xC5,0x10,0xC5,0x10,0xC5,0x10,0xC5,0x10,0xC5,0x10,0xC5,0x10,0xC5,0x10,0xC5,0x10,
0xC5,0x10,0xC5,0x10,0xC5,0x10,0xC5,0x10,0xC5,0x10,0xC5,0x10,0xC5,0x10,0xC5,0x10,0xC5,0x10,0xC5,0x10,0xC5,0x10,0xC5,0x10,
0xC5,0x10,0xC5,0x10,0xC5,0x10,0xC5,0x10,0xC5,0x10,0xC5,0x10,0xC5,0x10,0xC5,0x10,0xC5,0x10,0xC5,0x10,0xC5,0x10,0xC5,0x10,
0xC5,0x10,0xC5,0x10,0xC5,0x10,0xC5,0x10,0xC5,0x10,0xC5,0x10,0xC5,0x10,0xC5,0x10,0xC5,0x10,0xC5,0x10,0xC5,0x10,0xC5,0x10,
0xC5,0x10,0xC5,0x10,0xC5,0x10,0xC5,0x10,0xC5,0x10,0xC5,0x10,0xC5,0x10,0xC5,0x10,0xC5,0x10,0xC5,0x10,0xC5,0x10,0xC5,0x10,
0xC5,0x10,0xC5,0x10,0xC5,0x10,0xC5,0x10,0xC5,0x10,0xC5,0x10,0xC5,0x10,0xC5,0x10,0xC5,0x10,0xC5,0x10,0xC5,0x10,0xC5,0x10,
0xC5,0x10,0xC5,0x10,0xC5,0x10,0xC5,0x10,0xC5,0x10,0xC5,0x10,0xC5,0x10,0xC5,0x10,0xC5,0x10,0xC5,0x10,0xC5,0x10,0xC5,0x10,
0xC5,0x10,0xC5,0x10,0xC5,0x10,0xC5,0x10,0xC5,0x10,0xC5,0x10,0xC5,0x10,0xC5,0x10,0xC5,0x10,0xC5,0x10,0xC5,0x10,0xC5,0x10,
0xC5,0x10,0xC5,0x10,0xC5,0x10,0xC5,0x10,0xC5,0x10,0xC5,0x10,0xC5,0x10,0xC5,0x10,0xC5,0x10,0xC5,0x10,0x11,0x7C,0x31,0x84,
0xC5,0x10,0x06,0x19,0xCC,0x52,0xCC,0x52,0xCC,0x52,0xCC,0x52,0xCC,0x52,0xCC,0x52,0xCC,0x52,0xCC,0x52,0x4A,0x42,0xD7,0xBD,
0x52,0x84,0xFF,0xFF,0xFF,0xFF,0x67,0x21,0xF8,0xBD,0xFF,0xFF,0xFF,0xFF,0x67,0x21,0xC5,0x10,0x8B,0x4A,0xFF,0xFF,0xFF,0xFF,
0xFF,0xFF,0xFF,0xFF,0xFF,0xFF,0xFF,0xFF,0xFF,0xFF,0xFF,0xFF,0xFF,0xFF,0xFF,0xFF,0xFF,0xFF,0xFF,0xFF,0xFF,0xFF,0xFF,0xFF,
0xFF,0xFF,0xFF,0xFF,0xFF,0xFF,0xFF,0xFF,0xFF,0xFF,0xFF,0xFF,0xFF,0xFF,0xFF,0xFF,0xFF,0xFF,0xFF,0xFF,0x8B,0x4A,0xC5,0x10,
0xC5,0x10,0xC5,0x10,0x2D,0x5B,0x35,0xA5,0xC5,0x10,0x46,0x19,0xFF,0xFF,0xFF,0xFF,0xF4,0x9C,0x6F,0x6B,0xFF,0xFF,0xDF,0xFF,
0xC5,0x10,0x9E,0xF7,0xFF,0xFF,0xF8,0xBD,0x87,0x21,0xFF,0xFF,0xFF,0xFF,0x52,0x84,0xED,0x52,0xFF,0xFF,0xFF,0xFF,0x96,0xAD,
0xC5,0x10,0xC5,0x10,0x18,0xC6,0xFF,0xFF,0xBB,0xD6,0xC5,0x10,0x59,0xCE,0xFF,0xFF,0xFF,0xFF,0x8F,0x6B,0xC5,0x10,0xC5,0x10,
0x8F,0x6B,0xFF,0xFF,0xFF,0xFF,0xFF,0xFF,0xC5,0x10,0xC5,0x10,0xC5,0x10,0xC5,0x10,0xC5,0x10,0xC8,0x29,0xFF,0xFF,0xFF,0xFF,
0xFF,0xFF,0x6B,0x42,0xC5,0x10,0x6E,0x63,0xFF,0xFF,0xFF,0xFF,0xDF,0xFF,0xFF,0xFF,0xFF,0xFF,0x39,0xC6,0xC5,0x10,0xC5,0x10,
0xC5,0x10,0xC5,0x10,0xF0,0x7B,0xFF,0xFF,0xFF,0xFF,0xDF,0xFF,0xC8,0x29,0xC5,0x10,0xE5,0x10,0xFC,0xDE,0xFF,0xFF,0xFF,0xFF,
0x3C,0xE7,0xE5,0x10,0xC5,0x10,0xC5,0x10,0xC5,0x10,0xC5,0x10,0xC5,0x10,0xC5,0x10,0xC5,0x10,0xC5,0x10,0xC5,0x10,0xC5,0x10,
0xC5,0x10,0xC5,0x10,0xC5,0x10,0xC5,0x10,0xC5,0x10,0xC5,0x10,0xC5,0x10,0xC5,0x10,0xC5,0x10,0xC5,0x10,0xC5,0x10,0xC5,0x10,
0xC5,0x10,0xC5,0x10,0xC5,0x10,0xC5,0x10,0xC5,0x10,0xC5,0x10,0xC5,0x10,0xC5,0x10,0xC5,0x10,0xC5,0x10,0xC5,0x10,0xC5,0x10,
0xC5,0x10,0xC5,0x10,0xC5,0x10,0xC5,0x10,0xC5,0x10,0xC5,0x10,0xC5,0x10,0xC5,0x10,0xC5,0x10,0xC5,0x10,0xC5,0x10,0xC5,0x10,
0xC5,0x10,0xC5,0x10,0xC5,0x10,0xC5,0x10,0xC5,0x10,0xC5,0x10,0xC5,0x10,0xC5,0x10,0xC5,0x10,0xC5,0x10,0xC5,0x10,0xC5,0x10,
0xC5,0x10,0xC5,0x10,0xC5,0x10,0xC5,0x10,0xC5,0x10,0xC5,0x10,0xC5,0x10,0xC5,0x10,0xC5,0x10,0xC5,0x10,0xC5,0x10,0xC5,0x10,
0xC5,0x10,0xC5,0x10,0xC5,0x10,0xC5,0x10,0xC5,0x10,0xC5,0x10,0xC5,0x10,0xC5,0x10,0xC5,0x10,0xC5,0x10,0xC5,0x10,0xC5,0x10,
0xC5,0x10,0xC5,0x10,0xC5,0x10,0xC5,0x10,0xC5,0x10,0xC5,0x10,0xC5,0x10,0xC5,0x10,0xC5,0x10,0xC5,0x10,0xC5,0x10,0xC5,0x10,
0xC5,0x10,0xC5,0x10,0xC5,0x10,0xC5,0x10,0xC5,0x10,0xC5,0x10,0xC5,0x10,0xC5,0x10,0xC5,0x10,0xC5,0x10,0xC5,0x10,0xC5,0x10,
0xC5,0x10,0xC5,0x10,0xC5,0x10,0xC5,0x10,0xC5,0x10,0xC5,0x10,0xC5,0x10,0xC5,0x10,0xC5,0x10,0xC5,0x10,0xC5,0x10,0xC5,0x10,
0xC5,0x10,0xC5,0x10,0xC5,0x10,0xC5,0x10,0x11,0x7C,0xFF,0xFF,0xFF,0xFF,0x39,0xC6,0xC5,0x10,0xC5,0x10,0xC5,0x10,0x06,0x11,
0xAC,0x4A,0xFF,0xFF,0xFF,0xFF,0x8B,0x42,0x5D,0xEF,0xFF,0xFF,0x7D,0xEF,0xC5,0x10,0xC5,0x10,0xA8,0x29,0xB3,0x8C,0xB3,0x8C,
0xB3,0x8C,0xB3,0x8C,0xB3,0x8C,0xB3,0x94,0xFF,0xFF,0xFF,0xFF,0xFF,0xFF,0xFF,0xFF,0xB3,0x8C,0xB3,0x8C,0xB3,0x94,0xFF,0xFF,
0xFF,0xFF,0xFF,0xFF,0x3C,0xE7,0xB3,0x8C,0xB3,0x8C,0xB3,0x8C,0xB3,0x8C,0xB3,0x8C,0xB3,0x8C,0xB3,0x8C,0xA8,0x29,0xC5,0x10,
0xC5,0x10,0xC5,0x10,0xC5,0x10,0xC5,0x10,0xC5,0x10,0x46,0x19,0xFF,0xFF,0xFF,0xFF,0xF4,0x9C,0xAF,0x73,0xFF,0xFF,0x9E,0xF7,
0xC5,0x10,0x9E,0xF7,0xFF,0xFF,0xF8,0xBD,0x87,0x21,0xFF,0xFF,0xFF,0xFF,0x52,0x84,0xED,0x52,0xFF,0xFF,0xFF,0xFF,0x96,0xAD,
0xC5,0x10,0xC5,0x10,0x18,0xC6,0xFF,0xFF,0xBB,0xD6,0xC5,0x10,0x59,0xCE,0xFF,0xFF,0xFF,0xFF,0x8F,0x6B,0xC5,0x10,0xC5,0x10,
0x8F,0x6B,0xFF,0xFF,0xFF,0xFF,0xFF,0xFF,0xC5,0x10,0xC5,0x10,0xC5,0x10,0xC5,0x10,0xC5,0x10,0xC8,0x29,0xFF,0xFF,0xFF,0xFF,
0xFF,0xFF,0x6B,0x42,0xC5,0x10,0x2A,0x3A,0xFF,0xFF,0x5D,0xE7,0x35,0xA5,0xFF,0xFF,0xFF,0xFF,0x39,0xC6,0xC5,0x10,0xC5,0x10,
0xC5,0x10,0xC5,0x10,0x46,0x19,0xBE,0xF7,0xFF,0xFF,0xFF,0xFF,0x76,0xAD,0xC5,0x10,0xF0,0x73,0xFF,0xFF,0xFF,0xFF,0xFF,0xFF,
0x52,0x84,0xC5,0x10,0xC5,0x10,0xC5,0x10,0xC5,0x10,0xC5,0x10,0xC5,0x10,0xC5,0x10,0xC5,0x10,0xC5,0x10,0xC5,0x10,0xC5,0x10,
0xC5,0x10,0xC5,0x10,0xC5,0x10,0xC5,0x10,0xC5,0x10,0xC5,0x10,0xC5,0x10,0xC5,0x10,0xC5,0x10,0xC5,0x10,0xC5,0x10,0xC5,0x10,
0xC5,0x10,0xC5,0x10,0xC5,0x10,0xC5,0x10,0xC5,0x10,0xC5,0x10,0xC5,0x10,0xC5,0x10,0xC5,0x10,0xC5,0x10,0xC5,0x10,0xC5,0x10,
0xC5,0x10,0xC5,0x10,0xC5,0x10,0xC5,0x10,0xC5,0x10,0xC5,0x10,0xC5,0x10,0xC5,0x10,0xC5,0x10,0xC5,0x10,0xC5,0x10,0xC5,0x10,
0xC5,0x10,0xC5,0x10,0xC5,0x10,0xC5,0x10,0xC5,0x10,0xC5,0x10,0xC5,0x10,0xC5,0x10,0xC5,0x10,0xC5,0x10,0xC5,0x10,0xC5,0x10,
0xC5,0x10,0xC5,0x10,0xC5,0x10,0xC5,0x10,0xC5,0x10,0xC5,0x10,0xC5,0x10,0xC5,0x10,0xC5,0x10,0xC5,0x10,0xC5,0x10,0xC5,0x10,
0xC5,0x10,0xC5,0x10,0xC5,0x10,0xC5,0x10,0xC5,0x10,0xC5,0x10,0xC5,0x10,0xC5,0x10,0xC5,0x10,0xC5,0x10,0xC5,0x10,0xC5,0x10,
0xC5,0x10,0xC5,0x10,0xC5,0x10,0xC5,0x10,0xC5,0x10,0xC5,0x10,0xC5,0x10,0xC5,0x10,0xC5,0x10,0xC5,0x10,0xC5,0x10,0xC5,0x10,
0xC5,0x10,0xC5,0x10,0xC5,0x10,0xC5,0x10,0xC5,0x10,0xC5,0x10,0xC5,0x10,0xC5,0x10,0xC5,0x10,0xC5,0x10,0xC5,0x10,0xC5,0x10,
0xC5,0x10,0xC5,0x10,0xC5,0x10,0xC5,0x10,0xC5,0x10,0xC5,0x10,0xC5,0x10,0xC5,0x10,0xC5,0x10,0xC5,0x10,0xC5,0x10,0xC5,0x10,
0xC5,0x10,0xC5,0x10,0xC5,0x10,0xC5,0x10,0x09,0x3A,0xFF,0xFF,0xFF,0xFF,0x9E,0xEF,0xC5,0x10,0xC5,0x10,0xC5,0x10,0xC5,0x10,
0xA8,0x29,0xFF,0xFF,0xFF,0xFF,0x93,0x8C,0xFF,0xFF,0xFF,0xFF,0xF8,0xBD,0xC5,0x10,0xC5,0x10,0xC5,0x10,0xC5,0x10,0xC5,0x10,
0xC5,0x10,0xC5,0x10,0xC5,0x10,0x26,0x19,0xFF,0xFF,0xFF,0xFF,0xFF,0xFF,0x9E,0xEF,0xC5,0x10,0xC5,0x10,0xE5,0x10,0xFF,0xFF,
0xFF,0xFF,0xFF,0xFF,0x39,0xC6,0xC5,0x10,0xC5,0x10,0xC5,0x10,0xC5,0x10,0xC5,0x10,0xC5,0x10,0xC5,0x10,0xC5,0x10,0xC5,0x10,
0xC5,0x10,0xC5,0x10,0xD7,0xBD,0x93,0x8C,0xE9,0x31,0x46,0x19,0xFF,0xFF,0xFF,0xFF,0xF4,0x9C,0x31,0x7C,0xFF,0xFF,0x7D,0xEF,
0xC5,0x10,0x9E,0xF7,0xFF,0xFF,0xF8,0xBD,0x87,0x21,0xFF,0xFF,0xFF,0xFF,0x52,0x84,0xED,0x52,0xFF,0xFF,0xFF,0xFF,0x96,0xAD,
0xC5,0x10,0xC5,0x10,0x18,0xC6,0xFF,0xFF,0xBB,0xD6,0xC5,0x10,0x59,0xCE,0xFF,0xFF,0xFF,0xFF,0xFF,0xFF,0xFF,0xFF,0x6E,0x63,
0x8F,0x6B,0xFF,0xFF,0xFF,0xFF,0xFF,0xFF,0xC5,0x10,0xC5,0x10,0xC5,0x10,0xC5,0x10,0xC5,0x10,0xC8,0x29,0xFF,0xFF,0xFF,0xFF,
0xFF,0xFF,0x6B,0x42,0xC5,0x10,0xE5,0x10,0xDF,0xFF,0xEC,0x52,0xD3,0x94,0xFF,0xFF,0xFF,0xFF,0x39,0xC6,0xC5,0x10,0xC5,0x10,
0xC5,0x10,0xC5,0x10,0xC5,0x10,0xF4,0x9C,0xFF,0xFF,0xFF,0xFF,0xFF,0xFF,0x8B,0x4A,0x7D,0xEF,0xFF,0xFF,0xFF,0xFF,0xBE,0xF7,
0x87,0x21,0xC5,0x10,0xC5,0x10,0xC5,0x10,0xC5,0x10,0xC5,0x10,0xC5,0x10,0xC5,0x10,0xC5,0x10,0xC5,0x10,0xC5,0x10,0xC5,0x10,
0xC5,0x10,0xC5,0x10,0xC5,0x10,0xC5,0x10,0xC5,0x10,0xC5,0x10,0xC5,0x10,0xC5,0x10,0xC5,0x10,0xC5,0x10,0xC5,0x10,0xC5,0x10,
0xC5,0x10,0xC5,0x10,0xC5,0x10,0xC5,0x10,0xC5,0x10,0xC5,0x10,0xC5,0x10,0xC5,0x10,0xC5,0x10,0xC5,0x10,0xC5,0x10,0xC5,0x10,
0xC5,0x10,0xC5,0x10,0xC5,0x10,0xC5,0x10,0xC5,0x10,0xC5,0x10,0xC5,0x10,0xC5,0x10,0xC5,0x10,0xC5,0x10,0xC5,0x10,0xC5,0x10,
0xC5,0x10,0xC5,0x10,0xC5,0x10,0xC5,0x10,0xC5,0x10,0xC5,0x10,0xC5,0x10,0xC5,0x10,0xC5,0x10,0xC5,0x10,0xC5,0x10,0xC5,0x10,
0xC5,0x10,0xC5,0x10,0xC5,0x10,0xC5,0x10,0xC5,0x10,0xC5,0x10,0xC5,0x10,0xC5,0x10,0xC5,0x10,0xC5,0x10,0xC5,0x10,0xC5,0x10,
0xC5,0x10,0xC5,0x10,0xC5,0x10,0xC5,0x10,0xC5,0x10,0xC5,0x10,0xC5,0x10,0xC5,0x10,0xC5,0x10,0xC5,0x10,0xC5,0x10,0xC5,0x10,
0xC5,0x10,0xC5,0x10,0xC5,0x10,0xC5,0x10,0xC5,0x10,0xC5,0x10,0xC5,0x10,0xC5,0x10,0xC5,0x10,0xC5,0x10,0xC5,0x10,0xC5,0x10,
0xC5,0x10,0xC5,0x10,0xC5,0x10,0xC5,0x10,0xC5,0x10,0xC5,0x10,0xC5,0x10,0xC5,0x10,0xC5,0x10,0xC5,0x10,0xC5,0x10,0xC5,0x10,
0xC5,0x10,0xC5,0x10,0xC5,0x10,0xC5,0x10,0xC5,0x10,0xC5,0x10,0xC5,0x10,0xC5,0x10,0xC5,0x10,0xC5,0x10,0xC5,0x10,0xC5,0x10,
0xC5,0x10,0x9A,0xCE,0xFF,0xFF,0xFF,0xFF,0xFF,0xFF,0xFF,0xFF,0xFF,0xFF,0xFF,0xFF,0xFF,0xFF,0xFF,0xFF,0xFF,0xFF,0x52,0x84,
0xE5,0x10,0xBE,0xF7,0xFF,0xFF,0x5D,0xEF,0xFF,0xFF,0xFF,0xFF,0x31,0x84,0xC5,0x10,0xC5,0x10,0xC5,0x10,0xC5,0x10,0xC5,0x10,
0xC5,0x10,0xC5,0x10,0xC5,0x10,0x87,0x29,0xFF,0xFF,0xFF,0xFF,0xFF,0xFF,0x3C,0xE7,0xC5,0x10,0xC5,0x10,0xE5,0x10,0xFF,0xFF,
0xFF,0xFF,0xFF,0xFF,0x39,0xC6,0xC5,0x10,0xC5,0x10,0xC5,0x10,0xC5,0x10,0xC5,0x10,0xC5,0x10,0xC5,0x10,0xC5,0x10,0xC5,0x10,
0xC5,0x10,0xE5,0x10,0xDF,0xFF,0xFF,0xFF,0xFF,0xFF,0xD0,0x73,0xFF,0xFF,0xFF,0xFF,0xF4,0x9C,0xF4,0x9C,0xFF,0xFF,0xFC,0xDE,
0xC5,0x10,0x9E,0xF7,0xFF,0xFF,0xF8,0xBD,0x87,0x21,0xFF,0xFF,0xFF,0xFF,0x52,0x84,0xED,0x52,0xFF,0xFF,0xFF,0xFF,0x96,0xAD,
0xC5,0x10,0xC5,0x10,0x18,0xC6,0xFF,0xFF,0xBB,0xD6,0xC5,0x10,0x59,0xCE,0xFF,0xFF,0xFF,0xFF,0xFF,0xFF,0xFF,0xFF,0x6E,0x63,
0x8F,0x6B,0xFF,0xFF,0xFF,0xFF,0xFF,0xFF,0xFF,0xFF,0xFF,0xFF,0xFF,0xFF,0xFF,0xFF,0xFF,0xFF,0xFF,0xFF,0xFF,0xFF,0xFF,0xFF,
0xFF,0xFF,0x6B,0x42,0xC5,0x10,0xC5,0x10,0xF0,0x73,0xC5,0x10,0xD3,0x94,0xFF,0xFF,0xFF,0xFF,0x39,0xC6,0xC5,0x10,0xC5,0x10,
0xC5,0x10,0xC5,0x10,0xC5,0x10,0x67,0x21,0x9E,0xF7,0xFF,0xFF,0xFF,0xFF,0xBE,0xF7,0xFF,0xFF,0xFF,0xFF,0xFF,0xFF,0x72,0x8C,
0xC5,0x10,0xC5,0x10,0xC5,0x10,0xC5,0x10,0xC5,0x10,0xC5,0x10,0xC5,0x10,0xC5,0x10,0xC5,0x10,0xC5,0x10,0xC5,0x10,0xC5,0x10,
0xC5,0x10,0xC5,0x10,0xC5,0x10,0xC5,0x10,0xC5,0x10,0xC5,0x10,0xC5,0x10,0xC5,0x10,0xC5,0x10,0xC5,0x10,0xC5,0x10,0xC5,0x10,
0xC5,0x10,0xC5,0x10,0xC5,0x10,0xC5,0x10,0xC5,0x10,0xC5,0x10,0xC5,0x10,0xC5,0x10,0xC5,0x10,0xC5,0x10,0xC5,0x10,0xC5,0x10,
0xC5,0x10,0xC5,0x10,0xC5,0x10,0xC5,0x10,0xC5,0x10,0xC5,0x10,0xC5,0x10,0xC5,0x10,0xC5,0x10,0xC5,0x10,0xC5,0x10,0xC5,0x10,
0xC5,0x10,0xC5,0x10,0xC5,0x10,0xC5,0x10,0xC5,0x10,0xC5,0x10,0xC5,0x10,0xC5,0x10,0xC5,0x10,0xC5,0x10,0xC5,0x10,0xC5,0x10,
0xC5,0x10,0xC5,0x10,0xC5,0x10,0xC5,0x10,0xC5,0x10,0xC5,0x10,0xC5,0x10,0xC5,0x10,0xC5,0x10,0xC5,0x10,0xC5,0x10,0xC5,0x10,
0xC5,0x10,0xC5,0x10,0xC5,0x10,0xC5,0x10,0xC5,0x10,0xC5,0x10,0xC5,0x10,0xC5,0x10,0xC5,0x10,0xC5,0x10,0xC5,0x10,0xC5,0x10,
0xC5,0x10,0xC5,0x10,0xC5,0x10,0xC5,0x10,0xC5,0x10,0xC5,0x10,0xC5,0x10,0xC5,0x10,0xC5,0x10,0xC5,0x10,0xC5,0x10,0xC5,0x10,
0xC5,0x10,0xC5,0x10,0xC5,0x10,0xC5,0x10,0xC5,0x10,0xC5,0x10,0xC5,0x10,0xC5,0x10,0xC5,0x10,0xC5,0x10,0xC5,0x10,0xC5,0x10,
0xC5,0x10,0xC5,0x10,0xC5,0x10,0xC5,0x10,0xC5,0x10,0xC5,0x10,0xC5,0x10,0xC5,0x10,0xC5,0x10,0x4E,0x63,0xFF,0xFF,0xDF,0xFF,
0xF4,0x9C,0x9A,0xCE,0xFF,0xFF,0xFF,0xFF,0xFF,0xFF,0xFF,0xFF,0xFF,0xFF,0xFF,0xFF,0xFF,0xFF,0xFF,0xFF,0xFF,0xFF,0x52,0x84,
0xC5,0x10,0x18,0xBE,0xFF,0xFF,0xFF,0xFF,0xFF,0xFF,0xFF,0xFF,0x6B,0x42,0xC5,0x10,0xC5,0x10,0xC5,0x10,0xC5,0x10,0xC5,0x10,
0xC5,0x10,0xC5,0x10,0xC5,0x10,0xCC,0x52,0xFF,0xFF,0xFF,0xFF,0xFF,0xFF,0x59,0xCE,0xC5,0x10,0xC5,0x10,0xE5,0x10,0xFF,0xFF,
0xFF,0xFF,0xFF,0xFF,0x39,0xC6,0xC5,0x10,0xC5,0x10,0xC5,0x10,0x2A,0x3A,0x9A,0xCE,0x31,0x7C,0xE9,0x31,0xC5,0x10,0xC5,0x10,
0xC5,0x10,0x2A,0x3A,0xFF,0xFF,0xFF,0xFF,0xFF,0xFF,0x8B,0x4A,0xFF,0xFF,0xFF,0xFF,0xF4,0x9C,0x59,0xC6,0xFF,0xFF,0x59,0xC6,
0xC5,0x10,0x9E,0xF7,0xFF,0xFF,0xF8,0xBD,0x87,0x21,0xFF,0xFF,0xFF,0xFF,0x52,0x84,0xED,0x52,0xFF,0xFF,0xFF,0xFF,0x96,0xAD,
0xC5,0x10,0xC5,0x10,0x18,0xC6,0xFF,0xFF,0xBB,0xD6,0xC5,0x10,0x59,0xCE,0xFF,0xFF,0xFF,0xFF,0xDF,0xFF,0xBE,0xF7,0x4E,0x63,
0x8F,0x6B,0xFF,0xFF,0xFF,0xFF,0xFF,0xFF,0xFF,0xFF,0xFF,0xFF,0xFF,0xFF,0xFF,0xFF,0xFF,0xFF,0xFF,0xFF,0xFF,0xFF,0xFF,0xFF,
0xFF,0xFF,0x6B,0x42,0xC5,0x10,0xC5,0x10,0xC5,0x10,0xC5,0x10,0xD3,0x94,0xFF,0xFF,0xFF,0xFF,0x39,0xC6,0xC5,0x10,0xC5,0x10,
0xC5,0x10,0xC5,0x10,0xC5,0x10,0xC5,0x10,0x31,0x84,0xFF,0xFF,0xFF,0xFF,0xFF,0xFF,0xFF,0xFF,0xFF,0xFF,0x3C,0xE7,0x26,0x19,
0xC5,0x10,0xC5,0x10,0xC5,0x10,0xC5,0x10,0xC5,0x10,0xC5,0x10,0xC5,0x10,0xC5,0x10,0xC5,0x10,0xC5,0x10,0xC5,0x10,0xC5,0x10,
0xC5,0x10,0xC5,0x10,0xC5,0x10,0xC5,0x10,0xC5,0x10,0xC5,0x10,0xC5,0x10,0xC5,0x10,0xC5,0x10,0xC5,0x10,0xC5,0x10,0xC5,0x10,
0xC5,0x10,0xC5,0x10,0xC5,0x10,0xC5,0x10,0xC5,0x10,0xC5,0x10,0xC5,0x10,0xC5,0x10,0xC5,0x10,0xC5,0x10,0xC5,0x10,0xC5,0x10,
0xC5,0x10,0xC5,0x10,0xC5,0x10,0xC5,0x10,0xC5,0x10,0xC5,0x10,0xC5,0x10,0xC5,0x10,0xC5,0x10,0xC5,0x10,0xC5,0x10,0xC5,0x10,
0xC5,0x10,0xC5,0x10,0xC5,0x10,0xC5,0x10,0xC5,0x10,0xC5,0x10,0xC5,0x10,0xC5,0x10,0xC5,0x10,0xC5,0x10,0xC5,0x10,0xC5,0x10,
0xC5,0x10,0xC5,0x10,0xC5,0x10,0xC5,0x10,0xC5,0x10,0xC5,0x10,0xC5,0x10,0xC5,0x10,0xC5,0x10,0xC5,0x10,0xC5,0x10,0xC5,0x10,
0xC5,0x10,0xC5,0x10,0xC5,0x10,0xC5,0x10,0xC5,0x10,0xC5,0x10,0xC5,0x10,0xC5,0x10,0xC5,0x10,0xC5,0x10,0xC5,0x10,0xC5,0x10,
0xC5,0x10,0xC5,0x10,0xC5,0x10,0xC5,0x10,0xC5,0x10,0xC5,0x10,0xC5,0x10,0xC5,0x10,0xC5,0x10,0xC5,0x10,0xC5,0x10,0xC5,0x10,
0xC5,0x10,0xC5,0x10,0xC5,0x10,0xC5,0x10,0xC5,0x10,0xC5,0x10,0xC5,0x10,0xC5,0x10,0xC5,0x10,0xC5,0x10,0xC5,0x10,0xC5,0x10,
0xC5,0x10,0xC5,0x10,0xC5,0x10,0xC5,0x10,0xC5,0x10,0xC5,0x10,0xC5,0x10,0xC5,0x10,0xC5,0x10,0xB3,0x94,0xFF,0xFF,0xFF,0xFF,
0xF0,0x73,0x2A,0x3A,0xD0,0x73,0xFF,0xFF,0xFF,0xFF,0xD7,0xBD,0x8B,0x4A,0x8B,0x4A,0x8B,0x4A,0x8B,0x4A,0x8B,0x4A,0xA8,0x29,
0xC5,0x10,0x11,0x7C,0xFF,0xFF,0xFF,0xFF,0xFF,0xFF,0x5D,0xE7,0xE5,0x10,0xC5,0x10,0xC5,0x10,0xC5,0x10,0xC5,0x10,0xC5,0x10,
0xC5,0x10,0xC5,0x10,0xC5,0x10,0x92,0x8C,0xFF,0xFF,0xFF,0xFF,0xFF,0xFF,0x35,0xA5,0xC5,0x10,0xC5,0x10,0xE5,0x10,0xFF,0xFF,
0xFF,0xFF,0xFF,0xFF,0x39,0xC6,0xC5,0x10,0xC5,0x10,0xC5,0x10,0xEC,0x52,0xFF,0xFF,0xFF,0xFF,0xFF,0xFF,0x31,0x84,0xC5,0x10,
0xC5,0x10,0xAF,0x6B,0xFF,0xFF,0xFF,0xFF,0x9E,0xF7,0x47,0x21,0xFF,0xFF,0xFF,0xFF,0x35,0xA5,0xBE,0xF7,0xFF,0xFF,0x35,0xA5,
0xC5,0x10,0x9E,0xF7,0xFF,0xFF,0xF8,0xBD,0x87,0x21,0xFF,0xFF,0xFF,0xFF,0x52,0x84,0xED,0x52,0xFF,0xFF,0xFF,0xFF,0x96,0xAD,
0xC5,0x10,0xC5,0x10,0x18,0xC6,0xFF,0xFF,0xBB,0xD6,0xC5,0x10,0x59,0xCE,0xFF,0xFF,0xFF,0xFF,0x8F,0x6B,0xC5,0x10,0xC5,0x10,
0x8F,0x6B,0xFF,0xFF,0xFF,0xFF,0xFF,0xFF,0xFF,0xFF,0xFF,0xFF,0xFF,0xFF,0xFF,0xFF,0xFF,0xFF,0xFF,0xFF,0xFF,0xFF,0xFF,0xFF,
0xFF,0xFF,0x6B,0x42,0xC5,0x10,0xC5,0x10,0xC5,0x10,0xC5,0x10,0xD3,0x94,0xFF,0xFF,0xFF,0xFF,0x39,0xC6,0xC5,0x10,0xC5,0x10,
0xC5,0x10,0xC5,0x10,0xC5,0x10,0xC5,0x10,0x67,0x21,0xDF,0xFF,0xFF,0xFF,0xFF,0xFF,0xFF,0xFF,0xFF,0xFF,0x4E,0x63,0xC5,0x10,
0xC5,0x10,0xC5,0x10,0xC5,0x10,0xC5,0x10,0xC5,0x10,0xC5,0x10,0xC5,0x10,0xC5,0x10,0xC5,0x10,0xC5,0x10,0xC5,0x10,0xC5,0x10,
0xC5,0x10,0xC5,0x10,0xC5,0x10,0xC5,0x10,0xC5,0x10,0xC5,0x10,0xC5,0x10,0xC5,0x10,0xC5,0x10,0xC5,0x10,0xC5,0x10,0xC5,0x10,
0xC5,0x10,0xC5,0x10,0xC5,0x10,0xC5,0x10,0xC5,0x10,0xC5,0x10,0xC5,0x10,0xC5,0x10,0xC5,0x10,0xC5,0x10,0xC5,0x10,0xC5,0x10,
0xC5,0x10,0xC5,0x10,0xC5,0x10,0xC5,0x10,0xC5,0x10,0xC5,0x10,0xC5,0x10,0xC5,0x10,0xC5,0x10,0xC5,0x10,0xC5,0x10,0xC5,0x10,
0xC5,0x10,0xC5,0x10,0xC5,0x10,0xC5,0x10,0xC5,0x10,0xC5,0x10,0xC5,0x10,0xC5,0x10,0xC5,0x10,0xC5,0x10,0xC5,0x10,0xC5,0x10,
0xC5,0x10,0xC5,0x10,0xC5,0x10,0xC5,0x10,0xC5,0x10,0xC5,0x10,0xC5,0x10,0xC5,0x10,0xC5,0x10,0xC5,0x10,0xC5,0x10,0xC5,0x10,
0xC5,0x10,0xC5,0x10,0xC5,0x10,0xC5,0x10,0xC5,0x10,0xC5,0x10,0xC5,0x10,0xC5,0x10,0xC5,0x10,0xC5,0x10,0xC5,0x10,0xC5,0x10,
0xC5,0x10,0xC5,0x10,0xC5,0x10,0xC5,0x10,0xC5,0x10,0xC5,0x10,0xC5,0x10,0xC5,0x10,0xC5,0x10,0xC5,0x10,0xC5,0x10,0xC5,0x10,
0xC5,0x10,0xC5,0x10,0xC5,0x10,0xC5,0x10,0xC5,0x10,0xC5,0x10,0xC5,0x10,0xC5,0x10,0xC5,0x10,0xC5,0x10,0xC5,0x10,0xC5,0x10,
0xC5,0x10,0xC5,0x10,0xC5,0x10,0xC5,0x10,0xC5,0x10,0xC5,0x10,0xC5,0x10,0xC5,0x10,0xC5,0x10,0x18,0xBE,0xFF,0xFF,0xFF,0xFF,
0xAC,0x4A,0xC5,0x10,0x8B,0x4A,0xFF,0xFF,0xFF,0xFF,0xFF,0xFF,0xFF,0xFF,0xFF,0xFF,0xFF,0xFF,0xFF,0xFF,0x15,0x9D,0xC5,0x10,
0xC5,0x10,0x09,0x3A,0xFF,0xFF,0xFF,0xFF,0xFF,0xFF,0x14,0x9D,0xC5,0x10,0xC5,0x10,0xC5,0x10,0xC5,0x10,0xC5,0x10,0xC5,0x10,
0xC5,0x10,0xC5,0x10,0xE5,0x10,0xFC,0xDE,0xFF,0xFF,0xFF,0xFF,0xFF,0xFF,0xAF,0x73,0xC5,0x10,0xC5,0x10,0xE5,0x10,0xFF,0xFF,
0xFF,0xFF,0xFF,0xFF,0x39,0xC6,0xC5,0x10,0xC5,0x10,0xC5,0x10,0xAF,0x73,0xFF,0xFF,0xFF,0xFF,0xFF,0xFF,0xAF,0x6B,0xC5,0x10,
0xC5,0x10,0x35,0xA5,0xFF,0xFF,0xFF,0xFF,0x18,0xBE,0xC5,0x10,0xC5,0x10,0xC5,0x10,0x4E,0x63,0xFF,0xFF,0xFF,0xFF,0xD0,0x73,
0xC5,0x10,0xC5,0x10,0xC5,0x10,0xC5,0x10,0x87,0x21,0xFF,0xFF,0xFF,0xFF,0x52,0x84,0xED,0x52,0xFF,0xFF,0xFF,0xFF,0x96,0xAD,
0xC5,0x10,0xC5,0x10,0x18,0xC6,0xFF,0xFF,0xBB,0xD6,0xC5,0x10,0x59,0xCE,0xFF,0xFF,0xFF,0xFF,0x8F,0x6B,0xC5,0x10,0xC5,0x10,
0x8F,0x6B,0xFF,0xFF,0xFF,0xFF,0xFF,0xFF,0xC8,0x29,0xC8,0x29,0xC8,0x29,0xC8,0x29,0xC8,0x29,0xC8,0x29,0xC8,0x29,0xC8,0x29,
0xC8,0x29,0x05,0x11,0xC5,0x10,0xC5,0x10,0xC5,0x10,0xC5,0x10,0xD3,0x94,0xFF,0xFF,0xFF,0xFF,0x39,0xC6,0xC5,0x10,0xC5,0x10,
0xC5,0x10,0xC5,0x10,0xC5,0x10,0x26,0x19,0x59,0xCE,0xFF,0xFF,0xFF,0xFF,0xFF,0xFF,0xFF,0xFF,0xFF,0xFF,0xB3,0x8C,0xC5,0x10,
0xC5,0x10,0xC5,0x10,0xC5,0x10,0xC5,0x10,0xC5,0x10,0xC5,0x10,0xC5,0x10,0xC5,0x10,0xC5,0x10,0xC5,0x10,0xC5,0x10,0xC5,0x10,
0xC5,0x10,0xC5,0x10,0xC5,0x10,0xC5,0x10,0xC5,0x10,0xC5,0x10,0xC5,0x10,0xC5,0x10,0xC5,0x10,0xC5,0x10,0xC5,0x10,0xC5,0x10,
0xC5,0x10,0xC5,0x10,0xC5,0x10,0xC5,0x10,0xC5,0x10,0xC5,0x10,0xC5,0x10,0xC5,0x10,0xC5,0x10,0xC5,0x10,0xC5,0x10,0xC5,0x10,
0xC5,0x10,0xC5,0x10,0xC5,0x10,0xC5,0x10,0xC5,0x10,0xC5,0x10,0xC5,0x10,0xC5,0x10,0xC5,0x10,0xC5,0x10,0xC5,0x10,0xC5,0x10,
0xC5,0x10,0xC5,0x10,0xC5,0x10,0xC5,0x10,0xC5,0x10,0xC5,0x10,0xC5,0x10,0xC5,0x10,0xC5,0x10,0xC5,0x10,0xC5,0x10,0xC5,0x10,
0xC5,0x10,0xC5,0x10,0xC5,0x10,0xC5,0x10,0xC5,0x10,0xC5,0x10,0xC5,0x10,0xC5,0x10,0xC5,0x10,0xC5,0x10,0xC5,0x10,0xC5,0x10,
0xC5,0x10,0xC5,0x10,0xC5,0x10,0xC5,0x10,0xC5,0x10,0xC5,0x10,0xC5,0x10,0xC5,0x10,0xC5,0x10,0xC5,0x10,0xC5,0x10,0xC5,0x10,
0xC5,0x10,0xC5,0x10,0xC5,0x10,0xC5,0x10,0xC5,0x10,0xC5,0x10,0xC5,0x10,0xC5,0x10,0xC5,0x10,0xC5,0x10,0xC5,0x10,0xC5,0x10,
0xC5,0x10,0xC5,0x10,0xC5,0x10,0xC5,0x10,0xC5,0x10,0xC5,0x10,0xC5,0x10,0xC5,0x10,0xC5,0x10,0xC5,0x10,0xC5,0x10,0xC5,0x10,
0xC5,0x10,0xC5,0x10,0xC5,0x10,0xC5,0x10,0xC5,0x10,0xC5,0x10,0xC5,0x10,0xC5,0x10,0xC5,0x10,0x9E,0xEF,0xFF,0xFF,0xFF,0xFF,
0x67,0x21,0xC5,0x10,0x0D,0x5B,0xFF,0xFF,0xFF,0xFF,0xFF,0xFF,0xFF,0xFF,0xFF,0xFF,0xFF,0xFF,0xFF,0xFF,0xF4,0x9C,0xC5,0x10,
0xC5,0x10,0x87,0x21,0xFF,0xFF,0xFF,0xFF,0xFF,0xFF,0xF8,0xBD,0xC5,0x10,0xC5,0x10,0xC5,0x10,0xC5,0x10,0xC5,0x10,0xC5,0x10,
0xC5,0x10,0xC5,0x10,0x4E,0x63,0xFF,0xFF,0xFF,0xFF,0xFF,0xFF,0xFF,0xFF,0x87,0x29,0xC5,0x10,0xC5,0x10,0xE5,0x10,0xFF,0xFF,
0xFF,0xFF,0xFF,0xFF,0x39,0xC6,0xC5,0x10,0xC5,0x10,0xC5,0x10,0xB3,0x8C,0xFF,0xFF,0xFF,0xFF,0xFF,0xFF,0xAC,0x4A,0xC5,0x10,
0xC5,0x10,0xDB,0xD6,0xFF,0xFF,0xFF,0xFF,0x72,0x8C,0xC5,0x10,0xC5,0x10,0xE5,0x10,0x9A,0xD6,0xFF,0xFF,0xFF,0xFF,0xF0,0x7B,
0x9A,0xCE,0xE9,0x31,0xC5,0x10,0xC5,0x10,0x87,0x21,0xFF,0xFF,0xFF,0xFF,0x52,0x84,0xED,0x52,0xFF,0xFF,0xFF,0xFF,0x96,0xAD,
0xC5,0x10,0xC5,0x10,0x18,0xC6,0xFF,0xFF,0xBB,0xD6,0xC5,0x10,0x59,0xCE,0xFF,0xFF,0xFF,0xFF,0x8F,0x6B,0xC5,0x10,0xC5,0x10,
0x8F,0x6B,0xFF,0xFF,0xFF,0xFF,0xFF,0xFF,0xC5,0x10,0xC5,0x10,0xC5,0x10,0xC5,0x10,0xC5,0x10,0xC5,0x10,0xC5,0x10,0xC5,0x10,
0xC5,0x10,0xC5,0x10,0xC5,0x10,0xC5,0x10,0xC5,0x10,0xC5,0x10,0xD3,0x94,0xFF,0xFF,0xFF,0xFF,0x39,0xC6,0xC5,0x10,0xC5,0x10,
0xC5,0x10,0xC5,0x10,0x87,0x29,0x9A,0xCE,0xFF,0xFF,0xFF,0xFF,0xFF,0xFF,0xFF,0xFF,0xFF,0xFF,0xFF,0xFF,0xFF,0xFF,0x14,0x9D,
0xE5,0x10,0xC5,0x10,0xC5,0x10,0xC5,0x10,0xC5,0x10,0xC5,0x10,0xC5,0x10,0xC5,0x10,0xC5,0x10,0xC5,0x10,0xC5,0x10,0xC5,0x10,
0xC5,0x10,0xC5,0x10,0xC5,0x10,0xC5,0x10,0xC5,0x10,0xC5,0x10,0xC5,0x10,0xC5,0x10,0xC5,0x10,0xC5,0x10,0xC5,0x10,0xC5,0x10,
0xC5,0x10,0xC5,0x10,0xC5,0x10,0xC5,0x10,0xC5,0x10,0xC5,0x10,0xC5,0x10,0xC5,0x10,0xC5,0x10,0xC5,0x10,0xC5,0x10,0xC5,0x10,
0xC5,0x10,0xC5,0x10,0xC5,0x10,0xC5,0x10,0xC5,0x10,0xC5,0x10,0xC5,0x10,0xC5,0x10,0xC5,0x10,0xC5,0x10,0xC5,0x10,0xC5,0x10,
0xC5,0x10,0xC5,0x10,0xC5,0x10,0xC5,0x10,0xC5,0x10,0xC5,0x10,0xC5,0x10,0xC5,0x10,0xC5,0x10,0xC5,0x10,0xC5,0x10,0xC5,0x10,
0xC5,0x10,0xC5,0x10,0xC5,0x10,0xC5,0x10,0xC5,0x10,0xC5,0x10,0xC5,0x10,0xC5,0x10,0xC5,0x10,0xC5,0x10,0xC5,0x10,0xC5,0x10,
0xC5,0x10,0xC5,0x10,0xC5,0x10,0xC5,0x10,0xC5,0x10,0xC5,0x10,0xC5,0x10,0xC5,0x10,0xC5,0x10,0xC5,0x10,0xC5,0x10,0xC5,0x10,
0xC5,0x10,0xC5,0x10,0xC5,0x10,0xC5,0x10,0xC5,0x10,0xC5,0x10,0xC5,0x10,0xC5,0x10,0xC5,0x10,0xC5,0x10,0xC5,0x10,0xC5,0x10,
0xC5,0x10,0xC5,0x10,0xC5,0x10,0xC5,0x10,0xC5,0x10,0xC5,0x10,0xC5,0x10,0xC5,0x10,0xC5,0x10,0xC5,0x10,0xC5,0x10,0xC5,0x10,
0xC5,0x10,0xC5,0x10,0xC5,0x10,0xC5,0x10,0xC5,0x10,0xC5,0x10,0xC5,0x10,0xC5,0x10,0xC8,0x31,0xFF,0xFF,0xFF,0xFF,0x5D,0xEF,
0xC5,0x10,0xC5,0x10,0xF0,0x7B,0xFF,0xFF,0xFF,0xFF,0xB3,0x94,0x8B,0x4A,0x31,0x84,0xFF,0xFF,0xFF,0xFF,0xB3,0x94,0xC5,0x10,
0xC5,0x10,0x76,0xAD,0xFF,0xFF,0xFF,0xFF,0xFF,0xFF,0xFF,0xFF,0x0D,0x5B,0xC5,0x10,0xC5,0x10,0xC5,0x10,0xC5,0x10,0xC5,0x10,
0xC5,0x10,0x67,0x21,0x5D,0xE7,0xFF,0xFF,0xFF,0xFF,0xFF,0xFF,0x39,0xC6,0xC5,0x10,0xC5,0x10,0xC5,0x10,0xE5,0x10,0xFF,0xFF,
0xFF,0xFF,0xFF,0xFF,0x7A,0xCE,0xC5,0x10,0xC5,0x10,0xC5,0x10,0xF8,0xBD,0xFF,0xFF,0xFF,0xFF,0xFF,0xFF,0x67,0x21,0xC5,0x10,
0x46,0x19,0xFF,0xFF,0xFF,0xFF,0xFF,0xFF,0xCC,0x52,0xC5,0x10,0xC5,0x10,0xF0,0x73,0xFF,0xFF,0xFF,0xFF,0x3C,0xE7,0xFF,0xFF,
0xFF,0xFF,0xFB,0xDE,0x46,0x19,0xC5,0x10,0x87,0x21,0xFF,0xFF,0xFF,0xFF,0x52,0x84,0xED,0x52,0xFF,0xFF,0xFF,0xFF,0x96,0xAD,
0xC5,0x10,0xC5,0x10,0x18,0xC6,0xFF,0xFF,0xBB,0xD6,0x05,0x11,0x7A,0xCE,0xFF,0xFF,0xFF,0xFF,0x1C,0xE7,0x1C,0xDF,0x9E,0xF7,
0xF4,0x9C,0xFF,0xFF,0xFF,0xFF,0xFF,0xFF,0xC5,0x10,0xC5,0x10,0xC5,0x10,0xC5,0x10,0xC5,0x10,0xC5,0x10,0xC5,0x10,0xC5,0x10,
0xC5,0x10,0xC5,0x10,0xC5,0x10,0xC5,0x10,0xC5,0x10,0xC5,0x10,0xD3,0x94,0xFF,0xFF,0xFF,0xFF,0x39,0xC6,0xC5,0x10,0xC5,0x10,
0xC5,0x10,0x6B,0x42,0x5D,0xE7,0xFF,0xFF,0xFF,0xFF,0xFF,0xFF,0xFF,0xFF,0xD7,0xBD,0xFF,0xFF,0xFF,0xFF,0xFF,0xFF,0xFF,0xFF,
0x39,0xC6,0x87,0x21,0xC5,0x10,0xC5,0x10,0xC5,0x10,0xC5,0x10,0xC5,0x10,0xC5,0x10,0xC5,0x10,0xC5,0x10,0xC5,0x10,0xC5,0x10,
0xC5,0x10,0xC5,0x10,0xC5,0x10,0xC5,0x10,0xC5,0x10,0xC5,0x10,0xC5,0x10,0xC5,0x10,0xC5,0x10,0xC5,0x10,0xC5,0x10,0xC5,0x10,
0xC5,0x10,0xC5,0x10,0xC5,0x10,0xC5,0x10,0xC5,0x10,0xC5,0x10,0xC5,0x10,0xC5,0x10,0xC5,0x10,0xC5,0x10,0xC5,0x10,0xC5,0x10,
0xC5,0x10,0xC5,0x10,0xC5,0x10,0xC5,0x10,0xC5,0x10,0xC5,0x10,0xC5,0x10,0xC5,0x10,0xC5,0x10,0xC5,0x10,0xC5,0x10,0xC5,0x10,
0xC5,0x10,0xC5,0x10,0xC5,0x10,0xC5,0x10,0xC5,0x10,0xC5,0x10,0xC5,0x10,0xC5,0x10,0xC5,0x10,0xC5,0x10,0xC5,0x10,0xC5,0x10,
0xC5,0x10,0xC5,0x10,0xC5,0x10,0xC5,0x10,0xC5,0x10,0xC5,0x10,0xC5,0x10,0xC5,0x10,0xC5,0x10,0xC5,0x10,0xC5,0x10,0xC5,0x10,
0xC5,0x10,0xC5,0x10,0xC5,0x10,0xC5,0x10,0xC5,0x10,0xC5,0x10,0xC5,0x10,0xC5,0x10,0xC5,0x10,0xC5,0x10,0xC5,0x10,0xC5,0x10,
0xC5,0x10,0xC5,0x10,0xC5,0x10,0xC5,0x10,0xC5,0x10,0xC5,0x10,0xC5,0x10,0xC5,0x10,0xC5,0x10,0xC5,0x10,0xC5,0x10,0xC5,0x10,
0xC5,0x10,0xC5,0x10,0xC5,0x10,0xC5,0x10,0xC5,0x10,0xC5,0x10,0xC5,0x10,0xC5,0x10,0xC5,0x10,0xC5,0x10,0xC5,0x10,0xC5,0x10,
0xC5,0x10,0xC5,0x10,0xC5,0x10,0xC5,0x10,0xC5,0x10,0xC5,0x10,0xC5,0x10,0xC5,0x10,0x4E,0x63,0xFF,0xFF,0xFF,0xFF,0x18,0xC6,
0xC5,0x10,0xC5,0x10,0x39,0xC6,0xFF,0xFF,0xFF,0xFF,0x8B,0x4A,0xC5,0x10,0x2E,0x63,0xFF,0xFF,0xFF,0xFF,0x93,0x8C,0xC5,0x10,
0x8B,0x4A,0xFF,0xFF,0xFF,0xFF,0xFF,0xFF,0xFF,0xFF,0xFF,0xFF,0x1C,0xE7,0x46,0x21,0xC5,0x10,0xC5,0x10,0xC5,0x10,0xC5,0x10,
0x26,0x19,0x59,0xC6,0xFF,0xFF,0xFF,0xFF,0xFF,0xFF,0xFF,0xFF,0xCC,0x52,0xC5,0x10,0xC5,0x10,0xC5,0x10,0xC5,0x10,0xDF,0xFF,
0xFF,0xFF,0xFF,0xFF,0xDF,0xFF,0x2A,0x3A,0xE5,0x10,0xCC,0x52,0xDF,0xFF,0xFF,0xFF,0xFF,0xFF,0x3D,0xE7,0xC5,0x10,0xC5,0x10,
0xED,0x52,0xFF,0xFF,0xFF,0xFF,0xFF,0xFF,0x46,0x21,0xC5,0x10,0xAC,0x4A,0xDF,0xFF,0xFF,0xFF,0xFF,0xFF,0x0D,0x5B,0x55,0xA5,
0xFF,0xFF,0xFF,0xFF,0xF8,0xBD,0xE5,0x10,0xC5,0x10,0xC5,0x10,0xC5,0x10,0xC5,0x10,0x0D,0x5B,0xFF,0xFF,0xFF,0xFF,0x96,0xAD,
0xC5,0x10,0x2D,0x5B,0x5D,0xEF,0xFF,0xFF,0xFF,0xFF,0xFF,0xFF,0xFF,0xFF,0xFF,0xFF,0xFF,0xFF,0xFF,0xFF,0xFF,0xFF,0xFF,0xFF,
0xB3,0x94,0xFF,0xFF,0xFF,0xFF,0xFF,0xFF,0xC5,0x10,0xC5,0x10,0xC5,0x10,0xC5,0x10,0xC5,0x10,0xC5,0x10,0xC5,0x10,0xC5,0x10,
0xC5,0x10,0xC5,0x10,0xC5,0x10,0xC5,0x10,0xC5,0x10,0xC5,0x10,0xD3,0x94,0xFF,0xFF,0xFF,0xFF,0x39,0xC6,0xC5,0x10,0xE5,0x10,
0x72,0x8C,0xFF,0xFF,0xFF,0xFF,0xFF,0xFF,0xFF,0xFF,0xFF,0xFF,0x11,0x7C,0xC5,0x10,0x93,0x8C,0xFF,0xFF,0xFF,0xFF,0xFF,0xFF,
0xFF,0xFF,0x9E,0xEF,0x6F,0x6B,0xC5,0x10,0xC5,0x10,0xC5,0x10,0xC5,0x10,0xC5,0x10,0xC5,0x10,0xC5,0x10,0xC5,0x10,0xC5,0x10,
0xC5,0x10,0xC5,0x10,0xC5,0x10,0xC5,0x10,0xC5,0x10,0xC5,0x10,0xC5,0x10,0xC5,0x10,0xC5,0x10,0xC5,0x10,0xC5,0x10,0xC5,0x10,
0xC5,0x10,0xC5,0x10,0xC5,0x10,0xC5,0x10,0xC5,0x10,0xC5,0x10,0xC5,0x10,0xC5,0x10,0xC5,0x10,0xC5,0x10,0xC5,0x10,0xC5,0x10,
0xC5,0x10,0xC5,0x10,0xC5,0x10,0xC5,0x10,0xC5,0x10,0xC5,0x10,0xC5,0x10,0xC5,0x10,0xC5,0x10,0xC5,0x10,0xC5,0x10,0xC5,0x10,
0xC5,0x10,0xC5,0x10,0xC5,0x10,0xC5,0x10,0xC5,0x10,0xC5,0x10,0xC5,0x10,0xC5,0x10,0xC5,0x10,0xC5,0x10,0xC5,0x10,0xC5,0x10,
0xC5,0x10,0xC5,0x10,0xC5,0x10,0xC5,0x10,0xC5,0x10,0xC5,0x10,0xC5,0x10,0xC5,0x10,0xC5,0x10,0xC5,0x10,0xC5,0x10,0xC5,0x10,
0xC5,0x10,0xC5,0x10,0xC5,0x10,0xC5,0x10,0xC5,0x10,0xC5,0x10,0xC5,0x10,0xC5,0x10,0xC5,0x10,0xC5,0x10,0xC5,0x10,0xC5,0x10,
0xC5,0x10,0xC5,0x10,0xC5,0x10,0xC5,0x10,0xC5,0x10,0xC5,0x10,0xC5,0x10,0xC5,0x10,0xC5,0x10,0xC5,0x10,0xC5,0x10,0xC5,0x10,
0xC5,0x10,0xC5,0x10,0xC5,0x10,0xC5,0x10,0xC5,0x10,0xC5,0x10,0xC5,0x10,0xC5,0x10,0xC5,0x10,0xC5,0x10,0xC5,0x10,0xC5,0x10,
0xC5,0x10,0xC5,0x10,0xC5,0x10,0xC5,0x10,0xC5,0x10,0xC5,0x10,0xC5,0x10,0xC5,0x10,0xF4,0x9C,0xFF,0xFF,0xFF,0xFF,0xF4,0x94,
0xC5,0x10,0x2A,0x3A,0xFF,0xFF,0xFF,0xFF,0xDF,0xFF,0x26,0x19,0xC5,0x10,0x8F,0x6B,0xFF,0xFF,0xFF,0xFF,0x72,0x84,0x87,0x29,
0x3D,0xE7,0xFF,0xFF,0xFF,0xFF,0xB7,0xB5,0x9E,0xF7,0xFF,0xFF,0xFF,0xFF,0x39,0xC6,0x05,0x11,0xC5,0x10,0xC5,0x10,0xA8,0x29,
0x7A,0xCE,0xFF,0xFF,0xFF,0xFF,0xFF,0xFF,0xFF,0xFF,0xD7,0xB5,0xC5,0x10,0xC5,0x10,0xC5,0x10,0xC5,0x10,0xC5,0x10,0xFB,0xDE,
0xFF,0xFF,0xFF,0xFF,0xFF,0xFF,0xFF,0xFF,0xFF,0xFF,0xFF,0xFF,0xFF,0xFF,0xFF,0xFF,0xFF,0xFF,0x76,0xAD,0xC5,0x10,0xC5,0x10,
0xB3,0x94,0xFF,0xFF,0xFF,0xFF,0xDB,0xDE,0xC5,0x10,0xCC,0x52,0xBE,0xF7,0xFF,0xFF,0xFF,0xFF,0xF8,0xBD,0xC5,0x10,0x67,0x21,
0x7D,0xEF,0xFF,0xFF,0xFF,0xFF,0x72,0x8C,0xE5,0x10,0x88,0x29,0x46,0x19,0x05,0x11,0x14,0x9D,0xFF,0xFF,0xFF,0xFF,0x96,0xAD,
0xC5,0x10,0x11,0x7C,0xFF,0xFF,0xFF,0xFF,0xFF,0xFF,0xFF,0xFF,0xFF,0xFF,0xFF,0xFF,0xFF,0xFF,0xFF,0xFF,0xFF,0xFF,0xFF,0xFF,
0x93,0x8C,0xFF,0xFF,0xFF,0xFF,0xFF,0xFF,0xFF,0xFF,0xFF,0xFF,0xFF,0xFF,0xFF,0xFF,0xFF,0xFF,0xFF,0xFF,0xFF,0xFF,0xFF,0xFF,
0xFF,0xFF,0xFF,0xFF,0xAF,0x6B,0xC5,0x10,0xC5,0x10,0xC5,0x10,0xD3,0x94,0xFF,0xFF,0xFF,0xFF,0x39,0xC6,0xCC,0x52,0xFB,0xDE,
0xFF,0xFF,0xFF,0xFF,0xFF,0xFF,0xFF,0xFF,0xDF,0xFF,0x8F,0x6B,0xC5,0x10,0xC5,0x10,0xC5,0x10,0x92,0x8C,0xFF,0xFF,0xFF,0xFF,
0xFF,0xFF,0xFF,0xFF,0xFF,0xFF,0x9A,0xCE,0x8B,0x42,0xC5,0x10,0xC5,0x10,0xC5,0x10,0xC5,0x10,0xC5,0x10,0xC5,0x10,0xC5,0x10,
0xC5,0x10,0xC5,0x10,0xC5,0x10,0xC5,0x10,0xC5,0x10,0xC5,0x10,0xC5,0x10,0xC5,0x10,0xC5,0x10,0xC5,0x10,0xC5,0x10,0xC5,0x10,
0xC5,0x10,0xC5,0x10,0xC5,0x10,0xC5,0x10,0xC5,0x10,0xC5,0x10,0xC5,0x10,0xC5,0x10,0xC5,0x10,0xC5,0x10,0xC5,0x10,0xC5,0x10,
0xC5,0x10,0xC5,0x10,0xC5,0x10,0xC5,0x10,0xC5,0x10,0xC5,0x10,0xC5,0x10,0xC5,0x10,0xC5,0x10,0xC5,0x10,0xC5,0x10,0xC5,0x10,
0xC5,0x10,0xC5,0x10,0xC5,0x10,0xC5,0x10,0xC5,0x10,0xC5,0x10,0xC5,0x10,0xC5,0x10,0xC5,0x10,0xC5,0x10,0xC5,0x10,0xC5,0x10,
0xC5,0x10,0xC5,0x10,0xC5,0x10,0xC5,0x10,0xC5,0x10,0xC5,0x10,0xC5,0x10,0xC5,0x10,0xC5,0x10,0xC5,0x10,0xC5,0x10,0xC5,0x10,
0xC5,0x10,0xC5,0x10,0xC5,0x10,0xC5,0x10,0xC5,0x10,0xC5,0x10,0xC5,0x10,0xC5,0x10,0xC5,0x10,0xC5,0x10,0xC5,0x10,0xC5,0x10,
0xC5,0x10,0xC5,0x10,0xC5,0x10,0xC5,0x10,0xC5,0x10,0xC5,0x10,0xC5,0x10,0xC5,0x10,0xC5,0x10,0xC5,0x10,0xC5,0x10,0xC5,0x10,
0xC5,0x10,0xC5,0x10,0xC5,0x10,0xC5,0x10,0xC5,0x10,0xC5,0x10,0xC5,0x10,0xC5,0x10,0xC5,0x10,0xC5,0x10,0xC5,0x10,0xC5,0x10,
0xC5,0x10,0xC5,0x10,0xC5,0x10,0xC5,0x10,0xC5,0x10,0xC5,0x10,0xC5,0x10,0xC5,0x10,0x9A,0xCE,0xFF,0xFF,0xFF,0xFF,0xAF,0x6B,
0xE5,0x10,0x7A,0xCE,0xFF,0xFF,0xFF,0xFF,0xF0,0x73,0x05,0x11,0x05,0x11,0x35,0x9D,0xFF,0xFF,0xFF,0xFF,0x51,0x84,0x9A,0xCE,
0xFF,0xFF,0xFF,0xFF,0x7E,0xEF,0x67,0x21,0x11,0x7C,0xFF,0xFF,0xFF,0xFF,0xFF,0xFF,0x31,0x84,0xE5,0x10,0xAF,0x6B,0x7E,0xEF,
0xFF,0xFF,0xFF,0xFF,0xFF,0xFF,0xFF,0xFF,0x3C,0xE7,0x67,0x21,0xC5,0x10,0xC5,0x10,0xC5,0x10,0xC5,0x10,0xC5,0x10,0x51,0x84,
0xFF,0xFF,0xFF,0xFF,0xFF,0xFF,0xFF,0xFF,0xFF,0xFF,0xFF,0xFF,0xFF,0xFF,0xFF,0xFF,0xFF,0xFF,0xCC,0x52,0xC5,0x10,0xC5,0x10,
0x9A,0xD6,0xFF,0xFF,0xFF,0xFF,0x35,0xA5,0x2A,0x3A,0xFF,0xFF,0xFF,0xFF,0xFF,0xFF,0x5D,0xEF,0xA8,0x29,0xC5,0x10,0xC5,0x10,
0xAF,0x6B,0xFF,0xFF,0xFF,0xFF,0xFF,0xFF,0xEC,0x52,0x7D,0xEF,0xFF,0xFF,0xFF,0xFF,0xFF,0xFF,0xFF,0xFF,0xFF,0xFF,0x14,0x9D,
0xC5,0x10,0x4E,0x63,0xFF,0xFF,0xFF,0xFF,0xFF,0xFF,0xFF,0xFF,0xFF,0xFF,0xDF,0xFF,0xDB,0xDE,0xB7,0xB5,0x92,0x8C,0x4E,0x63,
0xD0,0x73,0xFF,0xFF,0xFF,0xFF,0xFF,0xFF,0xFF,0xFF,0xFF,0xFF,0xFF,0xFF,0xFF,0xFF,0xFF,0xFF,0xFF,0xFF,0xFF,0xFF,0xFF,0xFF,
0xFF,0xFF,0xFF,0xFF,0xAF,0x6B,0xC5,0x10,0xC5,0x10,0xC5,0x10,0xD3,0x94,0xFF,0xFF,0xFF,0xFF,0x39,0xC6,0x31,0x84,0xFF,0xFF,
0xFF,0xFF,0xFF,0xFF,0xFF,0xFF,0x5D,0xEF,0xAC,0x4A,0xC5,0x10,0xC5,0x10,0xC5,0x10,0xC5,0x10,0xC5,0x10,0xAF,0x73,0xDF,0xFF,
0xFF,0xFF,0xFF,0xFF,0xFF,0xFF,0xDF,0xFF,0x6B,0x42,0xC5,0x10,0xC5,0x10,0xC5,0x10,0xC5,0x10,0xC5,0x10,0xC5,0x10,0xC5,0x10,
0xC5,0x10,0xC5,0x10,0xC5,0x10,0xC5,0x10,0xC5,0x10,0xC5,0x10,0xC5,0x10,0xC5,0x10,0xC5,0x10,0xC5,0x10,0xC5,0x10,0xC5,0x10,
0xC5,0x10,0xC5,0x10,0xC5,0x10,0xC5,0x10,0xC5,0x10,0xC5,0x10,0xC5,0x10,0xC5,0x10,0xC5,0x10,0xC5,0x10,0xC5,0x10,0xC5,0x10,
0xC5,0x10,0xC5,0x10,0xC5,0x10,0xC5,0x10,0xC5,0x10,0xC5,0x10,0xC5,0x10,0xC5,0x10,0xC5,0x10,0xC5,0x10,0xC5,0x10,0xC5,0x10,
0xC5,0x10,0xC5,0x10,0xC5,0x10,0xC5,0x10,0xC5,0x10,0xC5,0x10,0xC5,0x10,0xC5,0x10,0xC5,0x10,0xC5,0x10,0xC5,0x10,0xC5,0x10,
0xC5,0x10,0xC5,0x10,0xC5,0x10,0xC5,0x10,0xC5,0x10,0xC5,0x10,0xC5,0x10,0xC5,0x10,0xC5,0x10,0xC5,0x10,0xC5,0x10,0xC5,0x10,
0xC5,0x10,0xC5,0x10,0xC5,0x10,0xC5,0x10,0xC5,0x10,0xC5,0x10,0xC5,0x10,0xC5,0x10,0xC5,0x10,0xC5,0x10,0xC5,0x10,0xC5,0x10,
0xC5,0x10,0xC5,0x10,0xC5,0x10,0xC5,0x10,0xC5,0x10,0xC5,0x10,0xC5,0x10,0xC5,0x10,0xC5,0x10,0xC5,0x10,0xC5,0x10,0xC5,0x10,
0xC5,0x10,0xC5,0x10,0xC5,0x10,0xC5,0x10,0xC5,0x10,0xC5,0x10,0xC5,0x10,0xC5,0x10,0xC5,0x10,0xC5,0x10,0xC5,0x10,0xC5,0x10,
0xC5,0x10,0xC5,0x10,0xC5,0x10,0xC5,0x10,0xC5,0x10,0xC5,0x10,0xC5,0x10,0x26,0x19,0xDF,0xFF,0xFF,0xFF,0xFF,0xFF,0x8B,0x42,
0xB7,0xB5,0xFF,0xFF,0xFF,0xFF,0xDB,0xD6,0x4A,0x42,0xFF,0xFF,0xFF,0xFF,0xFF,0xFF,0xFF,0xFF,0xFF,0xFF,0x11,0x7C,0xDF,0xFF,
0xFF,0xFF,0xFF,0xFF,0xD0,0x73,0xC5,0x10,0xE5,0x10,0xBB,0xD6,0xFF,0xFF,0xFF,0xFF,0x2A,0x3A,0x0D,0x5B,0xFF,0xFF,0xFF,0xFF,
0xFF,0xFF,0xFF,0xFF,0xFF,0xFF,0x3C,0xE7,0xC8,0x31,0xC5,0x10,0xC5,0x10,0xC5,0x10,0xC5,0x10,0xC5,0x10,0xC5,0x10,0xE5,0x10,
0x55,0xA5,0xFF,0xFF,0xFF,0xFF,0xFF,0xFF,0xFF,0xFF,0xFF,0xFF,0xFF,0xFF,0xDF,0xFF,0x72,0x84,0xC5,0x10,0xC5,0x10,0x47,0x21,
0xFF,0xFF,0xFF,0xFF,0xFF,0xFF,0xAF,0x6B,0xC5,0x10,0x93,0x8C,0xFF,0xFF,0xBE,0xF7,0x6B,0x42,0xC5,0x10,0xC5,0x10,0xC5,0x10,
0xE5,0x10,0x59,0xC6,0xFF,0xFF,0x1C,0xE7,0x2A,0x3A,0x96,0xAD,0xFF,0xFF,0xFF,0xFF,0xFF,0xFF,0xFF,0xFF,0xFF,0xFF,0x6E,0x63,
0xC5,0x10,0x8B,0x4A,0x3C,0xE7,0xD7,0xBD,0x93,0x8C,0x4E,0x63,0x09,0x3A,0xE5,0x10,0xC5,0x10,0xC5,0x10,0xC5,0x10,0xC5,0x10,
0x8F,0x6B,0xFF,0xFF,0xFF,0xFF,0xFF,0xFF,0xFF,0xFF,0xFF,0xFF,0xFF,0xFF,0xFF,0xFF,0xFF,0xFF,0xFF,0xFF,0xFF,0xFF,0xFF,0xFF,
0xFF,0xFF,0xFF,0xFF,0xAF,0x6B,0xC5,0x10,0xC5,0x10,0xC5,0x10,0xD3,0x94,0xFF,0xFF,0xFF,0xFF,0x39,0xC6,0xC5,0x10,0x55,0xA5,
0xFF,0xFF,0xFF,0xFF,0x18,0xBE,0x87,0x21,0xC5,0x10,0xC5,0x10,0xC5,0x10,0xC5,0x10,0xC5,0x10,0xC5,0x10,0xC5,0x10,0x4A,0x42,
0x1C,0xDF,0xFF,0xFF,0xFF,0xFF,0x11,0x7C,0xC5,0x10,0xC5,0x10,0xC5,0x10,0xC5,0x10,0xC5,0x10,0xC5,0x10,0xC5,0x10,0xC5,0x10,
0xC5,0x10,0xC5,0x10,0xC5,0x10,0xC5,0x10,0xC5,0x10,0xC5,0x10,0xC5,0x10,0xC5,0x10,0xC5,0x10,0xC5,0x10,0xC5,0x10,0xC5,0x10,
0xC5,0x10,0xC5,0x10,0xC5,0x10,0xC5,0x10,0xC5,0x10,0xC5,0x10,0xC5,0x10,0xC5,0x10,0xC5,0x10,0xC5,0x10,0xC5,0x10,0xC5,0x10,
0xC5,0x10,0xC5,0x10,0xC5,0x10,0xC5,0x10,0xC5,0x10,0xC5,0x10,0xC5,0x10,0xC5,0x10,0xC5,0x10,0xC5,0x10,0xC5,0x10,0xC5,0x10,
0xC5,0x10,0xC5,0x10,0xC5,0x10,0xC5,0x10,0xC5,0x10,0xC5,0x10,0xC5,0x10,0xC5,0x10,0xC5,0x10,0xC5,0x10,0xC5,0x10,0xC5,0x10,
0xC5,0x10,0xC5,0x10,0xC5,0x10,0xC5,0x10,0xC5,0x10,0xC5,0x10,0xC5,0x10,0xC5,0x10,0xC5,0x10,0xC5,0x10,0xC5,0x10,0xC5,0x10,
0xC5,0x10,0xC5,0x10,0xC5,0x10,0xC5,0x10,0xC5,0x10,0xC5,0x10,0xC5,0x10,0xC5,0x10,0xC5,0x10,0xC5,0x10,0xC5,0x10,0xC5,0x10,
0xC5,0x10,0xC5,0x10,0xC5,0x10,0xC5,0x10,0xC5,0x10,0xC5,0x10,0xC5,0x10,0xC5,0x10,0xC5,0x10,0xC5,0x10,0xC5,0x10,0xC5,0x10,
0xC5,0x10,0xC5,0x10,0xC5,0x10,0xC5,0x10,0xC5,0x10,0xC5,0x10,0xC5,0x10,0xC5,0x10,0xC5,0x10,0xC5,0x10,0xC5,0x10,0xC5,0x10,
0xC5,0x10,0xC5,0x10,0xC5,0x10,0xC5,0x10,0xC5,0x10,0xC5,0x10,0xC5,0x10,0xCC,0x52,0xFF,0xFF,0xFF,0xFF,0xFF,0xFF,0x46,0x19,
0x93,0x8C,0xFF,0xFF,0xFF,0xFF,0xEC,0x52,0x26,0x19,0xFF,0xFF,0xFF,0xFF,0xFF,0xFF,0xFF,0xFF,0x18,0xBE,0xE5,0x10,0x52,0x84,
0xFF,0xFF,0xD7,0xB5,0xC5,0x10,0xC5,0x10,0xC5,0x10,0xC8,0x31,0x9E,0xEF,0x59,0xCE,0xC5,0x10,0xC5,0x10,0x2D,0x5B,0xFF,0xFF,
0xFF,0xFF,0xFF,0xFF,0xF8,0xBD,0x67,0x21,0xC5,0x10,0xC5,0x10,0xC5,0x10,0xC5,0x10,0xC5,0x10,0xC5,0x10,0xC5,0x10,0xC5,0x10,
0xC5,0x10,0x88,0x29,0xEC,0x52,0x2D,0x5B,0x2D,0x5B,0x2D,0x5B,0xAC,0x4A,0x46,0x19,0xC5,0x10,0xC5,0x10,0xC5,0x10,0xC5,0x10,
0x09,0x32,0x31,0x84,0xBA,0xD6,0x09,0x3A,0xC5,0x10,0xE5,0x10,0x76,0xAD,0xAC,0x4A,0xC5,0x10,0xC5,0x10,0xC5,0x10,0xC5,0x10,
0xC5,0x10,0x09,0x3A,0xD7,0xBD,0x47,0x21,0xC5,0x10,0x31,0x84,0xFF,0xFF,0xFF,0xFF,0xFF,0xFF,0xFF,0xFF,0xF8,0xBD,0xE5,0x10,
0xC5,0x10,0xC5,0x10,0xC5,0x10,0xC5,0x10,0xC5,0x10,0xC5,0x10,0xC5,0x10,0xC5,0x10,0xC5,0x10,0xC5,0x10,0xC5,0x10,0xC5,0x10,
0x46,0x19,0x09,0x3A,0x09,0x3A,0x09,0x3A,0x09,0x3A,0x09,0x3A,0x09,0x3A,0x09,0x3A,0x09,0x3A,0x09,0x3A,0x09,0x3A,0x09,0x3A,
0x09,0x3A,0x09,0x3A,0x46,0x21,0xC5,0x10,0xC5,0x10,0xC5,0x10,0xD3,0x94,0xFF,0xFF,0xFF,0xFF,0x39,0xC6,0xC5,0x10,0x26,0x19,
0x59,0xC6,0x6E,0x63,0xC5,0x10,0xC5,0x10,0xC5,0x10,0xC5,0x10,0xC5,0x10,0xC5,0x10,0xC5,0x10,0xC5,0x10,0xC5,0x10,0xC5,0x10,
0x06,0x19,0x93,0x8C,0x96,0xAD,0xC5,0x10,0xC5,0x10,0xC5,0x10,0xC5,0x10,0xC5,0x10,0xC5,0x10,0xC5,0x10,0xC5,0x10,0xC5,0x10,
0xC5,0x10,0xC5,0x10,0xC5,0x10,0xC5,0x10,0xC5,0x10,0xC5,0x10,0xC5,0x10,0xC5,0x10,0xC5,0x10,0xC5,0x10,0xC5,0x10,0xC5,0x10,
0xC5,0x10,0xC5,0x10,0xC5,0x10,0xC5,0x10,0xC5,0x10,0xC5,0x10,0xC5,0x10,0xC5,0x10,0xC5,0x10,0xC5,0x10,0xC5,0x10,0xC5,0x10,
0xC5,0x10,0xC5,0x10,0xC5,0x10,0xC5,0x10,0xC5,0x10,0xC5,0x10,0xC5,0x10,0xC5,0x10,0xC5,0x10,0xC5,0x10,0xC5,0x10,0xC5,0x10,
0xC5,0x10,0xC5,0x10,0xC5,0x10,0xC5,0x10,0xC5,0x10,0xC5,0x10,0xC5,0x10,0xC5,0x10,0xC5,0x10,0xC5,0x10,0xC5,0x10,0xC5,0x10,
0xC5,0x10,0xC5,0x10,0xC5,0x10,0xC5,0x10,0xC5,0x10,0xC5,0x10,0xC5,0x10,0xC5,0x10,0xC5,0x10,0xC5,0x10,0xC5,0x10,0xC5,0x10,
0xC5,0x10,0xC5,0x10,0xC5,0x10,0xC5,0x10,0xC5,0x10,0xC5,0x10,0xC5,0x10,0xC5,0x10,0xC5,0x10,0xC5,0x10,0xC5,0x10,0xC5,0x10,
0xC5,0x10,0xC5,0x10,0xC5,0x10,0xC5,0x10,0xC5,0x10,0xC5,0x10,0xC5,0x10,0xC5,0x10,0xC5,0x10,0xC5,0x10,0xC5,0x10,0xC5,0x10,
0xC5,0x10,0xC5,0x10,0xC5,0x10,0xC5,0x10,0xC5,0x10,0xC5,0x10,0xC5,0x10,0xC5,0x10,0xC5,0x10,0xC5,0x10,0xC5,0x10,0xC5,0x10,
0xC5,0x10,0xC5,0x10,0xC5,0x10,0xC5,0x10,0xC5,0x10,0xC5,0x10,0xC5,0x10,0x47,0x21,0x6F,0x6B,0x76,0xAD,0x7A,0xCE,0xC5,0x10,
0xC5,0x10,0x6E,0x63,0xD4,0x94,0xC5,0x10,0xC5,0x10,0x72,0x8C,0x72,0x8C,0xF0,0x7B,0xAC,0x4A,0xE5,0x10,0xC5,0x10,0xE5,0x10,
0x76,0xAD,0x46,0x19,0xC5,0x10,0xC5,0x10,0xC5,0x10,0xC5,0x10,0xCC,0x52,0x4E,0x63,0xC5,0x10,0xC5,0x10,0xC5,0x10,0x8F,0x6B,
0x9A,0xCE,0x0D,0x5B,0xC5,0x10,0xC5,0x10,0xC5,0x10,0xC5,0x10,0xC5,0x10,0xC5,0x10,0xC5,0x10,0xC5,0x10,0xC5,0x10,0xC5,0x10,
0xC5,0x10,0xC5,0x10,0xC5,0x10,0xC5,0x10,0xC5,0x10,0xC5,0x10,0xC5,0x10,0xC5,0x10,0xC5,0x10,0xC5,0x10,0xC5,0x10,0xC5,0x10,
0xC5,0x10,0xC5,0x10,0xC5,0x10,0xC5,0x10,0xC5,0x10,0xC5,0x10,0xC5,0x10,0xC5,0x10,0xC5,0x10,0xC5,0x10,0xC5,0x10,0xC5,0x10,
0xC5,0x10,0xC5,0x10,0xC5,0x10,0xC5,0x10,0xC5,0x10,0xC8,0x31,0xD0,0x73,0xAF,0x73,0x6E,0x63,0x4A,0x42,0xC5,0x10,0xC5,0x10,
0xC5,0x10,0xC5,0x10,0xC5,0x10,0xC5,0x10,0xC5,0x10,0xC5,0x10,0xC5,0x10,0xC5,0x10,0xC5,0x10,0xC5,0x10,0xC5,0x10,0xC5,0x10,
0xC5,0x10,0xC5,0x10,0xC5,0x10,0xC5,0x10,0xC5,0x10,0xC5,0x10,0xC5,0x10,0xC5,0x10,0xC5,0x10,0xC5,0x10,0xC5,0x10,0xC5,0x10,
0xC5,0x10,0xC5,0x10,0xC5,0x10,0xC5,0x10,0xC5,0x10,0xC5,0x10,0xC5,0x10,0xC5,0x10,0xC5,0x10,0xC5,0x10,0xC5,0x10,0xC5,0x10,
0xC5,0x10,0xC5,0x10,0xC5,0x10,0xC5,0x10,0xC5,0x10,0xC5,0x10,0xC5,0x10,0xC5,0x10,0xC5,0x10,0xC5,0x10,0xC5,0x10,0xC5,0x10,
0xC5,0x10,0xC5,0x10,0xC5,0x10,0xC5,0x10,0xC5,0x10,0xC5,0x10,0xC5,0x10,0xC5,0x10,0xC5,0x10,0xC5,0x10,0xC5,0x10,0xC5,0x10,
0xC5,0x10,0xC5,0x10,0xC5,0x10,0xC5,0x10,0xC5,0x10,0xC5,0x10,0xC5,0x10,0xC5,0x10,0xC5,0x10,0xC5,0x10,0xC5,0x10,0xC5,0x10,
0xC5,0x10,0xC5,0x10,0xC5,0x10,0xC5,0x10,0xC5,0x10,0xC5,0x10,0xC5,0x10,0xC5,0x10,0xC5,0x10,0xC5,0x10,0xC5,0x10,0xC5,0x10,
0xC5,0x10,0xC5,0x10,0xC5,0x10,0xC5,0x10,0xC5,0x10,0xC5,0x10,0xC5,0x10,0xC5,0x10,0xC5,0x10,0xC5,0x10,0xC5,0x10,0xC5,0x10,
0xC5,0x10,0xC5,0x10,0xC5,0x10,0xC5,0x10,0xC5,0x10,0xC5,0x10,0xC5,0x10,0xC5,0x10,0xC5,0x10,0xC5,0x10,0xC5,0x10,0xC5,0x10,
0xC5,0x10,0xC5,0x10,0xC5,0x10,0xC5,0x10,0xC5,0x10,0xC5,0x10,0xC5,0x10,0xC5,0x10,0xC5,0x10,0xC5,0x10,0xC5,0x10,0xC5,0x10,
0xC5,0x10,0xC5,0x10,0xC5,0x10,0xC5,0x10,0xC5,0x10,0xC5,0x10,0xC5,0x10,0xC5,0x10,0xC5,0x10,0xC5,0x10,0xC5,0x10,0xC5,0x10,
0xC5,0x10,0xC5,0x10,0xC5,0x10,0xC5,0x10,0xC5,0x10,0xC5,0x10,0xC5,0x10,0xC5,0x10,0xC5,0x10,0xC5,0x10,0xC5,0x10,0xC5,0x10,
0xC5,0x10,0xC5,0x10,0xC5,0x10,0xC5,0x10,0xC5,0x10,0xC5,0x10,0xC5,0x10,0xC5,0x10,0xC5,0x10,0xC5,0x10,0xC5,0x10,0xC5,0x10,
0xC5,0x10,0xC5,0x10,0xC5,0x10,0xC5,0x10,0xC5,0x10,0xC5,0x10,0xC5,0x10,0xC5,0x10,0xC5,0x10,0xC5,0x10,0xC5,0x10,0xC5,0x10,
0xC5,0x10,0xC5,0x10,0xC5,0x10,0xC5,0x10,0xC5,0x10,0xC5,0x10,0xC5,0x10,0xC5,0x10,0xC5,0x10,0xC5,0x10,0xC5,0x10,0xC5,0x10,
0xC5,0x10,0xC5,0x10,0xC5,0x10,0xC5,0x10,0xC5,0x10,0xC5,0x10,0xC5,0x10,0xC5,0x10,0xC5,0x10,0xC5,0x10,0xC5,0x10,0xC5,0x10,
0xC5,0x10,0xC5,0x10,0xC5,0x10,0xC5,0x10,0xC5,0x10,0xC5,0x10,0xC5,0x10,0xC5,0x10,0xC5,0x10,0xC5,0x10,0xC5,0x10,0xC5,0x10,
0xC5,0x10,0xC5,0x10,0xC5,0x10,0xC5,0x10,0xC5,0x10,0xC5,0x10,0xC5,0x10,0xC5,0x10,0xC5,0x10,0xC5,0x10,0xC5,0x10,0xC5,0x10,
0xC5,0x10,0xC5,0x10,0xC5,0x10,0xC5,0x10,0xC5,0x10,0xC5,0x10,0xC5,0x10,0xC5,0x10,0xC5,0x10,0xC5,0x10,0xC5,0x10,0xC5,0x10,
0xC5,0x10,0xC5,0x10,0xC5,0x10,0xC5,0x10,0xC5,0x10,0xC5,0x10,0xC5,0x10,0xC5,0x10,0xC5,0x10,0xC5,0x10,0xC5,0x10,0xC5,0x10,
0xC5,0x10,0xC5,0x10,0xC5,0x10,0xC5,0x10,0xC5,0x10,0xC5,0x10,0xC5,0x10,0xC5,0x10,0xC5,0x10,0xC5,0x10,0xC5,0x10,0xC5,0x10,
0xC5,0x10,0xC5,0x10,0xC5,0x10,0xC5,0x10,0xC5,0x10,0xC5,0x10,0xC5,0x10,0xC5,0x10,0xC5,0x10,0xC5,0x10,0xC5,0x10,0xC5,0x10,
0xC5,0x10,0xC5,0x10,0xC5,0x10,0xC5,0x10,0xC5,0x10,0xC5,0x10,0xC5,0x10,0xC5,0x10,0xC5,0x10,0xC5,0x10,0xC5,0x10,0xC5,0x10,
0xC5,0x10,0xC5,0x10,0xC5,0x10,0xC5,0x10,0xC5,0x10,0xC5,0x10,0xC5,0x10,0xC5,0x10,0xC5,0x10,0xC5,0x10,0xC5,0x10,0xC5,0x10,
0xC5,0x10,0xC5,0x10,0xC5,0x10,0xC5,0x10,0xC5,0x10,0xC5,0x10,0xC5,0x10,0xC5,0x10,0xC5,0x10,0xC5,0x10,0xC5,0x10,0xC5,0x10,
0xC5,0x10,0xC5,0x10,0xC5,0x10,0xC5,0x10,0xC5,0x10,0xC5,0x10,0xC5,0x10,0xC5,0x10,0xC5,0x10,0xC5,0x10,0xC5,0x10,0xC5,0x10,
0xC5,0x10,0xC5,0x10,0xC5,0x10,0xC5,0x10,0xC5,0x10,0xC5,0x10,0xC5,0x10,0xC5,0x10,0xC5,0x10,0xC5,0x10,0xC5,0x10,0xC5,0x10,
0xC5,0x10,0xC5,0x10,0xC5,0x10,0xC5,0x10,0xC5,0x10,0xC5,0x10,0xC5,0x10,0xC5,0x10,0xC5,0x10,0xC5,0x10,0xC5,0x10,0xC5,0x10,
0xC5,0x10,0xC5,0x10,0xC5,0x10,0xC5,0x10,0xC5,0x10,0xC5,0x10,0xC5,0x10,0xC5,0x10,0xC5,0x10,0xC5,0x10,0xC5,0x10,0xC5,0x10,
0xC5,0x10,0xC5,0x10,0xC5,0x10,0xC5,0x10,0xC5,0x10,0xC5,0x10,0xC5,0x10,0xC5,0x10,0xC5,0x10,0xC5,0x10,0xC5,0x10,0xC5,0x10,
0xC5,0x10,0xC5,0x10,0xC5,0x10,0xC5,0x10,0xC5,0x10,0xC5,0x10,0xC5,0x10,0xC5,0x10,0xC5,0x10,0xC5,0x10,0xC5,0x10,0xC5,0x10,
0xC5,0x10,0xC5,0x10,0xC5,0x10,0xC5,0x10,0xC5,0x10,0xC5,0x10,0xC5,0x10,0xC5,0x10,0xC5,0x10,0xC5,0x10,0xC5,0x10,0xC5,0x10,
0xC5,0x10,0xC5,0x10,0xC5,0x10,0xC5,0x10,0xC5,0x10,0xC5,0x10,0xC5,0x10,0xC5,0x10,0xC5,0x10,0xC5,0x10,0xC5,0x10,0xC5,0x10,
0xC5,0x10,0xC5,0x10,0xC5,0x10,0xC5,0x10,0xC5,0x10,0xC5,0x10,0xC5,0x10,0xC5,0x10,0xC5,0x10,0xC5,0x10,0xC5,0x10,0xC5,0x10,
0xC5,0x10,0xC5,0x10,0xC5,0x10,0xC5,0x10,0xC5,0x10,0xC5,0x10,0xC5,0x10,0xC5,0x10,0xC5,0x10,0xC5,0x10,0xC5,0x10,0xC5,0x10,
0xC5,0x10,0xC5,0x10,0xC5,0x10,0xC5,0x10,0xC5,0x10,0xC5,0x10,0xC5,0x10,0xC5,0x10,0xC5,0x10,0xC5,0x10,0xC5,0x10,0xC5,0x10,
0xC5,0x10,0xC5,0x10,0xC5,0x10,0xC5,0x10,0xC5,0x10,0xC5,0x10,0xC5,0x10,0xC5,0x10,0xC5,0x10,0xC5,0x10,0xC5,0x10,0xC5,0x10,
0xC5,0x10,0xC5,0x10,0xC5,0x10,0xC5,0x10,0xC5,0x10,0xC5,0x10,0xC5,0x10,0xC5,0x10,0xC5,0x10,0xC5,0x10,0xC5,0x10,0xC5,0x10,
0xC5,0x10,0xC5,0x10,0xC5,0x10,0xC5,0x10,0xC5,0x10,0xC5,0x10,0xC5,0x10,0xC5,0x10,0xC5,0x10,0xC5,0x10,0xC5,0x10,0xC5,0x10,
0xC5,0x10,0xC5,0x10,0xC5,0x10,0xC5,0x10,0xC5,0x10,0xC5,0x10,0xC5,0x10,0xC5,0x10,0xC5,0x10,0xC5,0x10,0xC5,0x10,0xC5,0x10,
0xC5,0x10,0xC5,0x10,0xC5,0x10,0xC5,0x10,0xC5,0x10,0xC5,0x10,0xC5,0x10,0xC5,0x10,0xC5,0x10,0xC5,0x10,0xC5,0x10,0xC5,0x10,
0xC5,0x10,0xC5,0x10,0xC5,0x10,0xC5,0x10,0xC5,0x10,0xC5,0x10,0xC5,0x10,0xC5,0x10,0xC5,0x10,0xC5,0x10,0xC5,0x10,0xC5,0x10,
0xC5,0x10,0xC5,0x10,0xC5,0x10,0xC5,0x10,0xC5,0x10,0xC5,0x10,0xC5,0x10,0xC5,0x10,0xC5,0x10,0xC5,0x10,0xC5,0x10,0xC5,0x10,
0xC5,0x10,0xC5,0x10,0xC5,0x10,0xC5,0x10,0xC5,0x10,0xC5,0x10,0xC5,0x10,0xC5,0x10,0xC5,0x10,0xC5,0x10,0xC5,0x10,0xC5,0x10,
0xC5,0x10,0xC5,0x10,0xC5,0x10,0xC5,0x10,0xC5,0x10,0xC5,0x10,0xC5,0x10,0xC5,0x10,0xC5,0x10,0xC5,0x10,0xC5,0x10,0xC5,0x10,
0xC5,0x10,0xC5,0x10,0xC5,0x10,0xC5,0x10,0xC5,0x10,0xC5,0x10,0xC5,0x10,0xC5,0x10,0xC5,0x10,0xC5,0x10,0xC5,0x10,0xC5,0x10,
0xC5,0x10,0xC5,0x10,0xC5,0x10,0xC5,0x10,0xC5,0x10,0xC5,0x10,0xC5,0x10,0xC5,0x10,0xC5,0x10,0xC5,0x10,0xC5,0x10,0xC5,0x10,
0xC5,0x10,0xC5,0x10,0xC5,0x10,0xC5,0x10,0xC5,0x10,0xC5,0x10,0xC5,0x10,0xC5,0x10,0xC5,0x10,0xC5,0x10,0xC5,0x10,0xC5,0x10,
0xC5,0x10,0xC5,0x10,0xC5,0x10,0xC5,0x10,0xC5,0x10,0xC5,0x10,0xC5,0x10,0xC5,0x10,0xC5,0x10,0xC5,0x10,0xC5,0x10,0xC5,0x10,
0xC5,0x10,0xC5,0x10,0xC5,0x10,0xC5,0x10,0xC5,0x10,0xC5,0x10,0xC5,0x10,0xC5,0x10,0xC5,0x10,0xC5,0x10,0xC5,0x10,0xC5,0x10,
0xC5,0x10,0xC5,0x10,0xC5,0x10,0xC5,0x10,0xC5,0x10,0xC5,0x10,0xC5,0x10,0xC5,0x10,0xC5,0x10,0xC5,0x10,0xC5,0x10,0xC5,0x10,
0xC5,0x10,0xC5,0x10,0xC5,0x10,0xC5,0x10,0xC5,0x10,0xC5,0x10,0xC5,0x10,0xC5,0x10,0xC5,0x10,0xC5,0x10,0xC5,0x10,0xC5,0x10,
0xC5,0x10,0xC5,0x10,0xC5,0x10,0xC5,0x10,0xC5,0x10,0xC5,0x10,0xC5,0x10,0xC5,0x10,0xC5,0x10,0xC5,0x10,0xC5,0x10,0xC5,0x10,
0xC5,0x10,0xC5,0x10,0xC5,0x10,0xC5,0x10,0xC5,0x10,0xC5,0x10,0xC5,0x10,0xC5,0x10,0xC5,0x10,0xC5,0x10,0xC5,0x10,0xC5,0x10,
0xC5,0x10,0xC5,0x10,0xC5,0x10,0xC5,0x10,0xC5,0x10,0xC5,0x10,0xC5,0x10,0xC5,0x10,0xC5,0x10,0xC5,0x10,0xC5,0x10,0xC5,0x10,
0xC5,0x10,0xC5,0x10,0xC5,0x10,0xC5,0x10,0xC5,0x10,0xC5,0x10,0xC5,0x10,0xC5,0x10,0xC5,0x10,0xC5,0x10,0xC5,0x10,0xC5,0x10,
0xC5,0x10,0xC5,0x10,0xC5,0x10,0xC5,0x10,0xC5,0x10,0xC5,0x10,0xC5,0x10,0xC5,0x10,0xC5,0x10,0xC5,0x10,0xC5,0x10,0xC5,0x10,
0xC5,0x10,0xC5,0x10,0xC5,0x10,0xC5,0x10,0xC5,0x10,0xC5,0x10,0xC5,0x10,0xC5,0x10,0xC5,0x10,0xC5,0x10,0xC5,0x10,0xC5,0x10,
0xC5,0x10,0xC5,0x10,0xC5,0x10,0xC5,0x10,0xC5,0x10,0xC5,0x10,0xC5,0x10,0xC5,0x10,0xC5,0x10,0xC5,0x10,0xC5,0x10,0xC5,0x10,
0xC5,0x10,0xC5,0x10,0xC5,0x10,0xC5,0x10,0xC5,0x10,0xC5,0x10,0xC5,0x10,0xC5,0x10,0xC5,0x10,0xC5,0x10,0xC5,0x10,0xC5,0x10,
0xC5,0x10,0xC5,0x10,0xC5,0x10,0xC5,0x10,0xC5,0x10,0xC5,0x10,0xC5,0x10,0xC5,0x10,0xC5,0x10,0xC5,0x10,0xC5,0x10,0xC5,0x10,
0xC5,0x10,0xC5,0x10,0xC5,0x10,0xC5,0x10,0xC5,0x10,0xC5,0x10,0xC5,0x10,0xC5,0x10,0xC5,0x10,0xC5,0x10,0xC5,0x10,0xC5,0x10,
0xC5,0x10,0xC5,0x10,0xC5,0x10,0xC5,0x10,0xC5,0x10,0xC5,0x10,0xC5,0x10,0xC5,0x10,0xC5,0x10,0xC5,0x10,0xC5,0x10,0xC5,0x10,
0xC5,0x10,0xC5,0x10,0xC5,0x10,0xC5,0x10,0xC5,0x10,0xC5,0x10,0xC5,0x10,0xC5,0x10,0xC5,0x10,0xC5,0x10,0xC5,0x10,0xC5,0x10,
0xC5,0x10,0xC5,0x10,0xC5,0x10,0xC5,0x10,0xC5,0x10,0xC5,0x10,0xC5,0x10,0xC5,0x10,0xC5,0x10,0xC5,0x10,0xC5,0x10,0xC5,0x10,
0xC5,0x10,0xC5,0x10,0xC5,0x10,0xC5,0x10,0xC5,0x10,0xC5,0x10,0xC5,0x10,0xC5,0x10,0xC5,0x10,0xC5,0x10,0xC5,0x10,0xC5,0x10,
0xC5,0x10,0xC5,0x10,0xC5,0x10,0xC5,0x10,0xC5,0x10,0xC5,0x10,0xC5,0x10,0xC5,0x10,0xC5,0x10,0xC5,0x10,0xC5,0x10,0xC5,0x10,
0xC5,0x10,0xC5,0x10,0xC5,0x10,0xC5,0x10,0xC5,0x10,0xC5,0x10,0xC5,0x10,0xC5,0x10,0xC5,0x10,0xC5,0x10,0xC5,0x10,0xC5,0x10,
0xC5,0x10,0xC5,0x10,0xC5,0x10,0xC5,0x10,0xC5,0x10,0xC5,0x10,0xC5,0x10,0xC5,0x10,0xC5,0x10,0xC5,0x10,0xC5,0x10,0xC5,0x10,
0xC5,0x10,0xC5,0x10,0xC5,0x10,0xC5,0x10,0xC5,0x10,0xC5,0x10,0xC5,0x10,0xC5,0x10,0xC5,0x10,0xC5,0x10,0xC5,0x10,0xC5,0x10,
0xC5,0x10,0xC5,0x10,0xC5,0x10,0xC5,0x10,0xC5,0x10,0xC5,0x10,0xC5,0x10,0xC5,0x10,0xC5,0x10,0xC5,0x10,0xC5,0x10,0xC5,0x10,
0xC5,0x10,0xC5,0x10,0xC5,0x10,0xC5,0x10,0xC5,0x10,0xC5,0x10,0xC5,0x10,0xC5,0x10,0xC5,0x10,0xC5,0x10,0xC5,0x10,0xC5,0x10,
0xC5,0x10,0xC5,0x10,0xC5,0x10,0xC5,0x10,0xC5,0x10,0xC5,0x10,0xC5,0x10,0xC5,0x10,0xC5,0x10,0xC5,0x10,0xC5,0x10,0xC5,0x10,
0xC5,0x10,0xC5,0x10,0xC5,0x10,0xC5,0x10,0xC5,0x10,0xC5,0x10,0xC5,0x10,0xC5,0x10,0xC5,0x10,0xC5,0x10,0xC5,0x10,0xC5,0x10,
0xC5,0x10,0xC5,0x10,0xC5,0x10,0xC5,0x10,0xC5,0x10,0xC5,0x10,0xC5,0x10,0xC5,0x10,0xC5,0x10,0xC5,0x10,0xC5,0x10,0xC5,0x10,
0xC5,0x10,0xC5,0x10,0xC5,0x10,0xC5,0x10,0xC5,0x10,0xC5,0x10,0xC5,0x10,0xC5,0x10,0xC5,0x10,0xC5,0x10,0xC5,0x10,0xC5,0x10,
0xC5,0x10,0xC5,0x10,0xC5,0x10,0xC5,0x10,0xC5,0x10,0xC5,0x10,0xC5,0x10,0xC5,0x10,0xC5,0x10,0xC5,0x10,0xC5,0x10,0xC5,0x10,
0xC5,0x10,0xC5,0x10,0xC5,0x10,0xC5,0x10,0xC5,0x10,0xC5,0x10,0xC5,0x10,0xC5,0x10,0xC5,0x10,0xC5,0x10,0xC5,0x10,0xC5,0x10,
0xC5,0x10,0xC5,0x10,0xC5,0x10,0xC5,0x10,0xC5,0x10,0xC5,0x10,0xC5,0x10,0xC5,0x10,0xC5,0x10,0xC5,0x10,0xC5,0x10,0xC5,0x10,
0xC5,0x10,0xC5,0x10,0xC5,0x10,0xC5,0x10,0xC5,0x10,0xC5,0x10,0xC5,0x10,0xC5,0x10,0xC5,0x10,0xC5,0x10,0xC5,0x10,0xC5,0x10,
0xC5,0x10,0xC5,0x10,0xC5,0x10,0xC5,0x10,0xC5,0x10,0xC5,0x10,0xC5,0x10,0xC5,0x10,0xC5,0x10,0xC5,0x10,0xC5,0x10,0xC5,0x10,
0xC5,0x10,0xC5,0x10,0xC5,0x10,0xC5,0x10,0xC5,0x10,0xC5,0x10,0xC5,0x10,0xC5,0x10,0xC5,0x10,0xC5,0x10,0xC5,0x10,0xC5,0x10,
0xC5,0x10,0xC5,0x10,0xC5,0x10,0xC5,0x10,0xC5,0x10,0xC5,0x10,0xC5,0x10,0xC5,0x10,0xC5,0x10,0xC5,0x10,0xC5,0x10,0xC5,0x10,
0xC5,0x10,0xC5,0x10,0xC5,0x10,0xC5,0x10,0xC5,0x10,0xC5,0x10,0xC5,0x10,0xC5,0x10,0xC5,0x10,0xC5,0x10,0xC5,0x10,0xC5,0x10,
0xC5,0x10,0xC5,0x10,0xC5,0x10,0xC5,0x10,0xC5,0x10,0xC5,0x10,0xC5,0x10,0xC5,0x10,0xC5,0x10,0xC5,0x10,0xC5,0x10,0xC5,0x10,
0xC5,0x10,0xC5,0x10,0xC5,0x10,0xC5,0x10,0xC5,0x10,0xC5,0x10,0xC5,0x10,0xC5,0x10,0xC5,0x10,0xC5,0x10,0xC5,0x10,0xC5,0x10,
0xC5,0x10,0xC5,0x10,0xC5,0x10,0xC5,0x10,0xC5,0x10,0xC5,0x10,0xC5,0x10,0xC5,0x10,0xC5,0x10,0xC5,0x10,0xC5,0x10,0xC5,0x10,
0xC5,0x10,0xC5,0x10,0xC5,0x10,0xC5,0x10,0xC5,0x10,0xC5,0x10,0xC5,0x10,0xC5,0x10,0xC5,0x10,0xC5,0x10,0xC5,0x10,0xC5,0x10,
0xC5,0x10,0xC5,0x10,0xC5,0x10,0xC5,0x10,0xC5,0x10,0xC5,0x10,0xC5,0x10,0xC5,0x10,0xC5,0x10,0xC5,0x10,0xC5,0x10,0xC5,0x10,
0xC5,0x10,0xC5,0x10,0xC5,0x10,0xC5,0x10,0xC5,0x10,0xC5,0x10,0xC5,0x10,0xC5,0x10,0xC5,0x10,0xC5,0x10,0xC5,0x10,0xC5,0x10,
0xC5,0x10,0xC5,0x10,0xC5,0x10,0xC5,0x10,0xC5,0x10,0xC5,0x10,0xC5,0x10,0xC5,0x10,0xC5,0x10,0xC5,0x10,0xC5,0x10,0xC5,0x10,
0xC5,0x10,0xC5,0x10,0xC5,0x10,0xC5,0x10,0xC5,0x10,0xC5,0x10,0xC5,0x10,0xC5,0x10,0xC5,0x10,0xC5,0x10,0xC5,0x10,0xC5,0x10,
0xC5,0x10,0xC5,0x10,0xC5,0x10,0xC5,0x10,0xC5,0x10,0xC5,0x10,0xC5,0x10,0xC5,0x10,0xC5,0x10,0xC5,0x10,0xC5,0x10,0xC5,0x10,
0xC5,0x10,0xC5,0x10,0xC5,0x10,0xC5,0x10,0xC5,0x10,0xC5,0x10,0xC5,0x10,0xC5,0x10,0xC5,0x10,0xC5,0x10,0xC5,0x10,0xC5,0x10,
0xC5,0x10,0xC5,0x10,0xC5,0x10,0xC5,0x10,0xC5,0x10,0xC5,0x10,0xC5,0x10,0xC5,0x10,0xC5,0x10,0xC5,0x10,0xC5,0x10,0xC5,0x10,
0xC5,0x10,0xC5,0x10,0xC5,0x10,0xC5,0x10,0xC5,0x10,0xC5,0x10,0xC5,0x10,0xC5,0x10,0xC5,0x10,0xC5,0x10,0xC5,0x10,0xC5,0x10,
0xC5,0x10,0xC5,0x10,0xC5,0x10,0xC5,0x10,0xC5,0x10,0xC5,0x10,0xC5,0x10,0xC5,0x10,0xC5,0x10,0xC5,0x10,0xC5,0x10,0xC5,0x10,
0xC5,0x10,0xC5,0x10,0xC5,0x10,0xC5,0x10,0xC5,0x10,0xC5,0x10,0xC5,0x10,0xC5,0x10,0xC5,0x10,0xC5,0x10,0xC5,0x10,0xC5,0x10,
0xC5,0x10,0xC5,0x10,0xC5,0x10,0xC5,0x10,0xC5,0x10,0xC5,0x10,0xC5,0x10,0xC5,0x10,0xC5,0x10,0xC5,0x10,0xC5,0x10,0xC5,0x10,
0xC5,0x10,0xC5,0x10,0xC5,0x10,0xC5,0x10,0xC5,0x10,0xC5,0x10,0xC5,0x10,0xC5,0x10,0xC5,0x10,0xC5,0x10,0xC5,0x10,0xC5,0x10,
0xC5,0x10,0xC5,0x10,0xC5,0x10,0xC5,0x10,0xC5,0x10,0xC5,0x10,0xC5,0x10,0xC5,0x10,0xC5,0x10,0xC5,0x10,0xC5,0x10,0xC5,0x10,
0xC5,0x10,0xC5,0x10,0xC5,0x10,0xC5,0x10,0xC5,0x10,0xC5,0x10,0xC5,0x10,0xC5,0x10,0xC5,0x10,0xC5,0x10,0xC5,0x10,0xC5,0x10,
0xC5,0x10,0xC5,0x10,0xC5,0x10,0xC5,0x10,0xC5,0x10,0xC5,0x10,0xC5,0x10,0xC5,0x10,0xC5,0x10,0xC5,0x10,0xC5,0x10,0xC5,0x10,
0xC5,0x10,0xC5,0x10,0xC5,0x10,0xC5,0x10,0xC5,0x10,0xC5,0x10,0xC5,0x10,0xC5,0x10,0xC5,0x10,0xC5,0x10,0xC5,0x10,0xC5,0x10,
0xC5,0x10,0xC5,0x10,0xC5,0x10,0xC5,0x10,0xC5,0x10,0xC5,0x10,0xC5,0x10,0xC5,0x10,0xC5,0x10,0xC5,0x10,0xC5,0x10,0xC5,0x10,
0xC5,0x10,0xC5,0x10,0xC5,0x10,0xC5,0x10,0xC5,0x10,0xC5,0x10,0xC5,0x10,0xC5,0x10,0xC5,0x10,0xC5,0x10,0xC5,0x10,0xC5,0x10,
0xC5,0x10,0xC5,0x10,0xC5,0x10,0xC5,0x10,0xC5,0x10,0xC5,0x10,0xC5,0x10,0xC5,0x10,0xC5,0x10,0xC5,0x10,0xC5,0x10,0xC5,0x10,
0xC5,0x10,0xC5,0x10,0xC5,0x10,0xC5,0x10,0xC5,0x10,0xC5,0x10,0xC5,0x10,0xC5,0x10,0xC5,0x10,0xC5,0x10,0xC5,0x10,0xC5,0x10,
0xC5,0x10,0xC5,0x10,0xC5,0x10,0xC5,0x10,0xC5,0x10,0xC5,0x10,0xC5,0x10,0xC5,0x10,0xC5,0x10,0xC5,0x10,0xC5,0x10,0xC5,0x10,
0xC5,0x10,0xC5,0x10,0xC5,0x10,0xC5,0x10,0xC5,0x10,0xC5,0x10,0xC5,0x10,0xC5,0x10,0xC5,0x10,0xC5,0x10,0xC5,0x10,0xC5,0x10,
0xC5,0x10,0xC5,0x10,0xC5,0x10,0xC5,0x10,0xC5,0x10,0xC5,0x10,0xC5,0x10,0xC5,0x10,0xC5,0x10,0xC5,0x10,0xC5,0x10,0xC5,0x10,
0xC5,0x10,0xC5,0x10,0xC5,0x10,0xC5,0x10,0xC5,0x10,0xC5,0x10,0xC5,0x10,0xC5,0x10,0xC5,0x10,0xC5,0x10,0xC5,0x10,0xC5,0x10,
0xC5,0x10,0xC5,0x10,0xC5,0x10,0xC5,0x10,0xC5,0x10,0xC5,0x10,0xC5,0x10,0xC5,0x10,0xC5,0x10,0xC5,0x10,0xC5,0x10,0xC5,0x10,
0xC5,0x10,0xC5,0x10,0xC5,0x10,0xC5,0x10,0xC5,0x10,0xC5,0x10,0xC5,0x10,0xC5,0x10,0xC5,0x10,0xC5,0x10,0xC5,0x10,0xC5,0x10,
0xC5,0x10,0xC5,0x10,0xC5,0x10,0xC5,0x10,0xC5,0x10,0xC5,0x10,0xC5,0x10,0xC5,0x10,0xC5,0x10,0xC5,0x10,0xC5,0x10,0xC5,0x10,
0xC5,0x10,0xC5,0x10,0xC5,0x10,0xC5,0x10,0xC5,0x10,0xC5,0x10,0xC5,0x10,0xC5,0x10,0xC5,0x10,0xC5,0x10,0xC5,0x10,0xC5,0x10,
0xC5,0x10,0xC5,0x10,0xC5,0x10,0xC5,0x10,0xC5,0x10,0xC5,0x10,0xC5,0x10,0xC5,0x10,0xC5,0x10,0xC5,0x10,0xC5,0x10,0xC5,0x10,
0xC5,0x10,0xC5,0x10,0xC5,0x10,0xC5,0x10,0xC5,0x10,0xC5,0x10,0xC5,0x10,0xC5,0x10,0xC5,0x10,0xC5,0x10,0xC5,0x10,0xC5,0x10,
0xC5,0x10,0xC5,0x10,0xC5,0x10,0xC5,0x10,0xC5,0x10,0xC5,0x10,0xC5,0x10,0xC5,0x10,0xC5,0x10,0xC5,0x10,0xC5,0x10,0xC5,0x10,
0xC5,0x10,0xC5,0x10,0xC5,0x10,0xC5,0x10,0xC5,0x10,0xC5,0x10,0xC5,0x10,0xC5,0x10,0xC5,0x10,0xC5,0x10,0xC5,0x10,0xC5,0x10,
0xC5,0x10,0xC5,0x10,0xC5,0x10,0xC5,0x10,0xC5,0x10,0xC5,0x10,0xC5,0x10,0xC5,0x10,0xC5,0x10,0xC5,0x10,0xC5,0x10,0xC5,0x10,
0xC5,0x10,0xC5,0x10,0xC5,0x10,0xC5,0x10,0xC5,0x10,0xC5,0x10,0xC5,0x10,0xC5,0x10,0xC5,0x10,0xC5,0x10,0xC5,0x10,0xC5,0x10,
0xC5,0x10,0xC5,0x10,0xC5,0x10,0xC5,0x10,0xC5,0x10,0xC5,0x10,0xC5,0x10,0xC5,0x10,0xC5,0x10,0xC5,0x10,0xC5,0x10,0xC5,0x10,
0xC5,0x10,0xC5,0x10,0xC5,0x10,0xC5,0x10,0xC5,0x10,0xC5,0x10,0xC5,0x10,0xC5,0x10,0xC5,0x10,0xC5,0x10,0xC5,0x10,0xC5,0x10,
0xC5,0x10,0xC5,0x10,0xC5,0x10,0xC5,0x10,0xC5,0x10,0xC5,0x10,0xC5,0x10,0xC5,0x10,0xC5,0x10,0xC5,0x10,0xC5,0x10,0xC5,0x10,
0xC5,0x10,0xC5,0x10,0xC5,0x10,0xC5,0x10,0xC5,0x10,0xC5,0x10,0xC5,0x10,0xC5,0x10,0xC5,0x10,0xC5,0x10,0xC5,0x10,0xC5,0x10,
0xC5,0x10,0xC5,0x10,0xC5,0x10,0xC5,0x10,0xC5,0x10,0xC5,0x10,0xC5,0x10,0xC5,0x10,0xC5,0x10,0xC5,0x10,0xC5,0x10,0xC5,0x10,
0xC5,0x10,0xC5,0x10,0xC5,0x10,0xC5,0x10,0xC5,0x10,0xC5,0x10,0xC5,0x10,0xC5,0x10,0xC5,0x10,0xC5,0x10,0xC5,0x10,0xC5,0x10,
0xC5,0x10,0xC5,0x10,0xC5,0x10,0xC5,0x10,0xC5,0x10,0xC5,0x10,0xC5,0x10,0xC5,0x10,0xC5,0x10,0xC5,0x10,0xC5,0x10,0xC5,0x10,
0xC5,0x10,0xC5,0x10,0xC5,0x10,0xC5,0x10,0xC5,0x10,0xC5,0x10,0xC5,0x10,0xC5,0x10,0xC5,0x10,0xC5,0x10,0xC5,0x10,0xC5,0x10,
0xC5,0x10,0xC5,0x10,0xC5,0x10,0xC5,0x10,0xC5,0x10,0xC5,0x10,0xC5,0x10,0xC5,0x10,0xC5,0x10,0xC5,0x10,0xC5,0x10,0xC5,0x10,
0xC5,0x10,0xC5,0x10,0xC5,0x10,0xC5,0x10,0xC5,0x10,0xC5,0x10,0xC5,0x10,0xC5,0x10,0xC5,0x10,0xC5,0x10,0xC5,0x10,0xC5,0x10,
0xC5,0x10,0xC5,0x10,0xC5,0x10,0xC5,0x10,0xC5,0x10,0xC5,0x10,0xC5,0x10,0xC5,0x10,0xC5,0x10,0xC5,0x10,0xC5,0x10,0xC5,0x10,
0xC5,0x10,0xC5,0x10,0xC5,0x10,0xC5,0x10,0xC5,0x10,0xC5,0x10,0xC5,0x10,0xC5,0x10,0xC5,0x10,0xC5,0x10,0xC5,0x10,0xC5,0x10,
0xC5,0x10,0xC5,0x10,0xC5,0x10,0xC5,0x10,0xC5,0x10,0xC5,0x10,0xC5,0x10,0xC5,0x10,0xC5,0x10,0xC5,0x10,0xC5,0x10,0xC5,0x10,
0xC5,0x10,0xC5,0x10,0xC5,0x10,0xC5,0x10,0xC5,0x10,0xC5,0x10,0xC5,0x10,0xC5,0x10,0xC5,0x10,0xC5,0x10,0xC5,0x10,0xC5,0x10,
0xC5,0x10,0xC5,0x10,0xC5,0x10,0xC5,0x10,0xC5,0x10,0xC5,0x10,0xC5,0x10,0xC5,0x10,0xC5,0x10,0xC5,0x10,0xC5,0x10,0xC5,0x10,
0xC5,0x10,0xC5,0x10,0xC5,0x10,0xC5,0x10,0xC5,0x10,0xC5,0x10,0xC5,0x10,0xC5,0x10,0xC5,0x10,0xC5,0x10,0xC5,0x10,0xC5,0x10,
0xC5,0x10,0xC5,0x10,0xC5,0x10,0xC5,0x10,0xC5,0x10,0xC5,0x10,0xC5,0x10,0xC5,0x10,0xC5,0x10,0xC5,0x10,0xC5,0x10,0xC5,0x10,
0xC5,0x10,0xC5,0x10,0xC5,0x10,0xC5,0x10,0xC5,0x10,0xC5,0x10,0xC5,0x10,0xC5,0x10,0xC5,0x10,0xC5,0x10,0xC5,0x10,0xC5,0x10,
0xC5,0x10,0xC5,0x10,0xC5,0x10,0xC5,0x10,0xC5,0x10,0xC5,0x10,0xC5,0x10,0xC5,0x10,0xC5,0x10,0xC5,0x10,0xC5,0x10,0xC5,0x10,
0xC5,0x10,0xC5,0x10,0xC5,0x10,0xC5,0x10,0xC5,0x10,0xC5,0x10,0xC5,0x10,0xC5,0x10,0xC5,0x10,0xC5,0x10,0xC5,0x10,0xC5,0x10,
0xC5,0x10,0xC5,0x10,0xC5,0x10,0xC5,0x10,0xC5,0x10,0xC5,0x10,0xC5,0x10,0xC5,0x10,0xC5,0x10,0xC5,0x10,0xC5,0x10,0xC5,0x10,
0xC5,0x10,0xC5,0x10,0xC5,0x10,0xC5,0x10,0xC5,0x10,0xC5,0x10,0xC5,0x10,0xC5,0x10,0xC5,0x10,0xC5,0x10,0xC5,0x10,0xC5,0x10,
0xC5,0x10,0xC5,0x10,0xC5,0x10,0xC5,0x10,0xC5,0x10,0xC5,0x10,0xC5,0x10,0xC5,0x10,0xC5,0x10,0xC5,0x10,0xC5,0x10,0xC5,0x10,
0xC5,0x10,0xC5,0x10,0xC5,0x10,0xC5,0x10,0xC5,0x10,0xC5,0x10,0xC5,0x10,0xC5,0x10,0xC5,0x10,0xC5,0x10,0xC5,0x10,0xC5,0x10,
0xC5,0x10,0xC5,0x10,0xC5,0x10,0xC5,0x10,0xC5,0x10,0xC5,0x10,0xC5,0x10,0xC5,0x10,0xC5,0x10,0xC5,0x10,0xC5,0x10,0xC5,0x10,
0xC5,0x10,0xC5,0x10,0xC5,0x10,0xC5,0x10,0xC5,0x10,0xC5,0x10,0xC5,0x10,0xC5,0x10,0xC5,0x10,0xC5,0x10,0xC5,0x10,0xC5,0x10,
0xC5,0x10,0xC5,0x10,0xC5,0x10,0xC5,0x10,0xC5,0x10,0xC5,0x10,0xC5,0x10,0xC5,0x10,0xC5,0x10,0xC5,0x10,0xC5,0x10,0xC5,0x10,
0xC5,0x10,0xC5,0x10,0xC5,0x10,0xC5,0x10,0xC5,0x10,0xC5,0x10,0xC5,0x10,0xC5,0x10,0xC5,0x10,0xC5,0x10,0xC5,0x10,0xC5,0x10,
0xC5,0x10,0xC5,0x10,0xC5,0x10,0xC5,0x10,0xC5,0x10,0xC5,0x10,0xC5,0x10,0xC5,0x10,0xC5,0x10,0xC5,0x10,0xC5,0x10,0xC5,0x10,
0xC5,0x10,0xC5,0x10,0xC5,0x10,0xC5,0x10,0xC5,0x10,0xC5,0x10,0xC5,0x10,0xC5,0x10,0xC5,0x10,0xC5,0x10,0xC5,0x10,0xC5,0x10,
0xC5,0x10,0xC5,0x10,0xC5,0x10,0xC5,0x10,0xC5,0x10,0xC5,0x10,0xC5,0x10,0xC5,0x10,0xC5,0x10,0xC5,0x10,0xC5,0x10,0xC5,0x10,
0xC5,0x10,0xC5,0x10,0xC5,0x10,0xC5,0x10,0xC5,0x10,0xC5,0x10,0xC5,0x10,0xC5,0x10,0xC5,0x10,0xC5,0x10,0xC5,0x10,0xC5,0x10,
0xC5,0x10,0xC5,0x10,0xC5,0x10,0xC5,0x10,0xC5,0x10,0xC5,0x10,0xC5,0x10,0xC5,0x10,0xC5,0x10,0xC5,0x10,0xC5,0x10,0xC5,0x10,
0xC5,0x10,0xC5,0x10,0xC5,0x10,0xC5,0x10,0xC5,0x10,0xC5,0x10,0xC5,0x10,0xC5,0x10,0xC5,0x10,0xC5,0x10,0xC5,0x10,0xC5,0x10,
0xC5,0x10,0xC5,0x10,0xC5,0x10,0xC5,0x10,0xC5,0x10,0xC5,0x10,0xC5,0x10,0xC5,0x10,0xC5,0x10,0xC5,0x10,0xC5,0x10,0xC5,0x10,
0xC5,0x10,0xC5,0x10,0xC5,0x10,0xC5,0x10,0xC5,0x10,0xC5,0x10,0xC5,0x10,0xC5,0x10,0xC5,0x10,0xC5,0x10,0xC5,0x10,0xC5,0x10,
0xC5,0x10,0xC5,0x10,0xC5,0x10,0xC5,0x10,0xC5,0x10,0xC5,0x10,0xC5,0x10,0xC5,0x10,0xC5,0x10,0xC5,0x10,0xC5,0x10,0xC5,0x10,
0xC5,0x10,0xC5,0x10,0xC5,0x10,0xC5,0x10,0xC5,0x10,0xC5,0x10,0xC5,0x10,0xC5,0x10,0xC5,0x10,0xC5,0x10,0xC5,0x10,0xC5,0x10,
0xC5,0x10,0xC5,0x10,0xC5,0x10,0xC5,0x10,0xC5,0x10,0xC5,0x10,0xC5,0x10,0xC5,0x10,0xC5,0x10,0xC5,0x10,0xC5,0x10,0xC5,0x10,
0xC5,0x10,0xC5,0x10,0xC5,0x10,0xC5,0x10,0xC5,0x10,0xC5,0x10,0xC5,0x10,0xC5,0x10,0xC5,0x10,0xC5,0x10,0xC5,0x10,0xC5,0x10,
0xC5,0x10,0xC5,0x10,0xC5,0x10,0xC5,0x10,0xC5,0x10,0xC5,0x10,0xC5,0x10,0xC5,0x10,0xC5,0x10,0xC5,0x10,0xC5,0x10,0xC5,0x10,
0xC5,0x10,0xC5,0x10,0xC5,0x10,0xC5,0x10,0xC5,0x10,0xC5,0x10,0xC5,0x10,0xC5,0x10,0xC5,0x10,0xC5,0x10,0xC5,0x10,0xC5,0x10,
0xC5,0x10,0xC5,0x10,0xC5,0x10,0xC5,0x10,0xC5,0x10,0xC5,0x10,0xC5,0x10,0xC5,0x10,0xC5,0x10,0xC5,0x10,0xC5,0x10,0xC5,0x10,
0xC5,0x10,0xC5,0x10,0xC5,0x10,0xC5,0x10,0xC5,0x10,0xC5,0x10,0xC5,0x10,0xC5,0x10,0xC5,0x10,0xC5,0x10,0xC5,0x10,0xC5,0x10,
0xC5,0x10,0xC5,0x10,0xC5,0x10,0xC5,0x10,0xC5,0x10,0xC5,0x10,0xC5,0x10,0xC5,0x10,0xC5,0x10,0xC5,0x10,0xC5,0x10,0xC5,0x10,
0xC5,0x10,0xC5,0x10,0xC5,0x10,0xC5,0x10,0xC5,0x10,0xC5,0x10,0xC5,0x10,0xC5,0x10,0xC5,0x10,0xC5,0x10,0xC5,0x10,0xC5,0x10,
0xC5,0x10,0xC5,0x10,0xC5,0x10,0xC5,0x10,0xC5,0x10,0xC5,0x10,0xC5,0x10,0xC5,0x10,0xC5,0x10,0xC5,0x10,0xC5,0x10,0xC5,0x10,
0xC5,0x10,0xC5,0x10,0xC5,0x10,0xC5,0x10,0xC5,0x10,0xC5,0x10,0xC5,0x10,0xC5,0x10,0xC5,0x10,0xC5,0x10,0xC5,0x10,0xC5,0x10,
0xC5,0x10,0xC5,0x10,0xC5,0x10,0xC5,0x10,0xC5,0x10,0xC5,0x10,0xC5,0x10,0xC5,0x10,0xC5,0x10,0xC5,0x10,0xC5,0x10,0xC5,0x10,
0xC5,0x10,0xC5,0x10,0xC5,0x10,0xC5,0x10,0xC5,0x10,0xC5,0x10,0xC5,0x10,0xC5,0x10,0xC5,0x10,0xC5,0x10,0xC5,0x10,0xC5,0x10,
0xC5,0x10,0xC5,0x10,0xC5,0x10,0xC5,0x10,0xC5,0x10,0xC5,0x10,0xC5,0x10,0xC5,0x10,0xC5,0x10,0xC5,0x10,0xC5,0x10,0xC5,0x10,
0xC5,0x10,0xC5,0x10,0xC5,0x10,0xC5,0x10,0xC5,0x10,0xC5,0x10,0xC5,0x10,0xC5,0x10,0xC5,0x10,0xC5,0x10,0xC5,0x10,0xC5,0x10,
0xC5,0x10,0xC5,0x10,0xC5,0x10,0xC5,0x10,0xC5,0x10,0xC5,0x10,0xC5,0x10,0xC5,0x10,0xC5,0x10,0xC5,0x10,0xC5,0x10,0xC5,0x10,
0xC5,0x10,0xC5,0x10,0xC5,0x10,0xC5,0x10,0xC5,0x10,0xC5,0x10,0xC5,0x10,0xC5,0x10,0xC5,0x10,0xC5,0x10,0xC5,0x10,0xC5,0x10,
0xC5,0x10,0xC5,0x10,0xC5,0x10,0xC5,0x10,0xC5,0x10,0xC5,0x10,0xC5,0x10,0xC5,0x10,0xC5,0x10,0xC5,0x10,0xC5,0x10,0xC5,0x10,
0xC5,0x10,0xC5,0x10,0xC5,0x10,0xC5,0x10,0xC5,0x10,0xC5,0x10,0xC5,0x10,0xC5,0x10,0xC5,0x10,0xC5,0x10,0xC5,0x10,0xC5,0x10,
0xC5,0x10,0xC5,0x10,0xC5,0x10,0xC5,0x10,0xC5,0x10,0xC5,0x10,0xC5,0x10,0xC5,0x10,0xC5,0x10,0xC5,0x10,0xC5,0x10,0xC5,0x10,
0xC5,0x10,0xC5,0x10,0xC5,0x10,0xC5,0x10,0xC5,0x10,0xC5,0x10,0xC5,0x10,0xC5,0x10,0xC5,0x10,0xC5,0x10,0xC5,0x10,0xC5,0x10,
0xC5,0x10,0xC5,0x10,0xC5,0x10,0xC5,0x10,0xC5,0x10,0xC5,0x10,0xC5,0x10,0xC5,0x10,0xC5,0x10,0xC5,0x10,0xC5,0x10,0xC5,0x10,
0xC5,0x10,0xC5,0x10,0xC5,0x10,0xC5,0x10,0xC5,0x10,0xC5,0x10,0xC5,0x10,0xC5,0x10,0xC5,0x10,0xC5,0x10,0xC5,0x10,0xC5,0x10,
0xC5,0x10,0xC5,0x10,0xC5,0x10,0xC5,0x10,0xC5,0x10,0xC5,0x10,0xC5,0x10,0xC5,0x10,0xC5,0x10,0xC5,0x10,0xC5,0x10,0xC5,0x10,
0xC5,0x10,0xC5,0x10,0xC5,0x10,0xC5,0x10,0xC5,0x10,0xC5,0x10,0xC5,0x10,0xC5,0x10,0xC5,0x10,0xC5,0x10,0xC5,0x10,0xC5,0x10,
0xC5,0x10,0xC5,0x10,0xC5,0x10,0xC5,0x10,0xC5,0x10,0xC5,0x10,0xC5,0x10,0xC5,0x10,0xC5,0x10,0xC5,0x10,0xC5,0x10,0xC5,0x10,
0xC5,0x10,0xC5,0x10,0xC5,0x10,0xC5,0x10,0xC5,0x10,0xC5,0x10,0xC5,0x10,0xC5,0x10,0xC5,0x10,0xC5,0x10,0xC5,0x10,0xC5,0x10,
0xC5,0x10,0xC5,0x10,0xC5,0x10,0xC5,0x10,0xC5,0x10,0xC5,0x10,0xC5,0x10,0xC5,0x10,0xC5,0x10,0xC5,0x10,0xC5,0x10,0xC5,0x10,
0xC5,0x10,0xC5,0x10,0xC5,0x10,0xC5,0x10,0xC5,0x10,0xC5,0x10,0xC5,0x10,0xC5,0x10,0xC5,0x10,0xC5,0x10,0xC5,0x10,0xC5,0x10,
0xC5,0x10,0xC5,0x10,0xC5,0x10,0xC5,0x10,0xC5,0x10,0xC5,0x10,0xC5,0x10,0xC5,0x10,0xC5,0x10,0xC5,0x10,0xC5,0x10,0xC5,0x10,
0xC5,0x10,0xC5,0x10,0xC5,0x10,0xC5,0x10,0xC5,0x10,0xC5,0x10,0xC5,0x10,0xC5,0x10,0xC5,0x10,0xC5,0x10,0xC5,0x10,0xC5,0x10,
0xC5,0x10,0xC5,0x10,0xC5,0x10,0xC5,0x10,0xC5,0x10,0xC5,0x10,0xC5,0x10,0xC5,0x10,0xC5,0x10,0xC5,0x10,0xC5,0x10,0xC5,0x10,
0xC5,0x10,0xC5,0x10,0xC5,0x10,0xC5,0x10,0xC5,0x10,0xC5,0x10,0xC5,0x10,0xC5,0x10,0xC5,0x10,0xC5,0x10,0xC5,0x10,0xC5,0x10,
0xC5,0x10,0xC5,0x10,0xC5,0x10,0xC5,0x10,0xC5,0x10,0xC5,0x10,0xC5,0x10,0xC5,0x10,0xC5,0x10,0xC5,0x10,0xC5,0x10,0xC5,0x10,
0xC5,0x10,0xC5,0x10,0xC5,0x10,0xC5,0x10,0xC5,0x10,0xC5,0x10,0xC5,0x10,0xC5,0x10,0xC5,0x10,0xC5,0x10,0xC5,0x10,0xC5,0x10,
0xC5,0x10,0xC5,0x10,0xC5,0x10,0xC5,0x10,0xC5,0x10,0xC5,0x10,0xC5,0x10,0xC5,0x10,0xC5,0x10,0xC5,0x10,0xC5,0x10,0xC5,0x10,
0xC5,0x10,0xC5,0x10,0xC5,0x10,0xC5,0x10,0xC5,0x10,0xC5,0x10,0xC5,0x10,0xC5,0x10,0xC5,0x10,0xC5,0x10,0xC5,0x10,0xC5,0x10,
0xC5,0x10,0xC5,0x10,0xC5,0x10,0xC5,0x10,0xC5,0x10,0xC5,0x10,0xC5,0x10,0xC5,0x10,0xC5,0x10,0xC5,0x10,0xC5,0x10,0xC5,0x10,
0xC5,0x10,0xC5,0x10,0xC5,0x10,0xC5,0x10,0xC5,0x10,0xC5,0x10,0xC5,0x10,0xC5,0x10,0xC5,0x10,0xC5,0x10,0xC5,0x10,0xC5,0x10,
0xC5,0x10,0xC5,0x10,0xC5,0x10,0xC5,0x10,0xC5,0x10,0xC5,0x10,0xC5,0x10,0xC5,0x10,0xC5,0x10,0xC5,0x10,0xC5,0x10,0xC5,0x10,
0xC5,0x10,0xC5,0x10,0xC5,0x10,0xC5,0x10,0xC5,0x10,0xC5,0x10,0xC5,0x10,0xC5,0x10,0xC5,0x10,0xC5,0x10,0xC5,0x10,0xC5,0x10,
0xC5,0x10,0xC5,0x10,0xC5,0x10,0xC5,0x10,0xC5,0x10,0xC5,0x10,0xC5,0x10,0xC5,0x10,0xC5,0x10,0xC5,0x10,0xC5,0x10,0xC5,0x10,
0xC5,0x10,0xC5,0x10,0xC5,0x10,0xC5,0x10,0xC5,0x10,0xC5,0x10,0xC5,0x10,0xC5,0x10,0xC5,0x10,0xC5,0x10,0xC5,0x10,0xC5,0x10,
0xC5,0x10,0xC5,0x10,0xC5,0x10,0xC5,0x10,0xC5,0x10,0xC5,0x10,0xC5,0x10,0xC5,0x10,0xC5,0x10,0xC5,0x10,0xC5,0x10,0xC5,0x10,
0xC5,0x10,0xC5,0x10,0xC5,0x10,0xC5,0x10,0xC5,0x10,0xC5,0x10,0xC5,0x10,0xC5,0x10,0xC5,0x10,0xC5,0x10,0xC5,0x10,0xC5,0x10,
0xC5,0x10,0xC5,0x10,0xC5,0x10,0xC5,0x10,0xC5,0x10,0xC5,0x10,0xC5,0x10,0xC5,0x10,0xC5,0x10,0xC5,0x10,0xC5,0x10,0xC5,0x10,
0xC5,0x10,0xC5,0x10,0xC5,0x10,0xC5,0x10,0xC5,0x10,0xC5,0x10,0xC5,0x10,0xC5,0x10,0xC5,0x10,0xC5,0x10,0xC5,0x10,0xC5,0x10,
0xC5,0x10,0xC5,0x10,0xC5,0x10,0xC5,0x10,0xC5,0x10,0xC5,0x10,0xC5,0x10,0xC5,0x10,0xC5,0x10,0xC5,0x10,0xC5,0x10,0xC5,0x10,
0xC5,0x10,0xC5,0x10,0xC5,0x10,0xC5,0x10,0xC5,0x10,0xC5,0x10,0xC5,0x10,0xC5,0x10,0xC5,0x10,0xC5,0x10,0xC5,0x10,0xC5,0x10,
0xC5,0x10,0xC5,0x10,0xC5,0x10,0xC5,0x10,0xC5,0x10,0xC5,0x10,0xC5,0x10,0xC5,0x10,0xC5,0x10,0xC5,0x10,0xC5,0x10,0xC5,0x10,
0xC5,0x10,0xC5,0x10,0xC5,0x10,0xC5,0x10,0xC5,0x10,0xC5,0x10,0xC5,0x10,0xC5,0x10,0xC5,0x10,0xC5,0x10,0xC5,0x10,0xC5,0x10,
0xC5,0x10,0xC5,0x10,0xC5,0x10,0xC5,0x10,0xC5,0x10,0xC5,0x10,0xC5,0x10,0xC5,0x10,0xC5,0x10,0xC5,0x10,0xC5,0x10,0xC5,0x10,
0xC5,0x10,0xC5,0x10,0xC5,0x10,0xC5,0x10,0xC5,0x10,0xC5,0x10,0xC5,0x10,0xC5,0x10,0xC5,0x10,0xC5,0x10,0xC5,0x10,0xC5,0x10,
0xC5,0x10,0xC5,0x10,0xC5,0x10,0xC5,0x10,0xC5,0x10,0xC5,0x10,0xC5,0x10,0xC5,0x10,0xC5,0x10,0xC5,0x10,0xC5,0x10,0xC5,0x10,
0xC5,0x10,0xC5,0x10,0xC5,0x10,0xC5,0x10,0xC5,0x10,0xC5,0x10,0xC5,0x10,0xC5,0x10,0xC5,0x10,0xC5,0x10,0xC5,0x10,0xC5,0x10,
0xC5,0x10,0xC5,0x10,0xC5,0x10,0xC5,0x10,0x67,0x19,0x34,0x74,0xE5,0x10,0xC5,0x10,0xC5,0x10,0xC5,0x10,0xC5,0x10,0xC5,0x10,
0xC5,0x10,0xC5,0x10,0xC5,0x10,0xC5,0x10,0xC5,0x10,0xC5,0x10,0x2F,0x53,0xEE,0x4A,0xC5,0x10,0xC5,0x10,0xC5,0x10,0xB2,0x63,
0x4C,0x3A,0xA9,0x29,0x30,0x53,0x55,0x74,0x47,0x19,0xC5,0x10,0xC5,0x10,0x13,0x6C,0xF3,0x6B,0xB2,0x63,0xB2,0x63,0xB2,0x63,
0xB2,0x63,0xB2,0x63,0xD2,0x63,0x54,0x74,0xC5,0x10,0xC5,0x10,0xC5,0x10,0xC5,0x10,0xC5,0x10,0xC5,0x10,0xC5,0x10,0xE5,0x10,
0xF3,0x6B,0xC9,0x29,0xC5,0x10,0xC5,0x10,0xC5,0x10,0xC5,0x10,0xC5,0x10,0xC5,0x10,0xC5,0x10,0xC5,0x10,0xC5,0x10,0xC5,0x10,
0xC5,0x10,0xC5,0x10,0xC5,0x10,0xC5,0x10,0xC5,0x10,0xC5,0x10,0xC5,0x10,0xC5,0x10,0x88,0x21,0x13,0x6C,0xD2,0x63,0x96,0x7C,
0x96,0x7C,0xB6,0x84,0x18,0x8D,0x96,0x7C,0x96,0x7C,0x96,0x7C,0x0F,0x53,0xC5,0x10,0x67,0x21,0x75,0x7C,0xC5,0x10,0xC5,0x10,
0xCE,0x4A,0x4B,0x3A,0x05,0x11,0xF3,0x6B,0x47,0x19,0xC5,0x10,0xC5,0x10,0xC5,0x10,0x88,0x21,0x13,0x6C,0x47,0x19,0xC5,0x10,
0x06,0x11,0x34,0x74,0xE5,0x10,0xC5,0x10,0xC5,0x10,0x50,0x53,0x0A,0x32,0xC5,0x10,0xC5,0x10,0xC5,0x10,0xC5,0x10,0xC5,0x10,
0xC5,0x10,0xC5,0x10,0x06,0x11,0x39,0x8D,0xC5,0x10,0xC5,0x10,0xC5,0x10,0xC5,0x10,0xC5,0x10,0xC5,0x10,0xC5,0x10,0xC5,0x10,
0xC5,0x10,0xC5,0x10,0xC5,0x10,0xC5,0x10,0xC5,0x10,0xC5,0x10,0xC5,0x10,0xC5,0x10,0xC5,0x10,0xC5,0x10,0xC5,0x10,0xC5,0x10,
0xC5,0x10,0xC5,0x10,0xC5,0x10,0xC5,0x10,0xC5,0x10,0xC5,0x10,0xC5,0x10,0xC5,0x10,0xC5,0x10,0xC5,0x10,0xC5,0x10,0xC5,0x10,
0xC5,0x10,0xC5,0x10,0xC5,0x10,0xC5,0x10,0xC5,0x10,0xC5,0x10,0xC5,0x10,0xC5,0x10,0xC5,0x10,0xC5,0x10,0xC5,0x10,0xC5,0x10,
0xC5,0x10,0xC5,0x10,0xC5,0x10,0xC5,0x10,0xC5,0x10,0xC5,0x10,0xC5,0x10,0xC5,0x10,0xC5,0x10,0xC5,0x10,0xC5,0x10,0xC5,0x10,
0xC5,0x10,0xC5,0x10,0xC5,0x10,0xC5,0x10,0xC5,0x10,0xC5,0x10,0xC5,0x10,0xC5,0x10,0xC5,0x10,0xC5,0x10,0xC5,0x10,0xC5,0x10,
0xC5,0x10,0xC5,0x10,0xC5,0x10,0xC5,0x10,0xC5,0x10,0xC5,0x10,0xC5,0x10,0xC5,0x10,0xC5,0x10,0xC5,0x10,0xC5,0x10,0xC5,0x10,
0xC5,0x10,0xC5,0x10,0xC5,0x10,0xC5,0x10,0xC5,0x10,0xC5,0x10,0xC5,0x10,0xC5,0x10,0xC5,0x10,0xC5,0x10,0xC5,0x10,0xC5,0x10,
0xC5,0x10,0xC5,0x10,0xC5,0x10,0xC5,0x10,0xC5,0x10,0xC5,0x10,0xC5,0x10,0xC5,0x10,0xC5,0x10,0xC5,0x10,0xC5,0x10,0xC5,0x10,
0xC5,0x10,0xC5,0x10,0xC5,0x10,0xC5,0x10,0xC5,0x10,0xC5,0x10,0xC5,0x10,0xC5,0x10,0xC5,0x10,0xC5,0x10,0xC5,0x10,0xC5,0x10,
0xC5,0x10,0xC5,0x10,0xC5,0x10,0xC5,0x10,0xC5,0x10,0xC5,0x10,0xC5,0x10,0xC5,0x10,0xC5,0x10,0xC5,0x10,0xC5,0x10,0xC5,0x10,
0xC5,0x10,0xC5,0x10,0xC5,0x10,0xE5,0x10,0xF3,0x6B,0x75,0x7C,0xF7,0x84,0x96,0x7C,0x75,0x7C,0x4B,0x3A,0x55,0x74,0x95,0x7C,
0x75,0x7C,0x75,0x7C,0x18,0x8D,0x06,0x11,0xC5,0x10,0xEA,0x29,0x75,0x7C,0x06,0x11,0x0F,0x53,0x2B,0x32,0xC5,0x10,0xB2,0x63,
0xF7,0x8C,0x54,0x74,0x8C,0x42,0x05,0x11,0xC5,0x10,0xC5,0x10,0xC5,0x10,0x13,0x6C,0x67,0x21,0xC5,0x10,0xC5,0x10,0xC5,0x10,
0xC5,0x10,0xC5,0x10,0x26,0x19,0x54,0x74,0xC5,0x10,0xC5,0x10,0xC5,0x10,0xAD,0x42,0xF7,0x8C,0x96,0x7C,0x96,0x7C,0x96,0x7C,
0x96,0x7C,0x96,0x7C,0x96,0x7C,0x96,0x7C,0xB6,0x7C,0xB6,0x84,0xC5,0x10,0xC5,0x10,0xC5,0x10,0xC5,0x10,0xC5,0x10,0xC5,0x10,
0xC5,0x10,0xC5,0x10,0xC5,0x10,0xC5,0x10,0xC5,0x10,0xC5,0x10,0xC5,0x10,0xC5,0x10,0x2F,0x53,0x50,0x53,0xC5,0x10,0xC5,0x10,
0xC5,0x10,0xE9,0x29,0xD2,0x6B,0xC5,0x10,0xC5,0x10,0xC5,0x10,0xC5,0x10,0xC5,0x10,0x67,0x21,0x75,0x7C,0xC5,0x10,0xE5,0x10,
0x75,0x74,0x13,0x6C,0x13,0x6C,0xD7,0x84,0x55,0x74,0x13,0x6C,0x13,0x6C,0x2B,0x32,0xC5,0x10,0x4B,0x3A,0xB2,0x63,0xF3,0x6B,
0x34,0x74,0x13,0x6C,0x34,0x74,0x34,0x74,0xC5,0x10,0x14,0x6C,0x06,0x11,0xC5,0x10,0xC5,0x10,0xC5,0x10,0xCD,0x4A,0x50,0x53,
0xE5,0x10,0xC5,0x10,0x06,0x11,0x39,0x8D,0xC5,0x10,0xC5,0x10,0xE5,0x10,0x71,0x5B,0xCE,0x4A,0xC5,0x10,0xC5,0x10,0xC5,0x10,
0xC5,0x10,0xC5,0x10,0xC5,0x10,0xC5,0x10,0xC5,0x10,0xC5,0x10,0xC5,0x10,0xC5,0x10,0xC5,0x10,0xC5,0x10,0xC5,0x10,0xC5,0x10,
0xC5,0x10,0xC5,0x10,0xC5,0x10,0xC5,0x10,0xC5,0x10,0xC5,0x10,0xC5,0x10,0xC5,0x10,0xC5,0x10,0xC5,0x10,0xC5,0x10,0xC5,0x10,
0xC5,0x10,0xC5,0x10,0xC5,0x10,0xC5,0x10,0xC5,0x10,0xC5,0x10,0xC5,0x10,0xC5,0x10,0xC5,0x10,0xC5,0x10,0xC5,0x10,0xC5,0x10,
0xC5,0x10,0xC5,0x10,0xC5,0x10,0xC5,0x10,0xC5,0x10,0xC5,0x10,0xC5,0x10,0xC5,0x10,0xC5,0x10,0xC5,0x10,0xC5,0x10,0xC5,0x10,
0xC5,0x10,0xC5,0x10,0xC5,0x10,0xC5,0x10,0xC5,0x10,0xC5,0x10,0xC5,0x10,0xC5,0x10,0xC5,0x10,0xC5,0x10,0xC5,0x10,0xC5,0x10,
0xC5,0x10,0xC5,0x10,0xC5,0x10,0xC5,0x10,0xC5,0x10,0xC5,0x10,0xC5,0x10,0xC5,0x10,0xC5,0x10,0xC5,0x10,0xC5,0x10,0xC5,0x10,
0xC5,0x10,0xC5,0x10,0xC5,0x10,0xC5,0x10,0xC5,0x10,0xC5,0x10,0xC5,0x10,0xC5,0x10,0xC5,0x10,0xC5,0x10,0xC5,0x10,0xC5,0x10,
0xC5,0x10,0xC5,0x10,0xC5,0x10,0xC5,0x10,0xC5,0x10,0xC5,0x10,0xC5,0x10,0xC5,0x10,0xC5,0x10,0xC5,0x10,0xC5,0x10,0xC5,0x10,
0xC5,0x10,0xC5,0x10,0xC5,0x10,0xC5,0x10,0xC5,0x10,0xC5,0x10,0xC5,0x10,0xC5,0x10,0xC5,0x10,0xC5,0x10,0xC5,0x10,0xC5,0x10,
0xC5,0x10,0xC5,0x10,0xC5,0x10,0xC5,0x10,0xC5,0x10,0xC5,0x10,0xC5,0x10,0xC5,0x10,0xC5,0x10,0xC5,0x10,0xC5,0x10,0xC5,0x10,
0xC5,0x10,0xC5,0x10,0xC5,0x10,0x8D,0x42,0xAD,0x42,0xC5,0x10,0x13,0x6C,0xC9,0x29,0xC5,0x10,0xC5,0x10,0x55,0x74,0x67,0x21,
0xC5,0x10,0xC5,0x10,0xB6,0x84,0x06,0x11,0xC9,0x29,0x95,0x7C,0xA8,0x21,0x47,0x19,0x4B,0x3A,0xB6,0x84,0x06,0x11,0xB2,0x63,
0xAD,0x42,0xC5,0x10,0xC5,0x10,0xC5,0x10,0xC5,0x10,0xC5,0x10,0xC5,0x10,0x13,0x6C,0xD2,0x63,0x91,0x5B,0x91,0x5B,0x91,0x5B,
0x91,0x5B,0x91,0x5B,0xB1,0x63,0x54,0x74,0xC5,0x10,0xC5,0x10,0xC5,0x10,0xAD,0x42,0x70,0x5B,0xC5,0x10,0xC5,0x10,0xC5,0x10,
0xC5,0x10,0xC5,0x10,0xC5,0x10,0xC5,0x10,0x47,0x19,0xB6,0x84,0xC5,0x10,0xC5,0x10,0xC5,0x10,0xC5,0x10,0xC5,0x10,0xC5,0x10,
0xC5,0x10,0xC5,0x10,0xC5,0x10,0xC5,0x10,0xC5,0x10,0xC5,0x10,0xC5,0x10,0x05,0x11,0xD7,0x84,0x67,0x21,0x91,0x63,0x96,0x7C,
0x75,0x7C,0x96,0x7C,0xF7,0x8C,0x75,0x7C,0x75,0x7C,0x18,0x8D,0x47,0x19,0x70,0x5B,0x96,0x7C,0x18,0x8D,0x96,0x7C,0x8C,0x42,
0xF3,0x6B,0xC5,0x10,0xC5,0x10,0x91,0x63,0xEA,0x31,0xC5,0x10,0xC5,0x10,0xC5,0x10,0xC5,0x10,0xC5,0x10,0xC5,0x10,0xF3,0x6B,
0x88,0x21,0xC5,0x10,0x47,0x19,0x34,0x74,0xE5,0x10,0xD7,0x84,0x75,0x7C,0x18,0x8D,0x91,0x5B,0xC5,0x10,0x26,0x19,0x75,0x7C,
0x91,0x63,0xE5,0x10,0x06,0x11,0x39,0x8D,0xC5,0x10,0x05,0x11,0xB2,0x63,0x34,0x74,0x26,0x19,0xC5,0x10,0xC5,0x10,0xC5,0x10,
0xC5,0x10,0xC5,0x10,0xC5,0x10,0xC5,0x10,0xC5,0x10,0xC5,0x10,0xC5,0x10,0xC5,0x10,0xC5,0x10,0xC5,0x10,0xC5,0x10,0xC5,0x10,
0xC5,0x10,0xC5,0x10,0xC5,0x10,0xC5,0x10,0xC5,0x10,0xC5,0x10,0xC5,0x10,0xC5,0x10,0xC5,0x10,0xC5,0x10,0xC5,0x10,0xC5,0x10,
0xC5,0x10,0xC5,0x10,0xC5,0x10,0xC5,0x10,0xC5,0x10,0xC5,0x10,0xC5,0x10,0xC5,0x10,0xC5,0x10,0xC5,0x10,0xC5,0x10,0xC5,0x10,
0xC5,0x10,0xC5,0x10,0xC5,0x10,0xC5,0x10,0xC5,0x10,0xC5,0x10,0xC5,0x10,0xC5,0x10,0xC5,0x10,0xC5,0x10,0xC5,0x10,0xC5,0x10,
0xC5,0x10,0xC5,0x10,0xC5,0x10,0xC5,0x10,0xC5,0x10,0xC5,0x10,0xC5,0x10,0xC5,0x10,0xC5,0x10,0xC5,0x10,0xC5,0x10,0xC5,0x10,
0xC5,0x10,0xC5,0x10,0xC5,0x10,0xC5,0x10,0xC5,0x10,0xC5,0x10,0xC5,0x10,0xC5,0x10,0xC5,0x10,0xC5,0x10,0xC5,0x10,0xC5,0x10,
0xC5,0x10,0xC5,0x10,0xC5,0x10,0xC5,0x10,0xC5,0x10,0xC5,0x10,0xC5,0x10,0xC5,0x10,0xC5,0x10,0xC5,0x10,0xC5,0x10,0xC5,0x10,
0xC5,0x10,0xC5,0x10,0xC5,0x10,0xC5,0x10,0xC5,0x10,0xC5,0x10,0xC5,0x10,0xC5,0x10,0xC5,0x10,0xC5,0x10,0xC5,0x10,0xC5,0x10,
0xC5,0x10,0xC5,0x10,0xC5,0x10,0xC5,0x10,0xC5,0x10,0xC5,0x10,0xC5,0x10,0xC5,0x10,0xC5,0x10,0xC5,0x10,0xC5,0x10,0xC5,0x10,
0xC5,0x10,0xC5,0x10,0xC5,0x10,0xC5,0x10,0xC5,0x10,0xC5,0x10,0xC5,0x10,0xC5,0x10,0xC5,0x10,0xC5,0x10,0xC5,0x10,0xC5,0x10,
0xC5,0x10,0xC5,0x10,0xC5,0x10,0xEE,0x4A,0x75,0x7C,0x75,0x7C,0x39,0x8D,0x75,0x7C,0x75,0x7C,0xB2,0x63,0x55,0x74,0x67,0x21,
0xC5,0x10,0xC5,0x10,0xB6,0x84,0x06,0x11,0x50,0x53,0xD7,0x84,0x75,0x7C,0x14,0x6C,0xD2,0x63,0x13,0x6C,0x0F,0x53,0xB1,0x63,
0x0F,0x53,0xC5,0x10,0xE5,0x10,0xCE,0x4A,0xCE,0x4A,0xC5,0x10,0xC5,0x10,0x13,0x6C,0x67,0x21,0xC5,0x10,0xC5,0x10,0xC5,0x10,
0xC5,0x10,0xC5,0x10,0x26,0x19,0x54,0x74,0xC5,0x10,0xC5,0x10,0xC5,0x10,0xAD,0x42,0xF7,0x8C,0x96,0x7C,0x96,0x7C,0x96,0x7C,
0x96,0x7C,0x96,0x7C,0x96,0x7C,0x96,0x7C,0xB6,0x7C,0xB6,0x84,0xC5,0x10,0xC5,0x10,0xC5,0x10,0xC5,0x10,0xC5,0x10,0xC5,0x10,
0xC5,0x10,0xC5,0x10,0xC5,0x10,0xC5,0x10,0xC5,0x10,0xC5,0x10,0xC5,0x10,0xCD,0x4A,0x75,0x74,0xC5,0x10,0x91,0x63,0xEA,0x31,
0xC5,0x10,0xE9,0x29,0xD2,0x6B,0xC5,0x10,0xC5,0x10,0x55,0x74,0x47,0x19,0xC5,0x10,0x67,0x21,0x75,0x7C,0x26,0x19,0xD7,0x84,
0xD7,0x84,0xF3,0x6B,0xF3,0x6B,0xD7,0x84,0x54,0x74,0xF3,0x6B,0xF3,0x6B,0x46,0x19,0x71,0x5B,0xAD,0x42,0xE5,0x10,0xF3,0x6B,
0x34,0x74,0xF3,0x6B,0x14,0x6C,0x34,0x74,0x2B,0x32,0xB2,0x63,0xC5,0x10,0x96,0x7C,0x05,0x11,0xC5,0x10,0xC5,0x10,0x26,0x19,
0x34,0x74,0xA9,0x29,0x06,0x11,0x39,0x8D,0xC5,0x10,0x6C,0x3A,0xB2,0x63,0xE5,0x10,0xC5,0x10,0xC5,0x10,0xC5,0x10,0xC5,0x10,
0xC5,0x10,0xC5,0x10,0xC5,0x10,0xC5,0x10,0xC5,0x10,0xC5,0x10,0xC5,0x10,0xC5,0x10,0xC5,0x10,0xC5,0x10,0xC5,0x10,0xC5,0x10,
0xC5,0x10,0xC5,0x10,0xC5,0x10,0xC5,0x10,0xC5,0x10,0xC5,0x10,0xC5,0x10,0xC5,0x10,0xC5,0x10,0xC5,0x10,0xC5,0x10,0xC5,0x10,
0xC5,0x10,0xC5,0x10,0xC5,0x10,0xC5,0x10,0xC5,0x10,0xC5,0x10,0xC5,0x10,0xC5,0x10,0xC5,0x10,0xC5,0x10,0xC5,0x10,0xC5,0x10,
0xC5,0x10,0xC5,0x10,0xC5,0x10,0xC5,0x10,0xC5,0x10,0xC5,0x10,0xC5,0x10,0xC5,0x10,0xC5,0x10,0xC5,0x10,0xC5,0x10,0xC5,0x10,
0xC5,0x10,0xC5,0x10,0xC5,0x10,0xC5,0x10,0xC5,0x10,0xC5,0x10,0xC5,0x10,0xC5,0x10,0xC5,0x10,0xC5,0x10,0xC5,0x10,0xC5,0x10,
0xC5,0x10,0xC5,0x10,0xC5,0x10,0xC5,0x10,0xC5,0x10,0xC5,0x10,0xC5,0x10,0xC5,0x10,0xC5,0x10,0xC5,0x10,0xC5,0x10,0xC5,0x10,
0xC5,0x10,0xC5,0x10,0xC5,0x10,0xC5,0x10,0xC5,0x10,0xC5,0x10,0xC5,0x10,0xC5,0x10,0xC5,0x10,0xC5,0x10,0xC5,0x10,0xC5,0x10,
0xC5,0x10,0xC5,0x10,0xC5,0x10,0xC5,0x10,0xC5,0x10,0xC5,0x10,0xC5,0x10,0xC5,0x10,0xC5,0x10,0xC5,0x10,0xC5,0x10,0xC5,0x10,
0xC5,0x10,0xC5,0x10,0xC5,0x10,0xC5,0x10,0xC5,0x10,0xC5,0x10,0xC5,0x10,0xC5,0x10,0xC5,0x10,0xC5,0x10,0xC5,0x10,0xC5,0x10,
0xC5,0x10,0xC5,0x10,0xC5,0x10,0xC5,0x10,0xC5,0x10,0xC5,0x10,0xC5,0x10,0xC5,0x10,0xC5,0x10,0xC5,0x10,0xC5,0x10,0xC5,0x10,
0xC5,0x10,0xC5,0x10,0xC5,0x10,0xC5,0x10,0xC5,0x10,0xEA,0x29,0x18,0x8D,0xAD,0x42,0xC5,0x10,0xC5,0x10,0x55,0x74,0x95,0x7C,
0x75,0x7C,0x75,0x7C,0x18,0x8D,0x06,0x11,0xC5,0x10,0xC5,0x10,0xC5,0x10,0xC5,0x10,0xC5,0x10,0x26,0x19,0xD2,0x63,0x0A,0x32,
0x75,0x7C,0xB6,0x84,0xB6,0x7C,0x55,0x74,0xEA,0x29,0xCE,0x4A,0xD2,0x6B,0x39,0x8D,0x39,0x8D,0x39,0x8D,0x39,0x8D,0x39,0x8D,
0x39,0x8D,0x39,0x8D,0x39,0x8D,0x39,0x8D,0xD2,0x6B,0x0F,0x4B,0xC5,0x10,0xAD,0x42,0x70,0x5B,0xC5,0x10,0xC5,0x10,0xC5,0x10,
0xE5,0x10,0x0A,0x32,0xC5,0x10,0xC5,0x10,0xC5,0x10,0xC5,0x10,0xC5,0x10,0xC5,0x10,0xC5,0x10,0xC5,0x10,0xC5,0x10,0xC5,0x10,
0xC5,0x10,0xC5,0x10,0xC5,0x10,0xC5,0x10,0xC5,0x10,0xC5,0x10,0x26,0x19,0xF7,0x84,0x55,0x74,0xC5,0x10,0x91,0x63,0x95,0x7C,
0x54,0x74,0x75,0x7C,0xF7,0x84,0x54,0x74,0x54,0x74,0x18,0x8D,0x47,0x19,0xC5,0x10,0x67,0x21,0x75,0x7C,0x0A,0x32,0x91,0x63,
0xF3,0x6B,0xC5,0x10,0xC5,0x10,0x91,0x63,0xEA,0x31,0xC5,0x10,0xC5,0x10,0xC5,0x10,0x26,0x19,0xD2,0x6B,0x0A,0x32,0xF3,0x6B,
0x88,0x21,0xC5,0x10,0x47,0x19,0x34,0x74,0xD2,0x6B,0x34,0x74,0xC5,0x10,0xB6,0x84,0xC5,0x10,0xC5,0x10,0xC5,0x10,0xC5,0x10,
0xC5,0x10,0xC5,0x10,0x06,0x11,0x39,0x8D,0xC5,0x10,0xC5,0x10,0xC5,0x10,0xC5,0x10,0xC5,0x10,0xC5,0x10,0xC5,0x10,0xC5,0x10,
0xC5,0x10,0xC5,0x10,0xC5,0x10,0xC5,0x10,0xC5,0x10,0xC5,0x10,0xC5,0x10,0xC5,0x10,0xC5,0x10,0xC5,0x10,0xC5,0x10,0xC5,0x10,
0xC5,0x10,0xC5,0x10,0xC5,0x10,0xC5,0x10,0xC5,0x10,0xC5,0x10,0xC5,0x10,0xC5,0x10,0xC5,0x10,0xC5,0x10,0xC5,0x10,0xC5,0x10,
0xC5,0x10,0xC5,0x10,0xC5,0x10,0xC5,0x10,0xC5,0x10,0xC5,0x10,0xC5,0x10,0xC5,0x10,0xC5,0x10,0xC5,0x10,0xC5,0x10,0xC5,0x10,
0xC5,0x10,0xC5,0x10,0xC5,0x10,0xC5,0x10,0xC5,0x10,0xC5,0x10,0xC5,0x10,0xC5,0x10,0xC5,0x10,0xC5,0x10,0xC5,0x10,0xC5,0x10,
0xC5,0x10,0xC5,0x10,0xC5,0x10,0xC5,0x10,0xC5,0x10,0xC5,0x10,0xC5,0x10,0xC5,0x10,0xC5,0x10,0xC5,0x10,0xC5,0x10,0xC5,0x10,
0xC5,0x10,0xC5,0x10,0xC5,0x10,0xC5,0x10,0xC5,0x10,0xC5,0x10,0xC5,0x10,0xC5,0x10,0xC5,0x10,0xC5,0x10,0xC5,0x10,0xC5,0x10,
0xC5,0x10,0xC5,0x10,0xC5,0x10,0xC5,0x10,0xC5,0x10,0xC5,0x10,0xC5,0x10,0xC5,0x10,0xC5,0x10,0xC5,0x10,0xC5,0x10,0xC5,0x10,
0xC5,0x10,0xC5,0x10,0xC5,0x10,0xC5,0x10,0xC5,0x10,0xC5,0x10,0xC5,0x10,0xC5,0x10,0xC5,0x10,0xC5,0x10,0xC5,0x10,0xC5,0x10,
0xC5,0x10,0xC5,0x10,0xC5,0x10,0xC5,0x10,0xC5,0x10,0xC5,0x10,0xC5,0x10,0xC5,0x10,0xC5,0x10,0xC5,0x10,0xC5,0x10,0xC5,0x10,
0xC5,0x10,0xC5,0x10,0xC5,0x10,0xC5,0x10,0xC5,0x10,0xC5,0x10,0xC5,0x10,0xC5,0x10,0xC5,0x10,0xC5,0x10,0xC5,0x10,0xC5,0x10,
0xC5,0x10,0xC5,0x10,0xC5,0x10,0xC5,0x10,0xE5,0x10,0x34,0x74,0x0A,0x32,0x50,0x5B,0x70,0x5B,0xE5,0x10,0x55,0x74,0x67,0x21,
0xC5,0x10,0xC5,0x10,0xB6,0x84,0x06,0x11,0x26,0x19,0x38,0x8D,0x75,0x7C,0x75,0x7C,0x75,0x7C,0x18,0x8D,0x47,0x19,0xD2,0x63,
0x2B,0x3A,0xC5,0x10,0xC5,0x10,0xC5,0x10,0xC5,0x10,0xC5,0x10,0xC5,0x10,0x75,0x7C,0xE5,0x10,0xC5,0x10,0xC5,0x10,0xB6,0x84,
0xC5,0x10,0xC5,0x10,0xC5,0x10,0xB6,0x84,0xC5,0x10,0xC5,0x10,0xC5,0x10,0xAD,0x42,0x50,0x5B,0xC5,0x10,0xC5,0x10,0xC5,0x10,
0x05,0x11,0xB6,0x84,0xA9,0x29,0xC5,0x10,0xC5,0x10,0xC5,0x10,0xC5,0x10,0xC5,0x10,0xC5,0x10,0xC5,0x10,0xC5,0x10,0xC5,0x10,
0xC5,0x10,0xC5,0x10,0xC5,0x10,0xC5,0x10,0xC5,0x10,0xC5,0x10,0xB1,0x63,0xD2,0x63,0x55,0x74,0xC5,0x10,0x91,0x63,0xEA,0x31,
0xC5,0x10,0xE9,0x29,0xD2,0x63,0xC5,0x10,0xC5,0x10,0x55,0x74,0x47,0x19,0x67,0x19,0xAD,0x42,0xF8,0x8C,0x96,0x7C,0x4B,0x3A,
0xD7,0x84,0xF3,0x6B,0xF3,0x6B,0xD7,0x84,0x54,0x74,0xF3,0x6B,0xF3,0x6B,0x46,0x19,0xC5,0x10,0xC5,0x10,0xC5,0x10,0xF3,0x6B,
0x34,0x74,0x13,0x6C,0x34,0x74,0x34,0x74,0x91,0x63,0x55,0x74,0x26,0x19,0x54,0x74,0xC5,0x10,0x91,0x5B,0xF7,0x8C,0xF7,0x8C,
0xF7,0x8C,0x39,0x8D,0xF7,0x8C,0xF7,0x8C,0x18,0x8D,0x18,0x8D,0xF7,0x8C,0xF7,0x8C,0xF7,0x8C,0xB2,0x63,0xC5,0x10,0xC5,0x10,
0xC5,0x10,0xC5,0x10,0xC5,0x10,0xC5,0x10,0xC5,0x10,0xC5,0x10,0xC5,0x10,0xC5,0x10,0xC5,0x10,0xC5,0x10,0xC5,0x10,0xC5,0x10,
0xC5,0x10,0xC5,0x10,0xC5,0x10,0xC5,0x10,0xC5,0x10,0xC5,0x10,0xC5,0x10,0xC5,0x10,0xC5,0x10,0xC5,0x10,0xC5,0x10,0xC5,0x10,
0xC5,0x10,0xC5,0x10,0xC5,0x10,0xC5,0x10,0xC5,0x10,0xC5,0x10,0xC5,0x10,0xC5,0x10,0xC5,0x10,0xC5,0x10,0xC5,0x10,0xC5,0x10,
0xC5,0x10,0xC5,0x10,0xC5,0x10,0xC5,0x10,0xC5,0x10,0xC5,0x10,0xC5,0x10,0xC5,0x10,0xC5,0x10,0xC5,0x10,0xC5,0x10,0xC5,0x10,
0xC5,0x10,0xC5,0x10,0xC5,0x10,0xC5,0x10,0xC5,0x10,0xC5,0x10,0xC5,0x10,0xC5,0x10,0xC5,0x10,0xC5,0x10,0xC5,0x10,0xC5,0x10,
0xC5,0x10,0xC5,0x10,0xC5,0x10,0xC5,0x10,0xC5,0x10,0xC5,0x10,0xC5,0x10,0xC5,0x10,0xC5,0x10,0xC5,0x10,0xC5,0x10,0xC5,0x10,
0xC5,0x10,0xC5,0x10,0xC5,0x10,0xC5,0x10,0xC5,0x10,0xC5,0x10,0xC5,0x10,0xC5,0x10,0xC5,0x10,0xC5,0x10,0xC5,0x10,0xC5,0x10,
0xC5,0x10,0xC5,0x10,0xC5,0x10,0xC5,0x10,0xC5,0x10,0xC5,0x10,0xC5,0x10,0xC5,0x10,0xC5,0x10,0xC5,0x10,0xC5,0x10,0xC5,0x10,
0xC5,0x10,0xC5,0x10,0xC5,0x10,0xC5,0x10,0xC5,0x10,0xC5,0x10,0xC5,0x10,0xC5,0x10,0xC5,0x10,0xC5,0x10,0xC5,0x10,0xC5,0x10,
0xC5,0x10,0xC5,0x10,0xC5,0x10,0xC5,0x10,0xC5,0x10,0xC5,0x10,0xC5,0x10,0xC5,0x10,0xC5,0x10,0xC5,0x10,0xC5,0x10,0xC5,0x10,
0xC5,0x10,0xC5,0x10,0xC5,0x10,0xE5,0x10,0xB1,0x63,0x0F,0x53,0xC5,0x10,0xC5,0x10,0xCD,0x42,0xAD,0x42,0xC5,0x10,0xC5,0x10,
0xC5,0x10,0xC5,0x10,0xC5,0x10,0xC5,0x10,0x26,0x19,0xF7,0x8C,0xC5,0x10,0xC5,0x10,0xC5,0x10,0xB6,0x84,0x47,0x19,0xD2,0x63,
0x2B,0x3A,0xC5,0x10,0x26,0x19,0x91,0x5B,0x6C,0x3A,0xC5,0x10,0xC5,0x10,0x75,0x7C,0x91,0x5B,0x91,0x5B,0x91,0x5B,0xF8,0x8C,
0x91,0x5B,0x91,0x5B,0x91,0x5B,0xB6,0x84,0xC5,0x10,0xC5,0x10,0xC5,0x10,0xCE,0x4A,0x50,0x5B,0x96,0x7C,0x96,0x7C,0x18,0x8D,
0xB6,0x84,0x96,0x7C,0x96,0x7C,0x96,0x7C,0x96,0x7C,0x96,0x7C,0x71,0x5B,0xC5,0x10,0xC5,0x10,0xC5,0x10,0xC5,0x10,0x47,0x19,
0xD7,0x84,0xE9,0x29,0xC5,0x10,0xC5,0x10,0xC5,0x10,0xC5,0x10,0x0F,0x53,0x88,0x21,0x55,0x74,0xC5,0x10,0x0F,0x53,0x75,0x7C,
0x75,0x7C,0xB6,0x84,0xD7,0x84,0x75,0x7C,0x75,0x7C,0x18,0x8D,0x47,0x19,0xD2,0x6B,0x34,0x74,0xB6,0x7C,0x88,0x21,0x88,0x21,
0xF3,0x6B,0xC5,0x10,0xC5,0x10,0x91,0x63,0xEA,0x31,0xC5,0x10,0xC5,0x10,0xC5,0x10,0xC5,0x10,0xC5,0x10,0xC5,0x10,0xC5,0x10,
0x88,0x21,0x0F,0x53,0xC5,0x10,0xC5,0x10,0xC5,0x10,0x13,0x6C,0x8D,0x42,0x70,0x5B,0xC5,0x10,0xC5,0x10,0xC5,0x10,0xC5,0x10,
0xE5,0x10,0x38,0x8D,0xE5,0x10,0xC5,0x10,0xEE,0x4A,0x30,0x53,0xC5,0x10,0xC5,0x10,0xC5,0x10,0xC5,0x10,0xC5,0x10,0xC5,0x10,
0xC5,0x10,0xC5,0x10,0xC5,0x10,0xC5,0x10,0xC5,0x10,0xC5,0x10,0xC5,0x10,0xC5,0x10,0xC5,0x10,0xC5,0x10,0xC5,0x10,0xC5,0x10,
0xC5,0x10,0xC5,0x10,0xC5,0x10,0xC5,0x10,0xC5,0x10,0xC5,0x10,0xC5,0x10,0xC5,0x10,0xC5,0x10,0xC5,0x10,0xC5,0x10,0xC5,0x10,
0xC5,0x10,0xC5,0x10,0xC5,0x10,0xC5,0x10,0xC5,0x10,0xC5,0x10,0xC5,0x10,0xC5,0x10,0xC5,0x10,0xC5,0x10,0xC5,0x10,0xC5,0x10,
0xC5,0x10,0xC5,0x10,0xC5,0x10,0xC5,0x10,0xC5,0x10,0xC5,0x10,0xC5,0x10,0xC5,0x10,0xC5,0x10,0xC5,0x10,0xC5,0x10,0xC5,0x10,
0xC5,0x10,0xC5,0x10,0xC5,0x10,0xC5,0x10,0xC5,0x10,0xC5,0x10,0xC5,0x10,0xC5,0x10,0xC5,0x10,0xC5,0x10,0xC5,0x10,0xC5,0x10,
0xC5,0x10,0xC5,0x10,0xC5,0x10,0xC5,0x10,0xC5,0x10,0xC5,0x10,0xC5,0x10,0xC5,0x10,0xC5,0x10,0xC5,0x10,0xC5,0x10,0xC5,0x10,
0xC5,0x10,0xC5,0x10,0xC5,0x10,0xC5,0x10,0xC5,0x10,0xC5,0x10,0xC5,0x10,0xC5,0x10,0xC5,0x10,0xC5,0x10,0xC5,0x10,0xC5,0x10,
0xC5,0x10,0xC5,0x10,0xC5,0x10,0xC5,0x10,0xC5,0x10,0xC5,0x10,0xC5,0x10,0xC5,0x10,0xC5,0x10,0xC5,0x10,0xC5,0x10,0xC5,0x10,
0xC5,0x10,0xC5,0x10,0xC5,0x10,0xC5,0x10,0xC5,0x10,0xC5,0x10,0xC5,0x10,0xC5,0x10,0xC5,0x10,0xC5,0x10,0xC5,0x10,0xC5,0x10,
0xC5,0x10,0xC5,0x10,0xC5,0x10,0xC5,0x10,0xC5,0x10,0xC5,0x10,0xC5,0x10,0xC5,0x10,0xC5,0x10,0xC5,0x10,0xC5,0x10,0xC5,0x10,
0xC5,0x10,0xC5,0x10,0xC5,0x10,0x50,0x53,0xCE,0x4A,0xF3,0x6B,0x96,0x7C,0x75,0x7C,0x75,0x7C,0x75,0x7C,0x75,0x7C,0x75,0x7C,
0x95,0x7C,0x55,0x74,0xC5,0x10,0xC5,0x10,0x26,0x19,0x38,0x8D,0x34,0x74,0x34,0x74,0x34,0x74,0x18,0x8D,0x47,0x19,0xD2,0x63,
0x4B,0x3A,0xAD,0x42,0x96,0x7C,0x8C,0x42,0xC5,0x10,0xC5,0x10,0xC5,0x10,0x75,0x7C,0xE5,0x10,0xC5,0x10,0xC5,0x10,0xB6,0x84,
0xC5,0x10,0xC5,0x10,0xC5,0x10,0xB6,0x84,0xC5,0x10,0xC5,0x10,0xC5,0x10,0x0F,0x53,0xEE,0x4A,0xC5,0x10,0xC5,0x10,0x95,0x7C,
0x88,0x21,0xC5,0x10,0xC5,0x10,0xC5,0x10,0xC5,0x10,0xC5,0x10,0xC5,0x10,0xC5,0x10,0xC5,0x10,0xC5,0x10,0xC5,0x10,0x05,0x11,
0x2F,0x53,0x47,0x19,0xC5,0x10,0xC5,0x10,0xC5,0x10,0xC5,0x10,0xC5,0x10,0x67,0x21,0x55,0x74,0xC5,0x10,0x88,0x21,0x4C,0x3A,
0xC5,0x10,0xCE,0x4A,0xEE,0x4A,0xC5,0x10,0xC5,0x10,0xC5,0x10,0xC5,0x10,0xC5,0x10,0x67,0x21,0x75,0x7C,0xC5,0x10,0x13,0x6C,
0x18,0x8D,0x39,0x8D,0x39,0x8D,0x39,0x8D,0x39,0x8D,0x39,0x8D,0x13,0x6C,0x8D,0x42,0xC5,0x10,0xC5,0x10,0xC5,0x10,0xC5,0x10,
0xE5,0x10,0x75,0x7C,0xE5,0x10,0xC5,0x10,0xC5,0x10,0xEE,0x4A,0xD7,0x84,0x2B,0x32,0xC5,0x10,0xC5,0x10,0xC5,0x10,0xC5,0x10,
0x67,0x19,0xD7,0x84,0xC5,0x10,0xC5,0x10,0xEE,0x4A,0x30,0x53,0xC5,0x10,0xC5,0x10,0xC5,0x10,0xC5,0x10,0xC5,0x10,0xC5,0x10,
0xC5,0x10,0xC5,0x10,0xC5,0x10,0xC5,0x10,0xC5,0x10,0xC5,0x10,0xC5,0x10,0xC5,0x10,0xC5,0x10,0xC5,0x10,0xC5,0x10,0xC5,0x10,
0xC5,0x10,0xC5,0x10,0xC5,0x10,0xC5,0x10,0xC5,0x10,0xC5,0x10,0xC5,0x10,0xC5,0x10,0xC5,0x10,0xC5,0x10,0xC5,0x10,0xC5,0x10,
0xC5,0x10,0xC5,0x10,0xC5,0x10,0xC5,0x10,0xC5,0x10,0xC5,0x10,0xC5,0x10,0xC5,0x10,0xC5,0x10,0xC5,0x10,0xC5,0x10,0xC5,0x10,
0xC5,0x10,0xC5,0x10,0xC5,0x10,0xC5,0x10,0xC5,0x10,0xC5,0x10,0xC5,0x10,0xC5,0x10,0xC5,0x10,0xC5,0x10,0xC5,0x10,0xC5,0x10,
0xC5,0x10,0xC5,0x10,0xC5,0x10,0xC5,0x10,0xC5,0x10,0xC5,0x10,0xC5,0x10,0xC5,0x10,0xC5,0x10,0xC5,0x10,0xC5,0x10,0xC5,0x10,
0xC5,0x10,0xC5,0x10,0xC5,0x10,0xC5,0x10,0xC5,0x10,0xC5,0x10,0xC5,0x10,0xC5,0x10,0xC5,0x10,0xC5,0x10,0xC5,0x10,0xC5,0x10,
0xC5,0x10,0xC5,0x10,0xC5,0x10,0xC5,0x10,0xC5,0x10,0xC5,0x10,0xC5,0x10,0xC5,0x10,0xC5,0x10,0xC5,0x10,0xC5,0x10,0xC5,0x10,
0xC5,0x10,0xC5,0x10,0xC5,0x10,0xC5,0x10,0xC5,0x10,0xC5,0x10,0xC5,0x10,0xC5,0x10,0xC5,0x10,0xC5,0x10,0xC5,0x10,0xC5,0x10,
0xC5,0x10,0xC5,0x10,0xC5,0x10,0xC5,0x10,0xC5,0x10,0xC5,0x10,0xC5,0x10,0xC5,0x10,0xC5,0x10,0xC5,0x10,0xC5,0x10,0xC5,0x10,
0xC5,0x10,0xC5,0x10,0xC5,0x10,0xC5,0x10,0xC5,0x10,0xC5,0x10,0xC5,0x10,0xC5,0x10,0xC5,0x10,0xC5,0x10,0xC5,0x10,0xC5,0x10,
0xC5,0x10,0xC5,0x10,0xC5,0x10,0xC5,0x10,0xC5,0x10,0xF3,0x6B,0xE9,0x29,0xC5,0x10,0xC5,0x10,0xC5,0x10,0xC5,0x10,0xC5,0x10,
0x67,0x21,0x55,0x74,0xC5,0x10,0xC5,0x10,0x26,0x19,0xF7,0x8C,0xC5,0x10,0xC5,0x10,0xC5,0x10,0xB6,0x84,0x47,0x19,0xD2,0x63,
0xF8,0x8C,0x71,0x5B,0x46,0x19,0xC5,0x10,0xC5,0x10,0xC5,0x10,0xC5,0x10,0x75,0x7C,0xE5,0x10,0xC5,0x10,0xC5,0x10,0xB6,0x84,
0xC5,0x10,0xC5,0x10,0xC5,0x10,0xB6,0x84,0xC5,0x10,0xC5,0x10,0xC5,0x10,0xD2,0x63,0x2B,0x3A,0xC5,0x10,0x05,0x11,0x18,0x8D,
0x96,0x7C,0x96,0x7C,0x96,0x7C,0x96,0x7C,0xF8,0x8C,0x6C,0x3A,0xC5,0x10,0xC5,0x10,0xC5,0x10,0xC5,0x10,0xC5,0x10,0xC5,0x10,
0xC5,0x10,0xC5,0x10,0xC5,0x10,0xC5,0x10,0xC5,0x10,0xC5,0x10,0xC5,0x10,0x67,0x21,0x55,0x74,0xC5,0x10,0x26,0x19,0x75,0x74,
0x88,0x21,0xB2,0x63,0x0A,0x32,0xC5,0x10,0xC5,0x10,0xC5,0x10,0xC5,0x10,0xC5,0x10,0x67,0x21,0x75,0x7C,0xC5,0x10,0xC5,0x10,
0x47,0x19,0x54,0x74,0xC5,0x10,0xC5,0x10,0xD2,0x63,0x2B,0x32,0xC5,0x10,0xC5,0x10,0xC5,0x10,0xB1,0x63,0x91,0x5B,0x75,0x7C,
0x18,0x8D,0x75,0x7C,0x75,0x7C,0x75,0x7C,0x0A,0x32,0xA9,0x29,0x18,0x8D,0xE5,0x10,0xC5,0x10,0xC5,0x10,0xC5,0x10,0xC5,0x10,
0xAD,0x42,0xD2,0x63,0xC5,0x10,0xC5,0x10,0xEE,0x4A,0x30,0x53,0xC5,0x10,0xC5,0x10,0xC5,0x10,0xC5,0x10,0xC5,0x10,0xC5,0x10,
0xC5,0x10,0xC5,0x10,0xC5,0x10,0xC5,0x10,0xC5,0x10,0xC5,0x10,0xC5,0x10,0xC5,0x10,0xC5,0x10,0xC5,0x10,0xC5,0x10,0xC5,0x10,
0xC5,0x10,0xC5,0x10,0xC5,0x10,0xC5,0x10,0xC5,0x10,0xC5,0x10,0xC5,0x10,0xC5,0x10,0xC5,0x10,0xC5,0x10,0xC5,0x10,0xC5,0x10,
0xC5,0x10,0xC5,0x10,0xC5,0x10,0xC5,0x10,0xC5,0x10,0xC5,0x10,0xC5,0x10,0xC5,0x10,0xC5,0x10,0xC5,0x10,0xC5,0x10,0xC5,0x10,
0xC5,0x10,0xC5,0x10,0xC5,0x10,0xC5,0x10,0xC5,0x10,0xC5,0x10,0xC5,0x10,0xC5,0x10,0xC5,0x10,0xC5,0x10,0xC5,0x10,0xC5,0x10,
0xC5,0x10,0xC5,0x10,0xC5,0x10,0xC5,0x10,0xC5,0x10,0xC5,0x10,0xC5,0x10,0xC5,0x10,0xC5,0x10,0xC5,0x10,0xC5,0x10,0xC5,0x10,
0xC5,0x10,0xC5,0x10,0xC5,0x10,0xC5,0x10,0xC5,0x10,0xC5,0x10,0xC5,0x10,0xC5,0x10,0xC5,0x10,0xC5,0x10,0xC5,0x10,0xC5,0x10,
0xC5,0x10,0xC5,0x10,0xC5,0x10,0xC5,0x10,0xC5,0x10,0xC5,0x10,0xC5,0x10,0xC5,0x10,0xC5,0x10,0xC5,0x10,0xC5,0x10,0xC5,0x10,
0xC5,0x10,0xC5,0x10,0xC5,0x10,0xC5,0x10,0xC5,0x10,0xC5,0x10,0xC5,0x10,0xC5,0x10,0xC5,0x10,0xC5,0x10,0xC5,0x10,0xC5,0x10,
0xC5,0x10,0xC5,0x10,0xC5,0x10,0xC5,0x10,0xC5,0x10,0xC5,0x10,0xC5,0x10,0xC5,0x10,0xC5,0x10,0xC5,0x10,0xC5,0x10,0xC5,0x10,
0xC5,0x10,0xC5,0x10,0xC5,0x10,0xC5,0x10,0xC5,0x10,0xC5,0x10,0xC5,0x10,0xC5,0x10,0xC5,0x10,0xC5,0x10,0xC5,0x10,0xC5,0x10,
0xC5,0x10,0xC5,0x10,0xC5,0x10,0xC5,0x10,0xC5,0x10,0xF3,0x6B,0x75,0x7C,0x54,0x74,0x54,0x74,0x54,0x74,0x54,0x74,0x54,0x74,
0x75,0x74,0x55,0x74,0xC5,0x10,0xC5,0x10,0x26,0x19,0x38,0x8D,0x34,0x74,0x34,0x74,0x34,0x74,0x18,0x8D,0x47,0x19,0xD2,0x63,
0x6C,0x3A,0xC5,0x10,0xC5,0x10,0x4B,0x3A,0x0F,0x53,0xE5,0x10,0xB2,0x63,0xB2,0x63,0x39,0x8D,0x39,0x8D,0x39,0x8D,0x39,0x8D,
0x39,0x8D,0x39,0x8D,0x39,0x8D,0xB2,0x63,0xB2,0x63,0xE5,0x10,0xE5,0x10,0xB6,0x84,0x47,0x19,0xC5,0x10,0x8D,0x42,0x13,0x6C,
0xC5,0x10,0xC5,0x10,0xC5,0x10,0xC5,0x10,0xF3,0x6B,0x0A,0x32,0xC5,0x10,0xC5,0x10,0xC5,0x10,0xC5,0x10,0xC5,0x10,0xC5,0x10,
0xC5,0x10,0xC5,0x10,0xC5,0x10,0xC5,0x10,0xC5,0x10,0xC5,0x10,0xC5,0x10,0x67,0x21,0x55,0x74,0xC5,0x10,0xC5,0x10,0x47,0x19,
0x54,0x74,0xF7,0x84,0x47,0x19,0xC5,0x10,0xC5,0x10,0xC5,0x10,0xC5,0x10,0xC5,0x10,0x67,0x21,0x75,0x7C,0xC5,0x10,0xC5,0x10,
0xEE,0x4A,0x0F,0x4B,0xC5,0x10,0xC5,0x10,0xB1,0x63,0x13,0x6C,0xB6,0x84,0x6C,0x3A,0xE5,0x10,0xF7,0x84,0x26,0x19,0x88,0x21,
0xF7,0x84,0x54,0x74,0x95,0x7C,0x70,0x5B,0xC5,0x10,0xD2,0x63,0x75,0x7C,0x8D,0x42,0xC5,0x10,0xC5,0x10,0xC5,0x10,0x47,0x19,
0xD7,0x84,0xC9,0x29,0xC5,0x10,0xC5,0x10,0xEE,0x4A,0x30,0x53,0xC5,0x10,0xC5,0x10,0xC9,0x29,0xD2,0x63,0xC5,0x10,0xC5,0x10,
0xC5,0x10,0xC5,0x10,0xC5,0x10,0xC5,0x10,0xC5,0x10,0xC5,0x10,0xC5,0x10,0xC5,0x10,0xC5,0x10,0xC5,0x10,0xC5,0x10,0xC5,0x10,
0xC5,0x10,0xC5,0x10,0xC5,0x10,0xC5,0x10,0xC5,0x10,0xC5,0x10,0xC5,0x10,0xC5,0x10,0xC5,0x10,0xC5,0x10,0xC5,0x10,0xC5,0x10,
0xC5,0x10,0xC5,0x10,0xC5,0x10,0xC5,0x10,0xC5,0x10,0xC5,0x10,0xC5,0x10,0xC5,0x10,0xC5,0x10,0xC5,0x10,0xC5,0x10,0xC5,0x10,
0xC5,0x10,0xC5,0x10,0xC5,0x10,0xC5,0x10,0xC5,0x10,0xC5,0x10,0xC5,0x10,0xC5,0x10,0xC5,0x10,0xC5,0x10,0xC5,0x10,0xC5,0x10,
0xC5,0x10,0xC5,0x10,0xC5,0x10,0xC5,0x10,0xC5,0x10,0xC5,0x10,0xC5,0x10,0xC5,0x10,0xC5,0x10,0xC5,0x10,0xC5,0x10,0xC5,0x10,
0xC5,0x10,0xC5,0x10,0xC5,0x10,0xC5,0x10,0xC5,0x10,0xC5,0x10,0xC5,0x10,0xC5,0x10,0xC5,0x10,0xC5,0x10,0xC5,0x10,0xC5,0x10,
0xC5,0x10,0xC5,0x10,0xC5,0x10,0xC5,0x10,0xC5,0x10,0xC5,0x10,0xC5,0x10,0xC5,0x10,0xC5,0x10,0xC5,0x10,0xC5,0x10,0xC5,0x10,
0xC5,0x10,0xC5,0x10,0xC5,0x10,0xC5,0x10,0xC5,0x10,0xC5,0x10,0xC5,0x10,0xC5,0x10,0xC5,0x10,0xC5,0x10,0xC5,0x10,0xC5,0x10,
0xC5,0x10,0xC5,0x10,0xC5,0x10,0xC5,0x10,0xC5,0x10,0xC5,0x10,0xC5,0x10,0xC5,0x10,0xC5,0x10,0xC5,0x10,0xC5,0x10,0xC5,0x10,
0xC5,0x10,0xC5,0x10,0xC5,0x10,0xC5,0x10,0xC5,0x10,0xC5,0x10,0xC5,0x10,0xC5,0x10,0xC5,0x10,0xC5,0x10,0xC5,0x10,0xC5,0x10,
0xC5,0x10,0xC5,0x10,0xC5,0x10,0xC5,0x10,0xC5,0x10,0xF3,0x6B,0xE9,0x29,0xC5,0x10,0xC5,0x10,0xC5,0x10,0xC5,0x10,0xC5,0x10,
0x67,0x21,0x55,0x74,0xC5,0x10,0xC5,0x10,0x26,0x19,0xF7,0x8C,0xC5,0x10,0x05,0x11,0x05,0x11,0xF7,0x84,0x26,0x19,0x91,0x63,
0xAD,0x42,0xC5,0x10,0xE5,0x10,0x30,0x53,0x30,0x53,0xC5,0x10,0xC5,0x10,0xC5,0x10,0xC5,0x10,0xC5,0x10,0xC5,0x10,0xB6,0x84,
0xC5,0x10,0xC5,0x10,0xC5,0x10,0xC5,0x10,0xC5,0x10,0xC5,0x10,0x4B,0x3A,0xF3,0x6B,0xC5,0x10,0x0A,0x32,0xD7,0x84,0x88,0x21,
0xC5,0x10,0x06,0x11,0xC5,0x10,0x26,0x19,0xD7,0x84,0x88,0x21,0xC5,0x10,0xC5,0x10,0xC5,0x10,0xC5,0x10,0xC5,0x10,0xC5,0x10,
0xC5,0x10,0xC5,0x10,0xC5,0x10,0xC5,0x10,0xC5,0x10,0xC5,0x10,0xC5,0x10,0x67,0x21,0x55,0x74,0xC5,0x10,0x26,0x19,0x30,0x53,
0x13,0x6C,0x8C,0x42,0x75,0x7C,0xD2,0x63,0x6C,0x42,0xC9,0x29,0x06,0x11,0xE5,0x10,0xC9,0x29,0x55,0x74,0xC5,0x10,0x0A,0x32,
0x55,0x74,0x06,0x11,0xC5,0x10,0xC5,0x10,0xC5,0x10,0x05,0x11,0x14,0x6C,0xC9,0x29,0x0A,0x32,0x34,0x74,0xC5,0x10,0x50,0x5B,
0xAD,0x42,0xE5,0x10,0xCD,0x42,0xEE,0x4A,0x0F,0x53,0x91,0x63,0x26,0x19,0x96,0x7C,0xA8,0x21,0xC5,0x10,0x0A,0x32,0x96,0x7C,
0x8D,0x42,0xC5,0x10,0xC5,0x10,0xC5,0x10,0xCE,0x4A,0xB2,0x63,0xE5,0x10,0xE5,0x10,0xCE,0x4A,0x13,0x6C,0xC5,0x10,0xC5,0x10,
0xC5,0x10,0xC5,0x10,0xC5,0x10,0xC5,0x10,0xC5,0x10,0xC5,0x10,0xC5,0x10,0xC5,0x10,0xC5,0x10,0xC5,0x10,0xC5,0x10,0xC5,0x10,
0xC5,0x10,0xC5,0x10,0xC5,0x10,0xC5,0x10,0xC5,0x10,0xC5,0x10,0xC5,0x10,0xC5,0x10,0xC5,0x10,0xC5,0x10,0xC5,0x10,0xC5,0x10,
0xC5,0x10,0xC5,0x10,0xC5,0x10,0xC5,0x10,0xC5,0x10,0xC5,0x10,0xC5,0x10,0xC5,0x10,0xC5,0x10,0xC5,0x10,0xC5,0x10,0xC5,0x10,
0xC5,0x10,0xC5,0x10,0xC5,0x10,0xC5,0x10,0xC5,0x10,0xC5,0x10,0xC5,0x10,0xC5,0x10,0xC5,0x10,0xC5,0x10,0xC5,0x10,0xC5,0x10,
0xC5,0x10,0xC5,0x10,0xC5,0x10,0xC5,0x10,0xC5,0x10,0xC5,0x10,0xC5,0x10,0xC5,0x10,0xC5,0x10,0xC5,0x10,0xC5,0x10,0xC5,0x10,
0xC5,0x10,0xC5,0x10,0xC5,0x10,0xC5,0x10,0xC5,0x10,0xC5,0x10,0xC5,0x10,0xC5,0x10,0xC5,0x10,0xC5,0x10,0xC5,0x10,0xC5,0x10,
0xC5,0x10,0xC5,0x10,0xC5,0x10,0xC5,0x10,0xC5,0x10,0xC5,0x10,0xC5,0x10,0xC5,0x10,0xC5,0x10,0xC5,0x10,0xC5,0x10,0xC5,0x10,
0xC5,0x10,0xC5,0x10,0xC5,0x10,0xC5,0x10,0xC5,0x10,0xC5,0x10,0xC5,0x10,0xC5,0x10,0xC5,0x10,0xC5,0x10,0xC5,0x10,0xC5,0x10,
0xC5,0x10,0xC5,0x10,0xC5,0x10,0xC5,0x10,0xC5,0x10,0xC5,0x10,0xC5,0x10,0xC5,0x10,0xC5,0x10,0xC5,0x10,0xC5,0x10,0xC5,0x10,
0xC5,0x10,0xC5,0x10,0xC5,0x10,0xC5,0x10,0xC5,0x10,0xC5,0x10,0xC5,0x10,0xC5,0x10,0xC5,0x10,0xC5,0x10,0xC5,0x10,0xC5,0x10,
0xC5,0x10,0xC5,0x10,0xC5,0x10,0xC5,0x10,0xC5,0x10,0xF3,0x6B,0x96,0x7C,0x75,0x7C,0x75,0x7C,0x75,0x7C,0x75,0x7C,0x75,0x7C,
0x95,0x7C,0x55,0x74,0xC5,0x10,0xC5,0x10,0x26,0x19,0xF7,0x8C,0xC5,0x10,0x91,0x63,0xD7,0x84,0xD2,0x63,0xE5,0x10,0xC9,0x29,
0x75,0x7C,0xB6,0x84,0xB6,0x7C,0x54,0x74,0x88,0x21,0x2F,0x53,0xD2,0x6B,0xD2,0x6B,0xD2,0x6B,0xD2,0x6B,0xD2,0x6B,0xD2,0x6B,
0xD2,0x6B,0xD2,0x6B,0xD2,0x6B,0xD2,0x6B,0xD2,0x6B,0x2F,0x53,0x71,0x5B,0x88,0x21,0xC9,0x29,0x34,0x74,0x88,0x21,0xC5,0x10,
0xC5,0x10,0x75,0x7C,0x38,0x8D,0x18,0x8D,0x91,0x63,0xC5,0x10,0xC5,0x10,0xC5,0x10,0xC5,0x10,0xC5,0x10,0xC5,0x10,0xC5,0x10,
0xC5,0x10,0xC5,0x10,0xC5,0x10,0xC5,0x10,0xC5,0x10,0xC5,0x10,0xC5,0x10,0x67,0x21,0x55,0x74,0x4C,0x3A,0x14,0x6C,0x6C,0x3A,
0xE5,0x10,0xC5,0x10,0xE5,0x10,0x2B,0x32,0x70,0x5B,0x75,0x7C,0x0F,0x4B,0x71,0x5B,0xF8,0x8C,0xEE,0x4A,0xCD,0x4A,0x91,0x5B,
0x26,0x19,0xC5,0x10,0xC5,0x10,0x6C,0x3A,0x96,0x7C,0x95,0x7C,0x71,0x5B,0xE5,0x10,0xCE,0x4A,0xCE,0x4A,0xAD,0x42,0x2F,0x53,
0x47,0x19,0x55,0x74,0x13,0x6C,0x6C,0x3A,0xB2,0x63,0xE5,0x10,0xC5,0x10,0xC9,0x29,0x70,0x5B,0x2F,0x53,0xF3,0x6B,0xA9,0x29,
0xC5,0x10,0xC5,0x10,0xC5,0x10,0xC5,0x10,0x67,0x21,0x34,0x74,0xB6,0x84,0xB6,0x84,0x75,0x7C,0x2B,0x32,0xC5,0x10,0xC5,0x10,
0xC5,0x10,0xC5,0x10,0xC5,0x10,0xC5,0x10,0xC5,0x10,0xC5,0x10,0xC5,0x10,0xC5,0x10,0xC5,0x10,0xC5,0x10,0xC5,0x10,0xC5,0x10,
0xC5,0x10,0xC5,0x10,0xC5,0x10,0xC5,0x10,0xC5,0x10,0xC5,0x10,0xC5,0x10,0xC5,0x10,0xC5,0x10,0xC5,0x10,0xC5,0x10,0xC5,0x10,
0xC5,0x10,0xC5,0x10,0xC5,0x10,0xC5,0x10,0xC5,0x10,0xC5,0x10,0xC5,0x10,0xC5,0x10,0xC5,0x10,0xC5,0x10,0xC5,0x10,0xC5,0x10,
0xC5,0x10,0xC5,0x10,0xC5,0x10,0xC5,0x10,0xC5,0x10,0xC5,0x10,0xC5,0x10,0xC5,0x10,0xC5,0x10,0xC5,0x10,0xC5,0x10,0xC5,0x10,
0xC5,0x10,0xC5,0x10,0xC5,0x10,0xC5,0x10,0xC5,0x10,0xC5,0x10,0xC5,0x10,0xC5,0x10,0xC5,0x10,0xC5,0x10,0xC5,0x10,0xC5,0x10,
0xC5,0x10,0xC5,0x10,0xC5,0x10,0xC5,0x10,0xC5,0x10,0xC5,0x10,0xC5,0x10,0xC5,0x10,0xC5,0x10,0xC5,0x10,0xC5,0x10,0xC5,0x10,
0xC5,0x10,0xC5,0x10,0xC5,0x10,0xC5,0x10,0xC5,0x10,0xC5,0x10,0xC5,0x10,0xC5,0x10,0xC5,0x10,0xC5,0x10,0xC5,0x10,0xC5,0x10,
0xC5,0x10,0xC5,0x10,0xC5,0x10,0xC5,0x10,0xC5,0x10,0xC5,0x10,0xC5,0x10,0xC5,0x10,0xC5,0x10,0xC5,0x10,0xC5,0x10,0xC5,0x10,
0xC5,0x10,0xC5,0x10,0xC5,0x10,0xC5,0x10,0xC5,0x10,0xC5,0x10,0xC5,0x10,0xC5,0x10,0xC5,0x10,0xC5,0x10,0xC5,0x10,0xC5,0x10,
0xC5,0x10,0xC5,0x10,0xC5,0x10,0xC5,0x10,0xC5,0x10,0xC5,0x10,0xC5,0x10,0xC5,0x10,0xC5,0x10,0xC5,0x10,0xC5,0x10,0xC5,0x10,
0xC5,0x10,0xC5,0x10,0xC5,0x10,0xC5,0x10,0xC5,0x10,0xC5,0x10,0xC5,0x10,0xC5,0x10,0xC5,0x10,0xC5,0x10,0xC5,0x10,0xC5,0x10,
0xC5,0x10,0xC5,0x10,0xC5,0x10,0xC5,0x10,0xC5,0x10,0xC5,0x10,0xC5,0x10,0xC5,0x10,0xC5,0x10,0xC5,0x10,0xC5,0x10,0xC5,0x10,
0xC5,0x10,0xC5,0x10,0xC5,0x10,0xC5,0x10,0xC5,0x10,0xC5,0x10,0xC5,0x10,0xC5,0x10,0xC5,0x10,0xC5,0x10,0xC5,0x10,0xC5,0x10,
0xC5,0x10,0xC5,0x10,0xC5,0x10,0xC5,0x10,0xC5,0x10,0xC5,0x10,0xC5,0x10,0xC5,0x10,0xC5,0x10,0xC5,0x10,0xC5,0x10,0xC5,0x10,
0xC5,0x10,0xE5,0x10,0xE5,0x10,0xE5,0x10,0xC5,0x10,0xC5,0x10,0xC5,0x10,0xC5,0x10,0xC5,0x10,0xC5,0x10,0xC5,0x10,0xC5,0x10,
0xC5,0x10,0xC5,0x10,0xC5,0x10,0xC5,0x10,0xC5,0x10,0xC5,0x10,0xC5,0x10,0xC5,0x10,0xC5,0x10,0xC5,0x10,0xC5,0x10,0xC5,0x10,
0xC5,0x10,0xC5,0x10,0xC5,0x10,0xC5,0x10,0xC5,0x10,0xC5,0x10,0xC5,0x10,0xC5,0x10,0xC5,0x10,0xC5,0x10,0xC5,0x10,0xC5,0x10,
0xC5,0x10,0xC5,0x10,0xC5,0x10,0xC5,0x10,0xC5,0x10,0xC5,0x10,0xC5,0x10,0xC5,0x10,0xC5,0x10,0xC5,0x10,0xC5,0x10,0xC5,0x10,
0xC5,0x10,0xC5,0x10,0xC5,0x10,0xC5,0x10,0xC5,0x10,0xC5,0x10,0xC5,0x10,0xC5,0x10,0xC5,0x10,0xC5,0x10,0xC5,0x10,0xC5,0x10,
0xC5,0x10,0xC5,0x10,0xC5,0x10,0xC5,0x10,0xC5,0x10,0xC5,0x10,0xC5,0x10,0xC5,0x10,0xC5,0x10,0xC5,0x10,0xC5,0x10,0xC5,0x10,
0xC5,0x10,0xC5,0x10,0xC5,0x10,0xC5,0x10,0xC5,0x10,0xC5,0x10,0xC5,0x10,0xC5,0x10,0xC5,0x10,0xC5,0x10,0xC5,0x10,0xC5,0x10,
0xC5,0x10,0xC5,0x10,0xC5,0x10,0xC5,0x10,0xC5,0x10,0xC5,0x10,0xC5,0x10,0xC5,0x10,0xC5,0x10,0xC5,0x10,0xC5,0x10,0xC5,0x10,
0xC5,0x10,0xC5,0x10,0xC5,0x10,0xC5,0x10,0xC5,0x10,0xC5,0x10,0xC5,0x10,0xC5,0x10,0xC5,0x10,0xC5,0x10,0xC5,0x10,0xC5,0x10,
0xC5,0x10,0xC5,0x10,0xC5,0x10,0xC5,0x10,0xC5,0x10,0xC5,0x10,0xC5,0x10,0xC5,0x10,0xC5,0x10,0xC5,0x10,0xC5,0x10,0xC5,0x10,
0xC5,0x10,0xC5,0x10,0xC5,0x10,0xC5,0x10,0xC5,0x10,0xC5,0x10,0xC5,0x10,0xC5,0x10,0xC5,0x10,0xC5,0x10,0xC5,0x10,0xC5,0x10,
0xC5,0x10,0xC5,0x10,0xC5,0x10,0xC5,0x10,0xC5,0x10,0xC5,0x10,0xC5,0x10,0xC5,0x10,0xC5,0x10,0xC5,0x10,0xC5,0x10,0xC5,0x10,
0xC5,0x10,0xC5,0x10,0xC5,0x10,0xC5,0x10,0xC5,0x10,0xC5,0x10,0xC5,0x10,0xC5,0x10,0xC5,0x10,0xC5,0x10,0xC5,0x10,0xC5,0x10,
0xC5,0x10,0xC5,0x10,0xC5,0x10,0xC5,0x10,0xC5,0x10,0xC5,0x10,0xC5,0x10,0xC5,0x10,0xC5,0x10,0xC5,0x10,0xC5,0x10,0xC5,0x10,
0xC5,0x10,0xC5,0x10,0xC5,0x10,0xC5,0x10,0xC5,0x10,0xC5,0x10,0xC5,0x10,0xC5,0x10,0xC5,0x10,0xC5,0x10,0xC5,0x10,0xC5,0x10,
0xC5,0x10,0xC5,0x10,0xC5,0x10,0xC5,0x10,0xC5,0x10,0xC5,0x10,0xC5,0x10,0xC5,0x10,0xC5,0x10,0xC5,0x10,0xC5,0x10,0xC5,0x10,
0xC5,0x10,0xC5,0x10,0xC5,0x10,0xC5,0x10,0xC5,0x10,0xC5,0x10,0xC5,0x10,0xC5,0x10,0xC5,0x10,0xC5,0x10,0xC5,0x10,0xC5,0x10,
0xC5,0x10,0xC5,0x10,0xC5,0x10,0xC5,0x10,0xC5,0x10,0xC5,0x10,0xC5,0x10,0xC5,0x10,0xC5,0x10,0xC5,0x10,0xC5,0x10,0xC5,0x10,
0xC5,0x10,0xC5,0x10,0xC5,0x10,0xC5,0x10,0xC5,0x10,0xC5,0x10,0xC5,0x10,0xC5,0x10,0xC5,0x10,0xC5,0x10,0xC5,0x10,0xC5,0x10,
0xC5,0x10,0xC5,0x10,0xC5,0x10,0xC5,0x10,0xC5,0x10,0xC5,0x10,0xC5,0x10,0xC5,0x10,0xC5,0x10,0xC5,0x10,0xC5,0x10,0xC5,0x10,
0xC5,0x10,0xC5,0x10,0xC5,0x10,0xC5,0x10,0xC5,0x10,0xC5,0x10,0xC5,0x10,0xC5,0x10,0xC5,0x10,0xC5,0x10,0xC5,0x10,0xC5,0x10,
0xC5,0x10,0xC5,0x10,0xC5,0x10,0xC5,0x10,0xC5,0x10,0xC5,0x10,0xC5,0x10,0xC5,0x10,0xC5,0x10,0xC5,0x10,0xC5,0x10,0xC5,0x10,
0xC5,0x10,0xC5,0x10,0xC5,0x10,0xC5,0x10,0xC5,0x10,0xC5,0x10,0xC5,0x10,0xC5,0x10,0xC5,0x10,0xC5,0x10,0xC5,0x10,0xC5,0x10,
0xC5,0x10,0xC5,0x10,0xC5,0x10,0xC5,0x10,0xC5,0x10,0xC5,0x10,0xC5,0x10,0xC5,0x10,0xC5,0x10,0xC5,0x10,0xC5,0x10,0xC5,0x10,
0xC5,0x10,0xC5,0x10,0xC5,0x10,0xC5,0x10,0xC5,0x10,0xC5,0x10,0xC5,0x10,0xC5,0x10,0xC5,0x10,0xC5,0x10,0xC5,0x10,0xC5,0x10,
0xC5,0x10,0xC5,0x10,0xC5,0x10,0xC5,0x10,0xC5,0x10,0xC5,0x10,0xC5,0x10,0xC5,0x10,0xC5,0x10,0xC5,0x10,0xC5,0x10,0xC5,0x10,
0xC5,0x10,0xC5,0x10,0xC5,0x10,0xC5,0x10,0xC5,0x10,0xC5,0x10,0xC5,0x10,0xC5,0x10,0xC5,0x10,0xC5,0x10,0xC5,0x10,0xC5,0x10,
0xC5,0x10,0xC5,0x10,0xC5,0x10,0xC5,0x10,0xC5,0x10,0xC5,0x10,0xC5,0x10,0xC5,0x10,0xC5,0x10,0xC5,0x10,0xC5,0x10,0xC5,0x10,
0xC5,0x10,0xC5,0x10,0xC5,0x10,0xC5,0x10,0xC5,0x10,0xC5,0x10,0xC5,0x10,0xC5,0x10,0xC5,0x10,0xC5,0x10,0xC5,0x10,0xC5,0x10,
0xC5,0x10,0xC5,0x10,0xC5,0x10,0xC5,0x10,0xC5,0x10,0xC5,0x10,0xC5,0x10,0xC5,0x10,0xC5,0x10,0xC5,0x10,0xC5,0x10,0xC5,0x10,
0xC5,0x10,0xC5,0x10,0xC5,0x10,0xC5,0x10,0xC5,0x10,0xC5,0x10,0xC5,0x10,0xC5,0x10,0xC5,0x10,0xC5,0x10,0xC5,0x10,0xC5,0x10,
0xC5,0x10,0xC5,0x10,0xC5,0x10,0xC5,0x10,0xC5,0x10,0xC5,0x10,0xC5,0x10,0xC5,0x10,0xC5,0x10,0xC5,0x10,0xC5,0x10,0xC5,0x10,
0xC5,0x10,0xC5,0x10,0xC5,0x10,0xC5,0x10,0xC5,0x10,0xC5,0x10,0xC5,0x10,0xC5,0x10,0xC5,0x10,0xC5,0x10,0xC5,0x10,0xC5,0x10,
0xC5,0x10,0xC5,0x10,0xC5,0x10,0xC5,0x10,0xC5,0x10,0xC5,0x10,0xC5,0x10,0xC5,0x10,0xC5,0x10,0xC5,0x10,0xC5,0x10,0xC5,0x10,
0xC5,0x10,0xC5,0x10,0xC5,0x10,0xC5,0x10,0xC5,0x10,0xC5,0x10,0xC5,0x10,0xC5,0x10,0xC5,0x10,0xC5,0x10,0xC5,0x10,0xC5,0x10,
0xC5,0x10,0xC5,0x10,0xC5,0x10,0xC5,0x10,0xC5,0x10,0xC5,0x10,0xC5,0x10,0xC5,0x10,0xC5,0x10,0xC5,0x10,0xC5,0x10,0xC5,0x10,
0xC5,0x10,0xC5,0x10,0xC5,0x10,0xC5,0x10,0xC5,0x10,0xC5,0x10,0xC5,0x10,0xC5,0x10,0xC5,0x10,0xC5,0x10,0xC5,0x10,0xC5,0x10,
0xC5,0x10,0xC5,0x10,0xC5,0x10,0xC5,0x10,0xC5,0x10,0xC5,0x10,0xC5,0x10,0xC5,0x10,0xC5,0x10,0xC5,0x10,0xC5,0x10,0xC5,0x10,
0xC5,0x10,0xC5,0x10,0xC5,0x10,0xC5,0x10,0xC5,0x10,0xC5,0x10,0xC5,0x10,0xC5,0x10,0xC5,0x10,0xC5,0x10,0xC5,0x10,0xC5,0x10,
0xC5,0x10,0xC5,0x10,0xC5,0x10,0xC5,0x10,0xC5,0x10,0xC5,0x10,0xC5,0x10,0xC5,0x10,0xC5,0x10,0xC5,0x10,0xC5,0x10,0xC5,0x10,
0xC5,0x10,0xC5,0x10,0xC5,0x10,0xC5,0x10,0xC5,0x10,0xC5,0x10,0xC5,0x10,0xC5,0x10,0xC5,0x10,0xC5,0x10,0xC5,0x10,0xC5,0x10,
0xC5,0x10,0xC5,0x10,0xC5,0x10,0xC5,0x10,0xC5,0x10,0xC5,0x10,0xC5,0x10,0xC5,0x10,0xC5,0x10,0xC5,0x10,0xC5,0x10,0xC5,0x10,
0xC5,0x10,0xC5,0x10,0xC5,0x10,0xC5,0x10,0xC5,0x10,0xC5,0x10,0xC5,0x10,0xC5,0x10,0xC5,0x10,0xC5,0x10,0xC5,0x10,0xC5,0x10,
0xC5,0x10,0xC5,0x10,0xC5,0x10,0xC5,0x10,0xC5,0x10,0xC5,0x10,0xC5,0x10,0xC5,0x10,0xC5,0x10,0xC5,0x10,0xC5,0x10,0xC5,0x10,
0xC5,0x10,0xC5,0x10,0xC5,0x10,0xC5,0x10,0xC5,0x10,0xC5,0x10,0xC5,0x10,0xC5,0x10,0xC5,0x10,0xC5,0x10,0xC5,0x10,0xC5,0x10,
0xC5,0x10,0xC5,0x10,0xC5,0x10,0xC5,0x10,0xC5,0x10,0xC5,0x10,0xC5,0x10,0xC5,0x10,0xC5,0x10,0xC5,0x10,0xC5,0x10,0xC5,0x10,
0xC5,0x10,0xC5,0x10,0xC5,0x10,0xC5,0x10,0xC5,0x10,0xC5,0x10,0xC5,0x10,0xC5,0x10,0xC5,0x10,0xC5,0x10,0xC5,0x10,0xC5,0x10,
0xC5,0x10,0xC5,0x10,0xC5,0x10,0xC5,0x10,0xC5,0x10,0xC5,0x10,0xC5,0x10,0xC5,0x10,0xC5,0x10,0xC5,0x10,0xC5,0x10,0xC5,0x10,
0xC5,0x10,0xC5,0x10,0xC5,0x10,0xC5,0x10,0xC5,0x10,0xC5,0x10,0xC5,0x10,0xC5,0x10,0xC5,0x10,0xC5,0x10,0xC5,0x10,0xC5,0x10,
0xC5,0x10,0xC5,0x10,0xC5,0x10,0xC5,0x10,0xC5,0x10,0xC5,0x10,0xC5,0x10,0xC5,0x10,0xC5,0x10,0xC5,0x10,0xC5,0x10,0xC5,0x10,
0xC5,0x10,0xC5,0x10,0xC5,0x10,0xC5,0x10,0xC5,0x10,0xC5,0x10,0xC5,0x10,0xC5,0x10,0xC5,0x10,0xC5,0x10,0xC5,0x10,0xC5,0x10,
0xC5,0x10,0xC5,0x10,0xC5,0x10,0xC5,0x10,0xC5,0x10,0xC5,0x10,0xC5,0x10,0xC5,0x10,0xC5,0x10,0xC5,0x10,0xC5,0x10,0xC5,0x10,
0xC5,0x10,0xC5,0x10,0xC5,0x10,0xC5,0x10,0xC5,0x10,0xC5,0x10,0xC5,0x10,0xC5,0x10,0xC5,0x10,0xC5,0x10,0xC5,0x10,0xC5,0x10,
0xC5,0x10,0xC5,0x10,0xC5,0x10,0xC5,0x10,0xC5,0x10,0xC5,0x10,0xC5,0x10,0xC5,0x10,0xC5,0x10,0xC5,0x10,0xC5,0x10,0xC5,0x10,
0xC5,0x10,0xC5,0x10,0xC5,0x10,0xC5,0x10,0xC5,0x10,0xC5,0x10,0xC5,0x10,0xC5,0x10,0xC5,0x10,0xC5,0x10,0xC5,0x10,0xC5,0x10,
0xC5,0x10,0xC5,0x10,0xC5,0x10,0xC5,0x10,0xC5,0x10,0xC5,0x10,0xC5,0x10,0xC5,0x10,0xC5,0x10,0xC5,0x10,0xC5,0x10,0xC5,0x10,
0xC5,0x10,0xC5,0x10,0xC5,0x10,0xC5,0x10,0xC5,0x10,0xC5,0x10,0xC5,0x10,0xC5,0x10,0xC5,0x10,0xC5,0x10,0xC5,0x10,0xC5,0x10,
0xC5,0x10,0xC5,0x10,0xC5,0x10,0xC5,0x10,0xC5,0x10,0xC5,0x10,0xC5,0x10,0xC5,0x10,0xC5,0x10,0xC5,0x10,0xC5,0x10,0xC5,0x10,
0xC5,0x10,0xC5,0x10,0xC5,0x10,0xC5,0x10,0xC5,0x10,0xC5,0x10,0xC5,0x10,0xC5,0x10,0xC5,0x10,0xC5,0x10,0xC5,0x10,0xC5,0x10,
0xC5,0x10,0xC5,0x10,0xC5,0x10,0xC5,0x10,0xC5,0x10,0xC5,0x10,0xC5,0x10,0xC5,0x10,0xC5,0x10,0xC5,0x10,0xC5,0x10,0xC5,0x10,
0xC5,0x10,0xC5,0x10,0xC5,0x10,0xC5,0x10,0xC5,0x10,0xC5,0x10,0xC5,0x10,0xC5,0x10,0xC5,0x10,0xC5,0x10,0xC5,0x10,0xC5,0x10,
0xC5,0x10,0xC5,0x10,0xC5,0x10,0xC5,0x10,0xC5,0x10,0xC5,0x10,0xC5,0x10,0xC5,0x10,0xC5,0x10,0xC5,0x10,0xC5,0x10,0xC5,0x10,
0xC5,0x10,0xC5,0x10,0xC5,0x10,0xC5,0x10,0xC5,0x10,0xC5,0x10,0xC5,0x10,0xC5,0x10,0xC5,0x10,0xC5,0x10,0xC5,0x10,0xC5,0x10,
0xC5,0x10,0xC5,0x10,0xC5,0x10,0xC5,0x10,0xC5,0x10,0xC5,0x10,0xC5,0x10,0xC5,0x10,0xC5,0x10,0xC5,0x10,0xC5,0x10,0xC5,0x10,
0xC5,0x10,0xC5,0x10,0xC5,0x10,0xC5,0x10,0xC5,0x10,0xC5,0x10,0xC5,0x10,0xC5,0x10,0xC5,0x10,0xC5,0x10,0xC5,0x10,0xC5,0x10,
0xC5,0x10,0xC5,0x10,0xC5,0x10,0xC5,0x10,0xC5,0x10,0xC5,0x10,0xC5,0x10,0xC5,0x10,0xC5,0x10,0xC5,0x10,0xC5,0x10,0xC5,0x10,
0xC5,0x10,0xC5,0x10,0xC5,0x10,0xC5,0x10,0xC5,0x10,0xC5,0x10,0xC5,0x10,0xC5,0x10,0xC5,0x10,0xC5,0x10,0xC5,0x10,0xC5,0x10,
0xC5,0x10,0xC5,0x10,0xC5,0x10,0xC5,0x10,0xC5,0x10,0xC5,0x10,0xC5,0x10,0xC5,0x10,0xC5,0x10,0xC5,0x10,0xC5,0x10,0xC5,0x10,
0xC5,0x10,0xC5,0x10,0xC5,0x10,0xC5,0x10,0xC5,0x10,0xC5,0x10,0xC5,0x10,0xC5,0x10,0xC5,0x10,0xC5,0x10,0xC5,0x10,0xC5,0x10,
0xC5,0x10,0xC5,0x10,0xC5,0x10,0xC5,0x10,0xC5,0x10,0xC5,0x10,0xC5,0x10,0xC5,0x10,0xC5,0x10,0xC5,0x10,0xC5,0x10,0xC5,0x10,
0xC5,0x10,0xC5,0x10,0xC5,0x10,0xC5,0x10,0xC5,0x10,0xC5,0x10,0xC5,0x10,0xC5,0x10,0xC5,0x10,0xC5,0x10,0xC5,0x10,0xC5,0x10,
0xC5,0x10,0xC5,0x10,0xC5,0x10,0xC5,0x10,0xC5,0x10,0xC5,0x10,0xC5,0x10,0xC5,0x10,0xC5,0x10,0xC5,0x10,0xC5,0x10,0xC5,0x10,
0xC5,0x10,0xC5,0x10,0xC5,0x10,0xC5,0x10,0xC5,0x10,0xC5,0x10,0xC5,0x10,0xC5,0x10,0xC5,0x10,0xC5,0x10,0xC5,0x10,0xC5,0x10,
0xC5,0x10,0xC5,0x10,0xC5,0x10,0xC5,0x10,0xC5,0x10,0xC5,0x10,0xC5,0x10,0xC5,0x10,0xC5,0x10,0xC5,0x10,0xC5,0x10,0xC5,0x10,
0xC5,0x10,0xC5,0x10,0xC5,0x10,0xC5,0x10,0xC5,0x10,0xC5,0x10,0xC5,0x10,0xC5,0x10,0xC5,0x10,0xC5,0x10,0xC5,0x10,0xC5,0x10,
0xC5,0x10,0xC5,0x10,0xC5,0x10,0xC5,0x10,0xC5,0x10,0xC5,0x10,0xC5,0x10,0xC5,0x10,0xC5,0x10,0xC5,0x10,0xC5,0x10,0xC5,0x10,
0xC5,0x10,0xC5,0x10,0xC5,0x10,0xC5,0x10,0xC5,0x10,0xC5,0x10,0xC5,0x10,0xC5,0x10,0xC5,0x10,0xC5,0x10,0xC5,0x10,0xC5,0x10,
0xC5,0x10,0xC5,0x10,0xC5,0x10,0xC5,0x10,0xC5,0x10,0xC5,0x10,0xC5,0x10,0xC5,0x10,0xC5,0x10,0xC5,0x10,0xC5,0x10,0xC5,0x10,
0xC5,0x10,0xC5,0x10,0xC5,0x10,0xC5,0x10,0xC5,0x10,0xC5,0x10,0xC5,0x10,0xC5,0x10,0xC5,0x10,0xC5,0x10,0xC5,0x10,0xC5,0x10,
0xC5,0x10,0xC5,0x10,0xC5,0x10,0xC5,0x10,0xC5,0x10,0xC5,0x10,0xC5,0x10,0xC5,0x10,0xC5,0x10,0xC5,0x10,0xC5,0x10,0xC5,0x10,
0xC5,0x10,0xC5,0x10,0xC5,0x10,0xC5,0x10,0xC5,0x10,0xC5,0x10,0xC5,0x10,0xC5,0x10,0xC5,0x10,0xC5,0x10,0xC5,0x10,0xC5,0x10,
0xC5,0x10,0xC5,0x10,0xC5,0x10,0xC5,0x10,0xC5,0x10,0xC5,0x10,0xC5,0x10,0xC5,0x10,0xC5,0x10,0xC5,0x10,0xC5,0x10,0xC5,0x10,
0xC5,0x10,0xC5,0x10,0xC5,0x10,0xC5,0x10,0xC5,0x10,0xC5,0x10,0xC5,0x10,0xC5,0x10,0xC5,0x10,0xC5,0x10,0xC5,0x10,0xC5,0x10,
0xC5,0x10,0xC5,0x10,0xC5,0x10,0xC5,0x10,0xC5,0x10,0xC5,0x10,0xC5,0x10,0xC5,0x10,0xC5,0x10,0xC5,0x10,0xC5,0x10,0xC5,0x10,
0xC5,0x10,0xC5,0x10,0xC5,0x10,0xC5,0x10,0xC5,0x10,0xC5,0x10,0xC5,0x10,0xC5,0x10,0xC5,0x10,0xC5,0x10,0xC5,0x10,0xC5,0x10,
0xC5,0x10,0xC5,0x10,0xC5,0x10,0xC5,0x10,0xC5,0x10,0xC5,0x10,0xC5,0x10,0xC5,0x10,0xC5,0x10,0xC5,0x10,0xC5,0x10,0xC5,0x10,
0xC5,0x10,0xC5,0x10,0xC5,0x10,0xC5,0x10,0xC5,0x10,0xC5,0x10,0xC5,0x10,0xC5,0x10,0xC5,0x10,0xC5,0x10,0xC5,0x10,0xC5,0x10,
0xC5,0x10,0xC5,0x10,0xC5,0x10,0xC5,0x10,0xC5,0x10,0xC5,0x10,0xC5,0x10,0xC5,0x10,0xC5,0x10,0xC5,0x10,0xC5,0x10,0xC5,0x10,
0xC5,0x10,0xC5,0x10,0xC5,0x10,0xC5,0x10,0xC5,0x10,0xC5,0x10,0xC5,0x10,0xC5,0x10,0xC5,0x10,0xC5,0x10,0xC5,0x10,0xC5,0x10,
0xC5,0x10,0xC5,0x10,0xC5,0x10,0xC5,0x10,0xC5,0x10,0xC5,0x10,0xC5,0x10,0xC5,0x10,0xC5,0x10,0xC5,0x10,0xC5,0x10,0xC5,0x10,
0xC5,0x10,0xC5,0x10,0xC5,0x10,0xC5,0x10,0xC5,0x10,0xC5,0x10,0xC5,0x10,0xC5,0x10,0xC5,0x10,0xC5,0x10,0xC5,0x10,0xC5,0x10,
0xC5,0x10,0xC5,0x10,0xC5,0x10,0xC5,0x10,0xC5,0x10,0xC5,0x10,0xC5,0x10,0xC5,0x10,0xC5,0x10,0xC5,0x10,0xC5,0x10,0xC5,0x10,
0xC5,0x10,0xC5,0x10,0xC5,0x10,0xC5,0x10,0xC5,0x10,0xC5,0x10,0xC5,0x10,0xC5,0x10,0xC5,0x10,0xC5,0x10,0xC5,0x10,0xC5,0x10,
0xC5,0x10,0xC5,0x10,0xC5,0x10,0xC5,0x10,0xC5,0x10,0xC5,0x10,0xC5,0x10,0xC5,0x10,0xC5,0x10,0xC5,0x10,0xC5,0x10,0xC5,0x10,
0xC5,0x10,0xC5,0x10,0xC5,0x10,0xC5,0x10,0xC5,0x10,0xC5,0x10,0xC5,0x10,0xC5,0x10,0xC5,0x10,0xC5,0x10,0xC5,0x10,0xC5,0x10,
0xC5,0x10,0xC5,0x10,0xC5,0x10,0xC5,0x10,0xC5,0x10,0xC5,0x10,0xC5,0x10,0xC5,0x10,0xC5,0x10,0xC5,0x10,0xC5,0x10,0xC5,0x10,
0xC5,0x10,0xC5,0x10,0xC5,0x10,0xC5,0x10,0xC5,0x10,0xC5,0x10,0xC5,0x10,0xC5,0x10,0xC5,0x10,0xC5,0x10,0xC5,0x10,0xC5,0x10,
0xC5,0x10,0xC5,0x10,0xC5,0x10,0xC5,0x10,0xC5,0x10,0xC5,0x10,0xC5,0x10,0xC5,0x10,0xC5,0x10,0xC5,0x10,0xC5,0x10,0xC5,0x10,
0xC5,0x10,0xC5,0x10,0xC5,0x10,0xC5,0x10,0xC5,0x10,0xC5,0x10,0xC5,0x10,0xC5,0x10,0xC5,0x10,0xC5,0x10,0xC5,0x10,0xC5,0x10,
0xC5,0x10,0xC5,0x10,0xC5,0x10,0xC5,0x10,0xC5,0x10,0xC5,0x10,0xC5,0x10,0xC5,0x10,0xC5,0x10,0xC5,0x10,0xC5,0x10,0xC5,0x10,
0xC5,0x10,0xC5,0x10,0xC5,0x10,0xC5,0x10,0xC5,0x10,0xC5,0x10,0xC5,0x10,0xC5,0x10,0xC5,0x10,0xC5,0x10,0xC5,0x10,0xC5,0x10,
0xC5,0x10,0xC5,0x10,0xC5,0x10,0xC5,0x10,0xC5,0x10,0xC5,0x10,0xC5,0x10,0xC5,0x10,0xC5,0x10,0xC5,0x10,0xC5,0x10,0xC5,0x10,
0xC5,0x10,0xC5,0x10,0xC5,0x10,0xC5,0x10,0xC5,0x10,0xC5,0x10,0xC5,0x10,0xC5,0x10,0xC5,0x10,0xC5,0x10,0xC5,0x10,0xC5,0x10,
0xC5,0x10,0xC5,0x10,0xC5,0x10,0xC5,0x10,0xC5,0x10,0xC5,0x10,0xC5,0x10,0xC5,0x10,0xC5,0x10,0xC5,0x10,0xC5,0x10,0xC5,0x10,
0xC5,0x10,0xC5,0x10,0xC5,0x10,0xC5,0x10,0xC5,0x10,0xC5,0x10,0xC5,0x10,0xC5,0x10,0xC5,0x10,0xC5,0x10,0xC5,0x10,0xC5,0x10,
0xC5,0x10,0xC5,0x10,0xC5,0x10,0xC5,0x10,0xC5,0x10,0xC5,0x10,0xC5,0x10,0xC5,0x10,0xC5,0x10,0xC5,0x10,0xC5,0x10,0xC5,0x10,
0xC5,0x10,0xC5,0x10,0xC5,0x10,0xC5,0x10,0xC5,0x10,0xC5,0x10,0xC5,0x10,0xC5,0x10,0xC5,0x10,0xC5,0x10,0xC5,0x10,0xC5,0x10,
0xC5,0x10,0xC5,0x10,0xC5,0x10,0xC5,0x10,0xC5,0x10,0xC5,0x10,0xC5,0x10,0xC5,0x10,0xC5,0x10,0xC5,0x10,0xC5,0x10,0xC5,0x10,
0xC5,0x10,0xC5,0x10,0xC5,0x10,0xC5,0x10,0xC5,0x10,0xC5,0x10,0xC5,0x10,0xC5,0x10,0xC5,0x10,0xC5,0x10,0xC5,0x10,0xC5,0x10,
0xC5,0x10,0xC5,0x10,0xC5,0x10,0xC5,0x10,0xC5,0x10,0xC5,0x10,0xC5,0x10,0xC5,0x10,0xC5,0x10,0xC5,0x10,0xC5,0x10,0xC5,0x10,
0xC5,0x10,0xC5,0x10,0xC5,0x10,0xC5,0x10,0xC5,0x10,0xC5,0x10,0xC5,0x10,0xC5,0x10,0xC5,0x10,0xC5,0x10,0xC5,0x10,0xC5,0x10,
0xC5,0x10,0xC5,0x10,0xC5,0x10,0xC5,0x10,0xC5,0x10,0xC5,0x10,0xC5,0x10,0xC5,0x10,0xC5,0x10,0xC5,0x10,0xC5,0x10,0xC5,0x10,
0xC5,0x10,0xC5,0x10,0xC5,0x10,0xC5,0x10,0xC5,0x10,0xC5,0x10,0xC5,0x10,0xC5,0x10,0xC5,0x10,0xC5,0x10,0xC5,0x10,0xC5,0x10,
0xC5,0x10,0xC5,0x10,0xC5,0x10,0xC5,0x10,0xC5,0x10,0xC5,0x10,0xC5,0x10,0xC5,0x10,0xC5,0x10,0xC5,0x10,0xC5,0x10,0xC5,0x10,
0xC5,0x10,0xC5,0x10,0xC5,0x10,0xC5,0x10,0xC5,0x10,0xC5,0x10,0xC5,0x10,0xC5,0x10,0xC5,0x10,0xC5,0x10,0xC5,0x10,0xC5,0x10,
0xC5,0x10,0xC5,0x10,0xC5,0x10,0xC5,0x10,0xC5,0x10,0xC5,0x10,0xC5,0x10,0xC5,0x10,0xC5,0x10,0xC5,0x10,0xC5,0x10,0xC5,0x10,
0xC5,0x10,0xC5,0x10,0xC5,0x10,0xC5,0x10,0xC5,0x10,0xC5,0x10,0xC5,0x10,0xC5,0x10,0xC5,0x10,0xC5,0x10,0xC5,0x10,0xC5,0x10,
0xC5,0x10,0xC5,0x10,0xC5,0x10,0xC5,0x10,0xC5,0x10,0xC5,0x10,0xC5,0x10,0xC5,0x10,0xC5,0x10,0xC5,0x10,0xC5,0x10,0xC5,0x10,
0xC5,0x10,0xC5,0x10,0xC5,0x10,0xC5,0x10,0xC5,0x10,0xC5,0x10,0xC5,0x10,0xC5,0x10,0xC5,0x10,0xC5,0x10,0xC5,0x10,0xC5,0x10,
0xC5,0x10,0xC5,0x10,0xC5,0x10,0xC5,0x10,0xC5,0x10,0xC5,0x10,0xC5,0x10,0xC5,0x10,0xC5,0x10,0xC5,0x10,0xC5,0x10,0xC5,0x10,
0xC5,0x10,0xC5,0x10,0xC5,0x10,0xC5,0x10,0xC5,0x10,0xC5,0x10,0xC5,0x10,0xC5,0x10,0xC5,0x10,0xC5,0x10,0xC5,0x10,0xC5,0x10,
0xC5,0x10,0xC5,0x10,0xC5,0x10,0xC5,0x10,0xC5,0x10,0xC5,0x10,0xC5,0x10,0xC5,0x10,0xC5,0x10,0xC5,0x10,0xC5,0x10,0xC5,0x10,
0xC5,0x10,0xC5,0x10,0xC5,0x10,0xC5,0x10,0xC5,0x10,0xC5,0x10,0xC5,0x10,0xC5,0x10,0xC5,0x10,0xC5,0x10,0xC5,0x10,0xC5,0x10,
0xC5,0x10,0xC5,0x10,0xC5,0x10,0xC5,0x10,0xC5,0x10,0xC5,0x10,0xC5,0x10,0xC5,0x10,0xC5,0x10,0xC5,0x10,0xC5,0x10,0xC5,0x10,
0xC5,0x10,0xC5,0x10,0xC5,0x10,0xC5,0x10,0xC5,0x10,0xC5,0x10,0xC5,0x10,0xC5,0x10,0xC5,0x10,0xC5,0x10,0xC5,0x10,0xC5,0x10,
0xC5,0x10,0xC5,0x10,0xC5,0x10,0xC5,0x10,0xC5,0x10,0xC5,0x10,0xC5,0x10,0xC5,0x10,0xC5,0x10,0xC5,0x10,0xC5,0x10,0xC5,0x10,
0xC5,0x10,0xC5,0x10,0xC5,0x10,0xC5,0x10,0xC5,0x10,0xC5,0x10,0xC5,0x10,0xC5,0x10,0xC5,0x10,0xC5,0x10,0xC5,0x10,0xC5,0x10,
0xC5,0x10,0xC5,0x10,0xC5,0x10,0xC5,0x10,0xC5,0x10,0xC5,0x10,0xC5,0x10,0xC5,0x10,0xC5,0x10,0xC5,0x10,0xC5,0x10,0xC5,0x10,
0xC5,0x10,0xC5,0x10,0xC5,0x10,0xC5,0x10,0xC5,0x10,0xC5,0x10,0xC5,0x10,0xC5,0x10,0xC5,0x10,0xC5,0x10,0xC5,0x10,0xC5,0x10,
0xC5,0x10,0xC5,0x10,0xC5,0x10,0xC5,0x10,0xC5,0x10,0xC5,0x10,0xC5,0x10,0xC5,0x10,0xC5,0x10,0xC5,0x10,0xC5,0x10,0xC5,0x10,
0xC5,0x10,0xC5,0x10,0xC5,0x10,0xC5,0x10,0xC5,0x10,0xC5,0x10,0xC5,0x10,0xC5,0x10,0xC5,0x10,0xC5,0x10,0xC5,0x10,0xC5,0x10,
0xC5,0x10,0xC5,0x10,0xC5,0x10,0xC5,0x10,0xC5,0x10,0xC5,0x10,0xC5,0x10,0xC5,0x10,0xC5,0x10,0xC5,0x10,0xC5,0x10,0xC5,0x10,
0xC5,0x10,0xC5,0x10,0xC5,0x10,0xC5,0x10,0xC5,0x10,0xC5,0x10,0xC5,0x10,0xC5,0x10,0xC5,0x10,0xC5,0x10,0xC5,0x10,0xC5,0x10,
0xC5,0x10,0xC5,0x10,0xC5,0x10,0xC5,0x10,0xC5,0x10,0xC5,0x10,0xC5,0x10,0xC5,0x10,0xC5,0x10,0xC5,0x10,0xC5,0x10,0xC5,0x10,
0xC5,0x10,0xC5,0x10,0xC5,0x10,0xC5,0x10,0xC5,0x10,0xC5,0x10,0xC5,0x10,0xC5,0x10,0xC5,0x10,0xC5,0x10,0xC5,0x10,0xC5,0x10,
0xC5,0x10,0xC5,0x10,0xC5,0x10,0xC5,0x10,0xC5,0x10,0xC5,0x10,0xC5,0x10,0xC5,0x10,0xC5,0x10,0xC5,0x10,0xC5,0x10,0xC5,0x10,
0xC5,0x10,0xC5,0x10,0xC5,0x10,0xC5,0x10,0xC5,0x10,0xC5,0x10,0xC5,0x10,0xC5,0x10,0xC5,0x10,0xC5,0x10,0xC5,0x10,0xC5,0x10,
0xC5,0x10,0xC5,0x10,0xC5,0x10,0xC5,0x10,0xC5,0x10,0xC5,0x10,0xC5,0x10,0xC5,0x10,0xC5,0x10,0xC5,0x10,0xC5,0x10,0xC5,0x10,
0xC5,0x10,0xC5,0x10,0xC5,0x10,0xC5,0x10,0xC5,0x10,0xC5,0x10,0xC5,0x10,0xC5,0x10,0xC5,0x10,0xC5,0x10,0xC5,0x10,0xC5,0x10,
0xC5,0x10,0xC5,0x10,0xC5,0x10,0xC5,0x10,0xC5,0x10,0xC5,0x10,0xC5,0x10,0xC5,0x10,0xC5,0x10,0xC5,0x10,0xC5,0x10,0xC5,0x10,
0xC5,0x10,0xC5,0x10,0xC5,0x10,0xC5,0x10,0xC5,0x10,0xC5,0x10,0xC5,0x10,0xC5,0x10,0xC5,0x10,0xC5,0x10,0xC5,0x10,0xC5,0x10,
0xC5,0x10,0xC5,0x10,0xC5,0x10,0xC5,0x10,0xC5,0x10,0xC5,0x10,0xC5,0x10,0xC5,0x10,0xC5,0x10,0xC5,0x10,0xC5,0x10,0xC5,0x10,
0xC5,0x10,0xC5,0x10,0xC5,0x10,0xC5,0x10,0xC5,0x10,0xC5,0x10,0xC5,0x10,0xC5,0x10,0xC5,0x10,0xC5,0x10,0xC5,0x10,0xC5,0x10,
0xC5,0x10,0xC5,0x10,0xC5,0x10,0xC5,0x10,0xC5,0x10,0xC5,0x10,0xC5,0x10,0xC5,0x10,0xC5,0x10,0xC5,0x10,0xC5,0x10,0xC5,0x10,
0xC5,0x10,0xC5,0x10,0xC5,0x10,0xC5,0x10,0xC5,0x10,0xC5,0x10,0xC5,0x10,0xC5,0x10,0xC5,0x10,0xC5,0x10,0xC5,0x10,0xC5,0x10,
0xC5,0x10,0xC5,0x10,0xC5,0x10,0xC5,0x10,0xC5,0x10,0xC5,0x10,0xC5,0x10,0xC5,0x10,0xC5,0x10,0xC5,0x10,0xC5,0x10,0xC5,0x10,
0xC5,0x10,0xC5,0x10,0xC5,0x10,0xC5,0x10,0xC5,0x10,0xC5,0x10,0xC5,0x10,0xC5,0x10,0xC5,0x10,0xC5,0x10,0xC5,0x10,0xC5,0x10,
0xC5,0x10,0xC5,0x10,0xC5,0x10,0xC5,0x10,0xC5,0x10,0xC5,0x10,0xC5,0x10,0xC5,0x10,0xC5,0x10,0xC5,0x10,0xC5,0x10,0xC5,0x10,
0xC5,0x10,0xC5,0x10,0xC5,0x10,0xC5,0x10,0xC5,0x10,0xC5,0x10,0xC5,0x10,0xC5,0x10,0xC5,0x10,0xC5,0x10,0xC5,0x10,0xC5,0x10,
0xC5,0x10,0xC5,0x10,0xC5,0x10,0xC5,0x10,0xC5,0x10,0xC5,0x10,0xC5,0x10,0xC5,0x10,0xC5,0x10,0xC5,0x10,0xC5,0x10,0xC5,0x10,
0xC5,0x10,0xC5,0x10,0xC5,0x10,0xC5,0x10,0xC5,0x10,0xC5,0x10,0xC5,0x10,0xC5,0x10,0xC5,0x10,0xC5,0x10,0xC5,0x10,0xC5,0x10,
0xC5,0x10,0xC5,0x10,0xC5,0x10,0xC5,0x10,0xC5,0x10,0xC5,0x10,0xC5,0x10,0xC5,0x10,0xC5,0x10,0xC5,0x10,0xC5,0x10,0xC5,0x10,
0xC5,0x10,0xC5,0x10,0xC5,0x10,0xC5,0x10,0xC5,0x10,0xC5,0x10,0xC5,0x10,0xC5,0x10,0xC5,0x10,0xC5,0x10,0xC5,0x10,0xC5,0x10,
0xC5,0x10,0xC5,0x10,0xC5,0x10,0xC5,0x10,0xC5,0x10,0xC5,0x10,0xC5,0x10,0xC5,0x10,0xC5,0x10,0xC5,0x10,0xC5,0x10,0xC5,0x10,
0xC5,0x10,0xC5,0x10,0xC5,0x10,0xC5,0x10,0xC5,0x10,0xC5,0x10,0xC5,0x10,0xC5,0x10,0xC5,0x10,0xC5,0x10,0xC5,0x10,0xC5,0x10,
0xC5,0x10,0xC5,0x10,0xC5,0x10,0xC5,0x10,0xC5,0x10,0xC5,0x10,0xC5,0x10,0xC5,0x10,0xC5,0x10,0xC5,0x10,0xC5,0x10,0xC5,0x10,
0xC5,0x10,0xC5,0x10,0xC5,0x10,0xC5,0x10,0xC5,0x10,0xC5,0x10,0xC5,0x10,0xC5,0x10,0xC5,0x10,0xC5,0x10,0xC5,0x10,0xC5,0x10,
0xC5,0x10,0xC5,0x10,0xC5,0x10,0xC5,0x10,0xC5,0x10,0xC5,0x10,0xC5,0x10,0xC5,0x10,0xC5,0x10,0xC5,0x10,0xC5,0x10,0xC5,0x10,
0xC5,0x10,0xC5,0x10,0xC5,0x10,0xC5,0x10,0xC5,0x10,0xC5,0x10,0xC5,0x10,0xC5,0x10,0xC5,0x10,0xC5,0x10,0xC5,0x10,0xC5,0x10,
0xC5,0x10,0xC5,0x10,0xC5,0x10,0xC5,0x10,0xC5,0x10,0xC5,0x10,0xC5,0x10,0xC5,0x10,0xC5,0x10,0xC5,0x10,0xC5,0x10,0xC5,0x10,
0xC5,0x10,0xC5,0x10,0xC5,0x10,0xC5,0x10,0xC5,0x10,0xC5,0x10,0xC5,0x10,0xC5,0x10,0xC5,0x10,0xC5,0x10,0xC5,0x10,0xC5,0x10,
0xC5,0x10,0xC5,0x10,0xC5,0x10,0xC5,0x10,0xC5,0x10,0xC5,0x10,0xC5,0x10,0xC5,0x10,0xC5,0x10,0xC5,0x10,0xC5,0x10,0xC5,0x10,
0xC5,0x10,0xC5,0x10,0xC5,0x10,0xC5,0x10,0xC5,0x10,0xC5,0x10,0xC5,0x10,0xC5,0x10,0xC5,0x10,0xC5,0x10,0xC5,0x10,0xC5,0x10,
0xC5,0x10,0xC5,0x10,0xC5,0x10,0xC5,0x10,0xC5,0x10,0xC5,0x10,0xC5,0x10,0xC5,0x10,0xC5,0x10,0xC5,0x10,0xC5,0x10,0xC5,0x10,
0xC5,0x10,0xC5,0x10,0xC5,0x10,0xC5,0x10,0xC5,0x10,0xC5,0x10,0xC5,0x10,0xC5,0x10,0xC5,0x10,0xC5,0x10,0xC5,0x10,0xC5,0x10,
0xC5,0x10,0xC5,0x10,0xC5,0x10,0xC5,0x10,0xC5,0x10,0xC5,0x10,0xC5,0x10,0xC5,0x10,0xC5,0x10,0xC5,0x10,0xC5,0x10,0xC5,0x10,
0xC5,0x10,0xC5,0x10,0xC5,0x10,0xC5,0x10,0xC5,0x10,0xC5,0x10,0xC5,0x10,0xC5,0x10,0xC5,0x10,0xC5,0x10,0xC5,0x10,0xC5,0x10,
0xC5,0x10,0xC5,0x10,0xC5,0x10,0xC5,0x10,0xC5,0x10,0xC5,0x10,0xC5,0x10,0xC5,0x10,0xC5,0x10,0xC5,0x10,0xC5,0x10,0xC5,0x10,
0xC5,0x10,0xC5,0x10,0xC5,0x10,0xC5,0x10,0xC5,0x10,0xC5,0x10,0xC5,0x10,0xC5,0x10,0xC5,0x10,0xC5,0x10,0xC5,0x10,0xC5,0x10,
0xC5,0x10,0xC5,0x10,0xC5,0x10,0xC5,0x10,0xC5,0x10,0xC5,0x10,0xC5,0x10,0xC5,0x10,0xC5,0x10,0xC5,0x10,0xC5,0x10,0xC5,0x10,
0xC5,0x10,0xC5,0x10,0xC5,0x10,0xC5,0x10,0xC5,0x10,0xC5,0x10,0xC5,0x10,0xC5,0x10,0xC5,0x10,0xC5,0x10,0xC5,0x10,0xC5,0x10,
0xC5,0x10,0xC5,0x10,0xC5,0x10,0xC5,0x10,0xC5,0x10,0xC5,0x10,0xC5,0x10,0xC5,0x10,0xC5,0x10,0xC5,0x10,0xC5,0x10,0xC5,0x10,
0xC5,0x10,0xC5,0x10,0xC5,0x10,0xC5,0x10,0xC5,0x10,0xC5,0x10,0xC5,0x10,0xC5,0x10,0xC5,0x10,0xC5,0x10,0xC5,0x10,0xC5,0x10,
0xC5,0x10,0xC5,0x10,0xC5,0x10,0xC5,0x10,0xC5,0x10,0xC5,0x10,0xC5,0x10,0xC5,0x10,0xC5,0x10,0xC5,0x10,0xC5,0x10,0xC5,0x10,
0xC5,0x10,0xC5,0x10,0xC5,0x10,0xC5,0x10,0xC5,0x10,0xC5,0x10,0xC5,0x10,0xC5,0x10,0xC5,0x10,0xC5,0x10,0xC5,0x10,0xC5,0x10,
0xC5,0x10,0xC5,0x10,0xC5,0x10,0xC5,0x10,0xC5,0x10,0xC5,0x10,0xC5,0x10,0xC5,0x10,0xC5,0x10,0xC5,0x10,0xC5,0x10,0xC5,0x10,
0xC5,0x10,0xC5,0x10,0xC5,0x10,0xC5,0x10,0xC5,0x10,0xC5,0x10,0xC5,0x10,0xC5,0x10,0xC5,0x10,0xC5,0x10,0xC5,0x10,0xC5,0x10,
0xC5,0x10,0xC5,0x10,0xC5,0x10,0xC5,0x10,0xC5,0x10,0xC5,0x10,0xC5,0x10,0xC5,0x10,0xC5,0x10,0xC5,0x10,0xC5,0x10,0xC5,0x10,
0xC5,0x10,0xC5,0x10,0xC5,0x10,0xC5,0x10,0xC5,0x10,0xC5,0x10,0xC5,0x10,0xC5,0x10,0xC5,0x10,0xC5,0x10,0xC5,0x10,0xC5,0x10,
0xC5,0x10,0xC5,0x10,0xC5,0x10,0xC5,0x10,0xC5,0x10,0xC5,0x10,0xC5,0x10,0xC5,0x10,0xC5,0x10,0xC5,0x10,0xC5,0x10,0xC5,0x10,
0xC5,0x10,0xC5,0x10,0xC5,0x10,0xC5,0x10,0xC5,0x10,0xC5,0x10,0xC5,0x10,0xC5,0x10,0xC5,0x10,0xC5,0x10,0xC5,0x10,0xC5,0x10,
0xC5,0x10,0xC5,0x10,0xC5,0x10,0xC5,0x10,0xC5,0x10,0xC5,0x10,0xC5,0x10,0xC5,0x10,0xC5,0x10,0xC5,0x10,0xC5,0x10,0xC5,0x10,
0xC5,0x10,0xC5,0x10,0xC5,0x10,0xC5,0x10,0xC5,0x10,0xC5,0x10,0xC5,0x10,0xC5,0x10,0xC5,0x10,0xC5,0x10,0xC5,0x10,0xC5,0x10,
0xC5,0x10,0xC5,0x10,0xC5,0x10,0xC5,0x10,0xC5,0x10,0xC5,0x10,0xC5,0x10,0xC5,0x10,0xC5,0x10,0xC5,0x10,0xC5,0x10,0xC5,0x10,
0xC5,0x10,0xC5,0x10,0xC5,0x10,0xC5,0x10,0xC5,0x10,0xC5,0x10,0xC5,0x10,0xC5,0x10,0xC5,0x10,0xC5,0x10,0xC5,0x10,0xC5,0x10,
0xC5,0x10,0xC5,0x10,0xC5,0x10,0xC5,0x10,0xC5,0x10,0xC5,0x10,0xC5,0x10,0xC5,0x10,0xC5,0x10,0xC5,0x10,0xC5,0x10,0xC5,0x10,
0xC5,0x10,0xC5,0x10,0xC5,0x10,0xC5,0x10,0xC5,0x10,0xC5,0x10,0xC5,0x10,0xC5,0x10,0xC5,0x10,0xC5,0x10,0xC5,0x10,0xC5,0x10,
0xC5,0x10,0xC5,0x10,0xC5,0x10,0xC5,0x10,0xC5,0x10,0xC5,0x10,0xC5,0x10,0xC5,0x10,0xC5,0x10,0xC5,0x10,0xC5,0x10,0xC5,0x10,
0xC5,0x10,0xC5,0x10,0xC5,0x10,0xC5,0x10,0xC5,0x10,0xC5,0x10,0xC5,0x10,0xC5,0x10,0xC5,0x10,0xC5,0x10,0xC5,0x10,0xC5,0x10,
0xC5,0x10,0xC5,0x10,0xC5,0x10,0xC5,0x10,0xC5,0x10,0xC5,0x10,0xC5,0x10,0xC5,0x10,0xC5,0x10,0xC5,0x10,0xC5,0x10,0xC5,0x10,
0xC5,0x10,0xC5,0x10,0xC5,0x10,0xC5,0x10,0xC5,0x10,0xC5,0x10,0xC5,0x10,0xC5,0x10,0xC5,0x10,0xC5,0x10,0xC5,0x10,0xC5,0x10,
0xC5,0x10,0xC5,0x10,0xC5,0x10,0xC5,0x10,0xC5,0x10,0xC5,0x10,0xC5,0x10,0xC5,0x10,0xC5,0x10,0xC5,0x10,0xC5,0x10,0xC5,0x10,
0xC5,0x10,0xC5,0x10,0xC5,0x10,0xC5,0x10,0xC5,0x10,0xC5,0x10,0xC5,0x10,0xC5,0x10,0xC5,0x10,0xC5,0x10,0xC5,0x10,0xC5,0x10,
0xC5,0x10,0xC5,0x10,0xC5,0x10,0xC5,0x10,0xC5,0x10,0xC5,0x10,0xC5,0x10,0xC5,0x10,0xC5,0x10,0xC5,0x10,0xC5,0x10,0xC5,0x10,
0xC5,0x10,0xC5,0x10,0xC5,0x10,0xC5,0x10,0xC5,0x10,0xC5,0x10,0xC5,0x10,0xC5,0x10,0xC5,0x10,0xC5,0x10,0xC5,0x10,0xC5,0x10,
0xC5,0x10,0xC5,0x10,0xC5,0x10,0xC5,0x10,0xC5,0x10,0xC5,0x10,0xC5,0x10,0xC5,0x10,0xC5,0x10,0xC5,0x10,0xC5,0x10,0xC5,0x10,
0xC5,0x10,0xC5,0x10,0xC5,0x10,0xC5,0x10,0xC5,0x10,0xC5,0x10,0xC5,0x10,0xC5,0x10,0xC5,0x10,0xC5,0x10,0xC5,0x10,0xC5,0x10,
0xC5,0x10,0xC5,0x10,0xC5,0x10,0xC5,0x10,0xC5,0x10,0xC5,0x10,0xC5,0x10,0xC5,0x10,0xC5,0x10,0xC5,0x10,0xC5,0x10,0xC5,0x10,
0xC5,0x10,0xC5,0x10,0xC5,0x10,0xC5,0x10,0xC5,0x10,0xC5,0x10,0xC5,0x10,0xC5,0x10,0xC5,0x10,0xC5,0x10,0xC5,0x10,0xC5,0x10,
0xC5,0x10,0xC5,0x10,0xC5,0x10,0xC5,0x10,0xC5,0x10,0xC5,0x10,0xC5,0x10,0xC5,0x10,0xC5,0x10,0xC5,0x10,0xC5,0x10,0xC5,0x10,
0xC5,0x10,0xC5,0x10,0xC5,0x10,0xC5,0x10,0xC5,0x10,0xC5,0x10,0xC5,0x10,0xC5,0x10,0xC5,0x10,0xC5,0x10,0xC5,0x10,0xC5,0x10,
0xC5,0x10,0xC5,0x10,0xC5,0x10,0xC5,0x10,0xC5,0x10,0xC5,0x10,0xC5,0x10,0xC5,0x10,0xC5,0x10,0xC5,0x10,0xC5,0x10,0xC5,0x10,
0xC5,0x10,0xC5,0x10,0xC5,0x10,0xC5,0x10,0xC5,0x10,0xC5,0x10,0xC5,0x10,0xC5,0x10,0xC5,0x10,0xC5,0x10,0xC5,0x10,0xC5,0x10,
0xC5,0x10,0xC5,0x10,0xC5,0x10,0xC5,0x10,0xC5,0x10,0xC5,0x10,0xC5,0x10,0xC5,0x10,0xC5,0x10,0xC5,0x10,0xC5,0x10,0xC5,0x10,
0xC5,0x10,0xC5,0x10,0xC5,0x10,0xC5,0x10,0xC5,0x10,0xC5,0x10,0xC5,0x10,0xC5,0x10,0xC5,0x10,0xC5,0x10,0xC5,0x10,0xC5,0x10,
0xC5,0x10,0xC5,0x10,0xC5,0x10,0xC5,0x10,0xC5,0x10,0xC5,0x10,0xC5,0x10,0xC5,0x10,0xC5,0x10,0xC5,0x10,0xC5,0x10,0xC5,0x10,
0xC5,0x10,0xC5,0x10,0xC5,0x10,0xC5,0x10,0xC5,0x10,0xC5,0x10,0xC5,0x10,0xC5,0x10,0xC5,0x10,0xC5,0x10,0xC5,0x10,0xC5,0x10,
0xC5,0x10,0xC5,0x10,0xC5,0x10,0xC5,0x10,0xC5,0x10,0xC5,0x10,0xC5,0x10,0xC5,0x10,0xC5,0x10,0xC5,0x10,0xC5,0x10,0xC5,0x10,
0xC5,0x10,0xC5,0x10,0xC5,0x10,0xC5,0x10,0xC5,0x10,0xC5,0x10,0xC5,0x10,0xC5,0x10,0xC5,0x10,0xC5,0x10,0xC5,0x10,0xC5,0x10,
0xC5,0x10,0xC5,0x10,0xC5,0x10,0xC5,0x10,0xC5,0x10,0xC5,0x10,0xC5,0x10,0xC5,0x10,0xC5,0x10,0xC5,0x10,0xC5,0x10,0xC5,0x10,
0xC5,0x10,0xC5,0x10,0xC5,0x10,0xC5,0x10,0xC5,0x10,0xC5,0x10,0xC5,0x10,0xC5,0x10,0xC5,0x10,0xC5,0x10,0xC5,0x10,0xC5,0x10,
0xC5,0x10,0xC5,0x10,0xC5,0x10,0xC5,0x10,0xC5,0x10,0xC5,0x10,0xC5,0x10,0xC5,0x10,0xC5,0x10,0xC5,0x10,0xC5,0x10,0xC5,0x10,
0xC5,0x10,0xC5,0x10,0xC5,0x10,0xC5,0x10,0xC5,0x10,0xC5,0x10,0xC5,0x10,0xC5,0x10,0xC5,0x10,0xC5,0x10,0xC5,0x10,0xC5,0x10,
0xC5,0x10,0xC5,0x10,0xC5,0x10,0xC5,0x10,0xC5,0x10,0xC5,0x10,0xC5,0x10,0xC5,0x10,0xC5,0x10,0xC5,0x10,0xC5,0x10,0xC5,0x10,
0xC5,0x10,0xC5,0x10,0xC5,0x10,0xC5,0x10,0xC5,0x10,0xC5,0x10,0xC5,0x10,0xC5,0x10,0xC5,0x10,0xC5,0x10,0xC5,0x10,0xC5,0x10,
0xC5,0x10,0xC5,0x10,0xC5,0x10,0xC5,0x10,0xC5,0x10,0xC5,0x10,0xC5,0x10,0xC5,0x10,0xC5,0x10,0xC5,0x10,0xC5,0x10,0xC5,0x10,
0xC5,0x10,0xC5,0x10,0xC5,0x10,0xC5,0x10,0xC5,0x10,0xC5,0x10,0xC5,0x10,0xC5,0x10,0xC5,0x10,0xC5,0x10,0xC5,0x10,0xC5,0x10,
0xC5,0x10,0xC5,0x10,0xC5,0x10,0xC5,0x10,0xC5,0x10,0xC5,0x10,0xC5,0x10,0xC5,0x10,0xC5,0x10,0xC5,0x10,0xC5,0x10,0xC5,0x10,
0xC5,0x10,0xC5,0x10,0xC5,0x10,0xC5,0x10,0xC5,0x10,0xC5,0x10,0xC5,0x10,0xC5,0x10,0xC5,0x10,0xC5,0x10,0xC5,0x10,0xC5,0x10,
0xC5,0x10,0xC5,0x10,0xC5,0x10,0xC5,0x10,0xC5,0x10,0xC5,0x10,0xC5,0x10,0xC5,0x10,0xC5,0x10,0xC5,0x10,0xC5,0x10,0xC5,0x10,
0xC5,0x10,0xC5,0x10,0xC5,0x10,0xC5,0x10,0xC5,0x10,0xC5,0x10,0xC5,0x10,0xC5,0x10,0xC5,0x10,0xC5,0x10,0xC5,0x10,0xC5,0x10,
0xC5,0x10,0xC5,0x10,0xC5,0x10,0xC5,0x10,0xC5,0x10,0xC5,0x10,0xC5,0x10,0xC5,0x10,0xC5,0x10,0xC5,0x10,0xC5,0x10,0xC5,0x10,
0xC5,0x10,0xC5,0x10,0xC5,0x10,0xC5,0x10,0xC5,0x10,0xC5,0x10,0xC5,0x10,0xC5,0x10,0xC5,0x10,0xC5,0x10,0xC5,0x10,0xC5,0x10,
0xC5,0x10,0xC5,0x10,0xC5,0x10,0xC5,0x10,0xC5,0x10,0xC5,0x10,0xC5,0x10,0xC5,0x10,0xC5,0x10,0xC5,0x10,0xC5,0x10,0xC5,0x10,
0xC5,0x10,0xC5,0x10,0xC5,0x10,0xC5,0x10,0xC5,0x10,0xC5,0x10,0xC5,0x10,0xC5,0x10,0xC5,0x10,0xC5,0x10,0xC5,0x10,0xC5,0x10,
0xC5,0x10,0xC5,0x10,0xC5,0x10,0xC5,0x10,0xC5,0x10,0xC5,0x10,0xC5,0x10,0xC5,0x10,0xC5,0x10,0xC5,0x10,0xC5,0x10,0xC5,0x10,
0xC5,0x10,0xC5,0x10,0xC5,0x10,0xC5,0x10,0xC5,0x10,0xC5,0x10,0xC5,0x10,0xC5,0x10,0xC5,0x10,0xC5,0x10,0xC5,0x10,0xC5,0x10,
0xC5,0x10,0xC5,0x10,0xC5,0x10,0xC5,0x10,0xC5,0x10,0xC5,0x10,0xC5,0x10,0xC5,0x10,0xC5,0x10,0xC5,0x10,0xC5,0x10,0xC5,0x10,
0xC5,0x10,0xC5,0x10,0xC5,0x10,0xC5,0x10,0xC5,0x10,0xC5,0x10,0xC5,0x10,0xC5,0x10,0xC5,0x10,0xC5,0x10,0xC5,0x10,0xC5,0x10,
0xC5,0x10,0xC5,0x10,0xC5,0x10,0xC5,0x10,0xC5,0x10,0xC5,0x10,0xC5,0x10,0xC5,0x10,0xC5,0x10,0xC5,0x10,0xC5,0x10,0xC5,0x10,
0xC5,0x10,0xC5,0x10,0xC5,0x10,0xC5,0x10,0xC5,0x10,0xC5,0x10,0xC5,0x10,0xC5,0x10,0xC5,0x10,0xC5,0x10,0xC5,0x10,0xC5,0x10,
0xC5,0x10,0xC5,0x10,0xC5,0x10,0xC5,0x10,0xC5,0x10,0xC5,0x10,0xC5,0x10,0xC5,0x10,0xC5,0x10,0xC5,0x10,0xC5,0x10,0xC5,0x10,
0xC5,0x10,0xC5,0x10,0xC5,0x10,0xC5,0x10,0xC5,0x10,0xC5,0x10,0xC5,0x10,0xC5,0x10,0xC5,0x10,0xC5,0x10,0xC5,0x10,0xC5,0x10,
0xC5,0x10,0xC5,0x10,0xC5,0x10,0xC5,0x10,0xC5,0x10,0xC5,0x10,0xC5,0x10,0xC5,0x10,0xC5,0x10,0xC5,0x10,0xC5,0x10,0xC5,0x10,
0xC5,0x10,0xC5,0x10,0xC5,0x10,0xC5,0x10,0xC5,0x10,0xC5,0x10,0xC5,0x10,0xC5,0x10,0xC5,0x10,0xC5,0x10,0xC5,0x10,0xC5,0x10,
0xC5,0x10,0xC5,0x10,0xC5,0x10,0xC5,0x10,0xC5,0x10,0xC5,0x10,0xC5,0x10,0xC5,0x10,0xC5,0x10,0xC5,0x10,0xC5,0x10,0xC5,0x10,
0xC5,0x10,0xC5,0x10,0xC5,0x10,0xC5,0x10,0xC5,0x10,0xC5,0x10,0xC5,0x10,0xC5,0x10,0xC5,0x10,0xC5,0x10,0xC5,0x10,0xC5,0x10,
0xC5,0x10,0xC5,0x10,0xC5,0x10,0xC5,0x10,0xC5,0x10,0xC5,0x10,0xC5,0x10,0xC5,0x10,0xC5,0x10,0xC5,0x10,0xC5,0x10,0xC5,0x10,
0xC5,0x10,0xC5,0x10,0xC5,0x10,0xC5,0x10,0xC5,0x10,0xC5,0x10,0xC5,0x10,0xC5,0x10,0xC5,0x10,0xC5,0x10,0xC5,0x10,0xC5,0x10,
0xC5,0x10,0xC5,0x10,0xC5,0x10,0xC5,0x10,0xC5,0x10,0xC5,0x10,0xC5,0x10,0xC5,0x10,0xC5,0x10,0xC5,0x10,0xC5,0x10,0xC5,0x10,
0xC5,0x10,0xC5,0x10,0xC5,0x10,0xC5,0x10,0xC5,0x10,0xC5,0x10,0xC5,0x10,0xC5,0x10,0xC5,0x10,0xC5,0x10,0xC5,0x10,0xC5,0x10,
0xC5,0x10,0xC5,0x10,0xC5,0x10,0xC5,0x10,0xC5,0x10,0xC5,0x10,0xC5,0x10,0xC5,0x10,0xC5,0x10,0xC5,0x10,0xC5,0x10,0xC5,0x10,
0xC5,0x10,0xC5,0x10,0xC5,0x10,0xC5,0x10,0xC5,0x10,0xC5,0x10,0xC5,0x10,0xC5,0x10,0xC5,0x10,0xC5,0x10,0xC5,0x10,0xC5,0x10,
0xC5,0x10,0xC5,0x10,0xC5,0x10,0xC5,0x10,0xC5,0x10,0xC5,0x10,0xC5,0x10,0xC5,0x10,0xC5,0x10,0xC5,0x10,0xC5,0x10,0xC5,0x10,
0xC5,0x10,0xC5,0x10,0xC5,0x10,0xC5,0x10,0xC5,0x10,0xC5,0x10,0xC5,0x10,0xC5,0x10,0xC5,0x10,0xC5,0x10,0xC5,0x10,0xC5,0x10,
0xC5,0x10,0xC5,0x10,0xC5,0x10,0xC5,0x10,0xC5,0x10,0xC5,0x10,0xC5,0x10,0xC5,0x10,0xC5,0x10,0xC5,0x10,0xC5,0x10,0xC5,0x10,
0xC5,0x10,0xC5,0x10,0xC5,0x10,0xC5,0x10,0xC5,0x10,0xC5,0x10,0xC5,0x10,0xC5,0x10,0xC5,0x10,0xC5,0x10,0xC5,0x10,0xC5,0x10,
0xC5,0x10,0xC5,0x10,0xC5,0x10,0xC5,0x10,0xC5,0x10,0xC5,0x10,0xC5,0x10,0xC5,0x10,0xC5,0x10,0xC5,0x10,0xC5,0x10,0xC5,0x10,
0xC5,0x10,0xC5,0x10,0xC5,0x10,0xC5,0x10,0xC5,0x10,0xC5,0x10,0xC5,0x10,0xC5,0x10,0xC5,0x10,0xC5,0x10,0xC5,0x10,0xC5,0x10,
0xC5,0x10,0xC5,0x10,0xC5,0x10,0xC5,0x10,0xC5,0x10,0xC5,0x10,0xC5,0x10,0xC5,0x10,0xC5,0x10,0xC5,0x10,0xC5,0x10,0xC5,0x10,
0xC5,0x10,0xC5,0x10,0xC5,0x10,0xC5,0x10,0xC5,0x10,0xC5,0x10,0xC5,0x10,0xC5,0x10,0xC5,0x10,0xC5,0x10,0xC5,0x10,0xC5,0x10,
0xC5,0x10,0xC5,0x10,0xC5,0x10,0xC5,0x10,0xC5,0x10,0xC5,0x10,0xC5,0x10,0xC5,0x10,0xC5,0x10,0xC5,0x10,0xC5,0x10,0xC5,0x10,
0xC5,0x10,0xC5,0x10,0xC5,0x10,0xC5,0x10,0xC5,0x10,0xC5,0x10,0xC5,0x10,0xC5,0x10,0xC5,0x10,0xC5,0x10,0xC5,0x10,0xC5,0x10,
0xC5,0x10,0xC5,0x10,0xC5,0x10,0xC5,0x10,0xC5,0x10,0xC5,0x10,0xC5,0x10,0xC5,0x10,0xC5,0x10,0xC5,0x10,0xC5,0x10,0xC5,0x10,
0xC5,0x10,0xC5,0x10,0xC5,0x10,0xC5,0x10,0xC5,0x10,0xC5,0x10,0xC5,0x10,0xC5,0x10,0xC5,0x10,0xC5,0x10,0xC5,0x10,0xC5,0x10,
0xC5,0x10,0xC5,0x10,0xC5,0x10,0xC5,0x10,0xC5,0x10,0xC5,0x10,0xC5,0x10,0xC5,0x10,0xC5,0x10,0xC5,0x10,0xC5,0x10,0xC5,0x10,
0xC5,0x10,0xC5,0x10,0xC5,0x10,0xC5,0x10,0xC5,0x10,0xC5,0x10,0xC5,0x10,0xC5,0x10,0xC5,0x10,0xC5,0x10,0xC5,0x10,0xC5,0x10,
0xC5,0x10,0xC5,0x10,0xC5,0x10,0xC5,0x10,0xC5,0x10,0xC5,0x10,0xC5,0x10,0xC5,0x10,0xC5,0x10,0xC5,0x10,0xC5,0x10,0xC5,0x10,
0xC5,0x10,0xC5,0x10,0xC5,0x10,0xC5,0x10,0xC5,0x10,0xC5,0x10,0xC5,0x10,0xC5,0x10,0xC5,0x10,0xC5,0x10,0xC5,0x10,0xC5,0x10,
0xC5,0x10,0xC5,0x10,0xC5,0x10,0xC5,0x10,0xC5,0x10,0xC5,0x10,0xC5,0x10,0xC5,0x10,0xC5,0x10,0xC5,0x10,0xC5,0x10,0xC5,0x10,
0xC5,0x10,0xC5,0x10,0xC5,0x10,0xC5,0x10,0xC5,0x10,0xC5,0x10,0xC5,0x10,0xC5,0x10,0xC5,0x10,0xC5,0x10,0xC5,0x10,0xC5,0x10,
0xC5,0x10,0xC5,0x10,0xC5,0x10,0xC5,0x10,0xC5,0x10,0xC5,0x10,0xC5,0x10,0xC5,0x10,0xC5,0x10,0xC5,0x10,0xC5,0x10,0xC5,0x10,
0xC5,0x10,0xC5,0x10,0xC5,0x10,0xC5,0x10,0xC5,0x10,0xC5,0x10,0xC5,0x10,0xC5,0x10,0xC5,0x10,0xC5,0x10,0xC5,0x10,0xC5,0x10,
0xC5,0x10,0xC5,0x10,0xC5,0x10,0xC5,0x10,0xC5,0x10,0xC5,0x10,0xC5,0x10,0xC5,0x10,0xC5,0x10,0xC5,0x10,0xC5,0x10,0xC5,0x10,
0xC5,0x10,0xC5,0x10,0xC5,0x10,0xC5,0x10,0xC5,0x10,0xC5,0x10,0xC5,0x10,0xC5,0x10,0xC5,0x10,0xC5,0x10,0xC5,0x10,0xC5,0x10,
0xC5,0x10,0xC5,0x10,0xC5,0x10,0xC5,0x10,0xC5,0x10,0xC5,0x10,0xC5,0x10,0xC5,0x10,0xC5,0x10,0xC5,0x10,0xC5,0x10,0xC5,0x10,
0xC5,0x10,0xC5,0x10,0xC5,0x10,0xC5,0x10,0xC5,0x10,0xC5,0x10,0xC5,0x10,0xC5,0x10,0xC5,0x10,0xC5,0x10,0xC5,0x10,0xC5,0x10,
0xC5,0x10,0xC5,0x10,0xC5,0x10,0xC5,0x10,0xC5,0x10,0xC5,0x10,0xC5,0x10,0xC5,0x10,0xC5,0x10,0xC5,0x10,0xC5,0x10,0xC5,0x10,
0xC5,0x10,0xC5,0x10,0xC5,0x10,0xC5,0x10,0xC5,0x10,0xC5,0x10,0xC5,0x10,0xC5,0x10,0xC5,0x10,0xC5,0x10,0xC5,0x10,0xC5,0x10,
0xC5,0x10,0xC5,0x10,0xC5,0x10,0xC5,0x10,0xC5,0x10,0xC5,0x10,0xC5,0x10,0xC5,0x10,0xC5,0x10,0xC5,0x10,0xC5,0x10,0xC5,0x10,
0xC5,0x10,0xC5,0x10,0xC5,0x10,0xC5,0x10,0xC5,0x10,0xC5,0x10,0xC5,0x10,0xC5,0x10,0xC5,0x10,0xC5,0x10,0xC5,0x10,0xC5,0x10,
0xC5,0x10,0xC5,0x10,0xC5,0x10,0xC5,0x10,0xC5,0x10,0xC5,0x10,0xC5,0x10,0xC5,0x10,0xC5,0x10,0xC5,0x10,0xC5,0x10,0xC5,0x10,
0xC5,0x10,0xC5,0x10,0xC5,0x10,0xC5,0x10,0xC5,0x10,0xC5,0x10,0xC5,0x10,0xC5,0x10,0xC5,0x10,0xC5,0x10,0xC5,0x10,0xC5,0x10,
0xC5,0x10,0xC5,0x10,0xC5,0x10,0xC5,0x10,0xC5,0x10,0xC5,0x10,0xC5,0x10,0xC5,0x10,0xC5,0x10,0xC5,0x10,0xC5,0x10,0xC5,0x10,
0xC5,0x10,0xC5,0x10,0xC5,0x10,0xC5,0x10,0xC5,0x10,0xC5,0x10,0xC5,0x10,0xC5,0x10,0xC5,0x10,0xC5,0x10,0xC5,0x10,0xC5,0x10,
0xC5,0x10,0xC5,0x10,0xC5,0x10,0xC5,0x10,0xC5,0x10,0xC5,0x10,0xC5,0x10,0xC5,0x10,0xC5,0x10,0xC5,0x10,0xC5,0x10,0xC5,0x10,
0xC5,0x10,0xC5,0x10,0xC5,0x10,0xC5,0x10,0xC5,0x10,0xC5,0x10,0xC5,0x10,0xC5,0x10,0xC5,0x10,0xC5,0x10,0xC5,0x10,0xC5,0x10,
0xC5,0x10,0xC5,0x10,0xC5,0x10,0xC5,0x10,0xC5,0x10,0xC5,0x10,0xC5,0x10,0xC5,0x10,0xC5,0x10,0xC5,0x10,0xC5,0x10,0xC5,0x10,
0xC5,0x10,0xC5,0x10,0xC5,0x10,0xC5,0x10,0xC5,0x10,0xC5,0x10,0xC5,0x10,0xC5,0x10,0xC5,0x10,0xC5,0x10,0xC5,0x10,0xC5,0x10,
0xC5,0x10,0xC5,0x10,0xC5,0x10,0xC5,0x10,0xC5,0x10,0xC5,0x10,0xC5,0x10,0xC5,0x10,0xC5,0x10,0xC5,0x10,0xC5,0x10,0xC5,0x10,
0xC5,0x10,0xC5,0x10,0xC5,0x10,0xC5,0x10,0xC5,0x10,0xC5,0x10,0xC5,0x10,0xC5,0x10,0xC5,0x10,0xC5,0x10,0xC5,0x10,0xC5,0x10,
0xC5,0x10,0xC5,0x10,0xC5,0x10,0xC5,0x10,0xC5,0x10,0xC5,0x10,0xC5,0x10,0xC5,0x10,0xC5,0x10,0xC5,0x10,0xC5,0x10,0xC5,0x10,
0xC5,0x10,0xC5,0x10,0xC5,0x10,0xC5,0x10,0xC5,0x10,0xC5,0x10,0xC5,0x10,0xC5,0x10,0xC5,0x10,0xC5,0x10,0xC5,0x10,0xC5,0x10,
0xC5,0x10,0xC5,0x10,0xC5,0x10,0xC5,0x10,0xC5,0x10,0xC5,0x10,0xC5,0x10,0xC5,0x10,0xC5,0x10,0xC5,0x10,0xC5,0x10,0xC5,0x10,
0xC5,0x10,0xC5,0x10,0xC5,0x10,0xC5,0x10,0xC5,0x10,0xC5,0x10,0xC5,0x10,0xC5,0x10,0xC5,0x10,0xC5,0x10,0xC5,0x10,0xC5,0x10,
0xC5,0x10,0xC5,0x10,0xC5,0x10,0xC5,0x10,0xC5,0x10,0xC5,0x10,0xC5,0x10,0xC5,0x10,0xC5,0x10,0xC5,0x10,0xC5,0x10,0xC5,0x10,
0xC5,0x10,0xC5,0x10,0xC5,0x10,0xC5,0x10,0xC5,0x10,0xC5,0x10,0xC5,0x10,0xC5,0x10,0xC5,0x10,0xC5,0x10,0xC5,0x10,0xC5,0x10,
0xC5,0x10,0xC5,0x10,0xC5,0x10,0xC5,0x10,0xC5,0x10,0xC5,0x10,0xC5,0x10,0xC5,0x10,0xC5,0x10,0xC5,0x10,0xC5,0x10,0xC5,0x10,
0xC5,0x10,0xC5,0x10,0xC5,0x10,0xC5,0x10,0xC5,0x10,0xC5,0x10,0xC5,0x10,0xC5,0x10,0xC5,0x10,0xC5,0x10,0xC5,0x10,0xC5,0x10,
0xC5,0x10,0xC5,0x10,0xC5,0x10,0xC5,0x10,0xC5,0x10,0xC5,0x10,0xC5,0x10,0xC5,0x10,0xC5,0x10,0xC5,0x10,0xC5,0x10,0xC5,0x10,
0xC5,0x10,0xC5,0x10,0xC5,0x10,0xC5,0x10,0xC5,0x10,0xC5,0x10,0xC5,0x10,0xC5,0x10,0xC5,0x10,0xC5,0x10,0xC5,0x10,0xC5,0x10,
0xC5,0x10,0xC5,0x10,0xC5,0x10,0xC5,0x10,0xC5,0x10,0xC5,0x10,0xC5,0x10,0xC5,0x10,0xC5,0x10,0xC5,0x10,0xC5,0x10,0xC5,0x10,
0xC5,0x10,0xC5,0x10,0xC5,0x10,0xC5,0x10,0xC5,0x10,0xC5,0x10,0xC5,0x10,0xC5,0x10,0xC5,0x10,0xC5,0x10,0xC5,0x10,0xC5,0x10,
0xC5,0x10,0xC5,0x10,0xC5,0x10,0xC5,0x10,0xC5,0x10,0xC5,0x10,0xC5,0x10,0xC5,0x10,0xC5,0x10,0xC5,0x10,0xC5,0x10,0xC5,0x10,
0xC5,0x10,0xC5,0x10,0xC5,0x10,0xC5,0x10,0xC5,0x10,0xC5,0x10,0xC5,0x10,0xC5,0x10,0xC5,0x10,0xC5,0x10,0xC5,0x10,0xC5,0x10,
0xC5,0x10,0xC5,0x10,0xC5,0x10,0xC5,0x10,0xC5,0x10,0xC5,0x10,0xC5,0x10,0xC5,0x10,0xC5,0x10,0xC5,0x10,0xC5,0x10,0xC5,0x10,
0xC5,0x10,0xC5,0x10,0xC5,0x10,0xC5,0x10,0xC5,0x10,0xC5,0x10,0xC5,0x10,0xC5,0x10,0xC5,0x10,0xC5,0x10,0xC5,0x10,0xC5,0x10,
0xC5,0x10,0xC5,0x10,0xC5,0x10,0xC5,0x10,0xC5,0x10,0xC5,0x10,0xC5,0x10,0xC5,0x10,0xC5,0x10,0xC5,0x10,0xC5,0x10,0xC5,0x10,
0xC5,0x10,0xC5,0x10,0xC5,0x10,0xC5,0x10,0xC5,0x10,0xC5,0x10,0xC5,0x10,0xC5,0x10,0xC5,0x10,0xC5,0x10,0xC5,0x10,0xC5,0x10,
0xC5,0x10,0xC5,0x10,0xC5,0x10,0xC5,0x10,0xC5,0x10,0xC5,0x10,0xC5,0x10,0xC5,0x10,0xC5,0x10,0xC5,0x10,0xC5,0x10,0xC5,0x10,
0xC5,0x10,0xC5,0x10,0xC5,0x10,0xC5,0x10,0xC5,0x10,0xC5,0x10,0xC5,0x10,0xC5,0x10,0xC5,0x10,0xC5,0x10,0xC5,0x10,0xC5,0x10,
0xC5,0x10,0xC5,0x10,0xC5,0x10,0xC5,0x10,0xC5,0x10,0xC5,0x10,0xC5,0x10,0xC5,0x10,0xC5,0x10,0xC5,0x10,0xC5,0x10,0xC5,0x10,
0xC5,0x10,0xC5,0x10,0xC5,0x10,0xC5,0x10,0xC5,0x10,0xC5,0x10,0xC5,0x10,0xC5,0x10,0xC5,0x10,0xC5,0x10,0xC5,0x10,0xC5,0x10,
0xC5,0x10,0xC5,0x10,0xC5,0x10,0xC5,0x10,0xC5,0x10,0xC5,0x10,0xC5,0x10,0xC5,0x10,0xC5,0x10,0xC5,0x10,0xC5,0x10,0xC5,0x10,
0xC5,0x10,0xC5,0x10,0xC5,0x10,0xC5,0x10,0xC5,0x10,0xC5,0x10,0xC5,0x10,0xC5,0x10,0xC5,0x10,0xC5,0x10,0xC5,0x10,0xC5,0x10,
0xC5,0x10,0xC5,0x10,0xC5,0x10,0xC5,0x10,0xC5,0x10,0xC5,0x10,0xC5,0x10,0xC5,0x10,0xC5,0x10,0xC5,0x10,0xC5,0x10,0xC5,0x10,
0xC5,0x10,0xC5,0x10,0xC5,0x10,0xC5,0x10,0xC5,0x10,0xC5,0x10,0xC5,0x10,0xC5,0x10,0xC5,0x10,0xC5,0x10,0xC5,0x10,0xC5,0x10,
0xC5,0x10,0xC5,0x10,0xC5,0x10,0xC5,0x10,0xC5,0x10,0xC5,0x10,0xC5,0x10,0xC5,0x10,0xC5,0x10,0xC5,0x10,0xC5,0x10,0xC5,0x10,
0xC5,0x10,0xC5,0x10,0xC5,0x10,0xC5,0x10,0xC5,0x10,0xC5,0x10,0xC5,0x10,0xC5,0x10,0xC5,0x10,0xC5,0x10,0xC5,0x10,0xC5,0x10,
0xC5,0x10,0xC5,0x10,0xC5,0x10,0xC5,0x10,0xC5,0x10,0xC5,0x10,0xC5,0x10,0xC5,0x10,0xC5,0x10,0xC5,0x10,0xC5,0x10,0xC5,0x10,
0xC5,0x10,0xC5,0x10,0xC5,0x10,0xC5,0x10,0xC5,0x10,0xC5,0x10,0xC5,0x10,0xC5,0x10,0xC5,0x10,0xC5,0x10,0xC5,0x10,0xC5,0x10,
0xC5,0x10,0xC5,0x10,0xC5,0x10,0xC5,0x10,0xC5,0x10,0xC5,0x10,0xC5,0x10,0xC5,0x10,0xC5,0x10,0xC5,0x10,0xC5,0x10,0xC5,0x10,
0xC5,0x10,0xC5,0x10,0xC5,0x10,0xC5,0x10,0xC5,0x10,0xC5,0x10,0xC5,0x10,0xC5,0x10,0xC5,0x10,0xC5,0x10,0xC5,0x10,0xC5,0x10,
0xC5,0x10,0xC5,0x10,0xC5,0x10,0xC5,0x10,0xC5,0x10,0xC5,0x10,0xC5,0x10,0xC5,0x10,0xC5,0x10,0xC5,0x10,0xC5,0x10,0xC5,0x10,
0xC5,0x10,0xC5,0x10,0xC5,0x10,0xC5,0x10,0xC5,0x10,0xC5,0x10,0xC5,0x10,0xC5,0x10,0xC5,0x10,0xC5,0x10,0xC5,0x10,0xC5,0x10,
0xC5,0x10,0xC5,0x10,0xC5,0x10,0xC5,0x10,0xC5,0x10,0xC5,0x10,0xC5,0x10,0xC5,0x10,0xC5,0x10,0xC5,0x10,0xC5,0x10,0xC5,0x10,
0xC5,0x10,0xC5,0x10,0xC5,0x10,0xC5,0x10,0xC5,0x10,0xC5,0x10,0xC5,0x10,0xC5,0x10,0xC5,0x10,0xC5,0x10,0xC5,0x10,0xC5,0x10,
0xC5,0x10,0xC5,0x10,0xC5,0x10,0xC5,0x10,0xC5,0x10,0xC5,0x10,0xC5,0x10,0xC5,0x10,0xC5,0x10,0xC5,0x10,0xC5,0x10,0xC5,0x10,
0xC5,0x10,0xC5,0x10,0xC5,0x10,0xC5,0x10,0xC5,0x10,0xC5,0x10,0xC5,0x10,0xC5,0x10,0xC5,0x10,0xC5,0x10,0xC5,0x10,0xC5,0x10,
0xC5,0x10,0xC5,0x10,0xC5,0x10,0xC5,0x10,0xC5,0x10,0xC5,0x10,0xC5,0x10,0xC5,0x10,0xC5,0x10,0xC5,0x10,0xC5,0x10,0xC5,0x10,
0xC5,0x10,0xC5,0x10,0xC5,0x10,0xC5,0x10,0xC5,0x10,0xC5,0x10,0xC5,0x10,0xC5,0x10,0xC5,0x10,0xC5,0x10,0xC5,0x10,0xC5,0x10,
0xC5,0x10,0xC5,0x10,0xC5,0x10,0xC5,0x10,0xC5,0x10,0xC5,0x10,0xC5,0x10,0xC5,0x10,0xC5,0x10,0xC5,0x10,0xC5,0x10,0xC5,0x10,
0xC5,0x10,0xC5,0x10,0xC5,0x10,0xC5,0x10,0xC5,0x10,0xC5,0x10,0xC5,0x10,0xC5,0x10,0xC5,0x10,0xC5,0x10,0xC5,0x10,0xC5,0x10,
0xC5,0x10,0xC5,0x10,0xC5,0x10,0xC5,0x10,0xC5,0x10,0xC5,0x10,0xC5,0x10,0xC5,0x10,0xC5,0x10,0xC5,0x10,0xC5,0x10,0xC5,0x10,
0xC5,0x10,0xC5,0x10,0xC5,0x10,0xC5,0x10,0xC5,0x10,0xC5,0x10,0xC5,0x10,0xC5,0x10,0xC5,0x10,0xC5,0x10,0xC5,0x10,0xC5,0x10,
0xC5,0x10,0xC5,0x10,0xC5,0x10,0xC5,0x10,0xC5,0x10,0xC5,0x10,0xC5,0x10,0xC5,0x10,0xC5,0x10,0xC5,0x10,0xC5,0x10,0xC5,0x10,
0xC5,0x10,0xC5,0x10,0xC5,0x10,0xC5,0x10,0xC5,0x10,0xC5,0x10,0xC5,0x10,0xC5,0x10,0xC5,0x10,0xC5,0x10,0xC5,0x10,0xC5,0x10,
0xC5,0x10,0xC5,0x10,0xC5,0x10,0xC5,0x10,0xC5,0x10,0xC5,0x10,0xC5,0x10,0xC5,0x10,0xC5,0x10,0xC5,0x10,0xC5,0x10,0xC5,0x10,
0xC5,0x10,0xC5,0x10,0xC5,0x10,0xC5,0x10,0xC5,0x10,0xC5,0x10,0xC5,0x10,0xC5,0x10,0xC5,0x10,0xC5,0x10,0xC5,0x10,0xC5,0x10,
0xC5,0x10,0xC5,0x10,0xC5,0x10,0xC5,0x10,0xC5,0x10,0xC5,0x10,0xC5,0x10,0xC5,0x10,0xC5,0x10,0xC5,0x10,0xC5,0x10,0xC5,0x10,
0xC5,0x10,0xC5,0x10,0xC5,0x10,0xC5,0x10,0xC5,0x10,0xC5,0x10,0xC5,0x10,0xC5,0x10,0xC5,0x10,0xC5,0x10,0xC5,0x10,0xC5,0x10,
};
const lv_img_dsc_t nv3030b_boot_brand = {
    .header = {.cf = LV_IMG_CF_TRUE_COLOR, .always_zero = 0, .reserved = 0, .w = 240, .h = 92},
    .data_size = sizeof(nv3030b_boot_brand_map), .data = nv3030b_boot_brand_map,
};
