/*******************************************************************************
 * Size: 16 px
 * Bpp: 4
 * Opts: --font <system-font>/simhei.ttf --size 16 --bpp 4 --format lvgl -r 0x20-0x7E -r 0xB0 -r 0xB7 -r 0x2026 -r 0x4E00 -r 0x4E09-0x4E0A -r 0x4E0D-0x4E0E -r 0x4E2D -r 0x4E34 -r 0x4ECD -r 0x4EE5 -r 0x4EEA -r 0x4EF0 -r 0x4EF6 -r 0x4F20 -r 0x4F4D-0x4F4E -r 0x4F5C -r 0x4FBF -r 0x4FDD -r 0x4FEF -r 0x507F -r 0x50A8 -r 0x50CF -r 0x5149 -r 0x5165 -r 0x5173 -r 0x518D -r 0x51C6 -r 0x5217 -r 0x5230 -r 0x52A1 -r 0x52A8-0x52A9 -r 0x5355 -r 0x5361 -r 0x5386 -r 0x53D6 -r 0x53EF -r 0x53F2 -r 0x53F7 -r 0x540C -r 0x540E -r 0x542F -r 0x5468 -r 0x5668 -r 0x56DE -r 0x56FA -r 0x56FE -r 0x5728 -r 0x5904 -r 0x5907 -r 0x5931 -r 0x5934 -r 0x59CB -r 0x59FF -r 0x5B58 -r 0x5B8C -r 0x5B9A -r 0x5B9E -r 0x5BC6 -r 0x5BF9 -r 0x5C31 -r 0x5DEE -r 0x5DF2 -r 0x5E38 -r 0x5E73 -r 0x5E76 -r 0x5EA6 -r 0x5F00 -r 0x5F02 -r 0x5F0F -r 0x5F55 -r 0x5F85 -r 0x6001 -r 0x6027 -r 0x603B -r 0x60EF -r 0x6162 -r 0x6210 -r 0x623F -r 0x624B -r 0x626B -r 0x62CD -r 0x62E9 -r 0x6301 -r 0x6309 -r 0x636E -r 0x63A5 -r 0x63CF-0x63D0 -r 0x643A -r 0x6444 -r 0x64CD -r 0x653E -r 0x6548 -r 0x6570 -r 0x6587 -r 0x65B0 -r 0x65CB -r 0x65E0 -r 0x65F6 -r 0x663E -r 0x667A -r 0x6682 -r 0x6709 -r 0x670D -r 0x672A -r 0x673A -r 0x675F -r 0x679C -r 0x67B6 -r 0x67E5 -r 0x6807 -r 0x68C0 -r 0x6A21 -r 0x6B21 -r 0x6B63 -r 0x6B65 -r 0x6BEB -r 0x6C34 -r 0x6C60 -r 0x6D4B -r 0x6D88 -r 0x6E90 -r 0x6EE1 -r 0x6FC0 -r 0x70B9 -r 0x70ED -r 0x7167 -r 0x72B6 -r 0x7406 -r 0x7528 -r 0x7531 -r 0x7535 -r 0x7559 -r 0x76F8 -r 0x770B -r 0x7784 -r 0x7801 -r 0x786E -r 0x793A -r 0x79BB -r 0x79FB -r 0x7A33 -r 0x7AD9 -r 0x7B49 -r 0x7C73 -r 0x7CBE -r 0x7EBF -r 0x7ED1 -r 0x7ED3 -r 0x7EDC -r 0x7EEA -r 0x7EED -r 0x7F13 -r 0x7F16 -r 0x7F51 -r 0x7F6E -r 0x80FD -r 0x8111 -r 0x811A -r 0x81EA -r 0x822C -r 0x83DC -r 0x8865 -r 0x89D2 -r 0x89E3 -r 0x8BA4 -r 0x8BB0 -r 0x8BBE -r 0x8BD5 -r 0x8BF7 -r 0x8C03 -r 0x8D25 -r 0x8D85 -r 0x8DDD -r 0x8F6C -r 0x8F85 -r 0x8FD4 -r 0x8FDB -r 0x8FDE -r 0x9009 -r 0x91C7 -r 0x91CD -r 0x91CF -r 0x952E -r 0x95ED -r 0x95F4 -r 0x961F -r 0x9650 -r 0x9664 -r 0x9669 -r 0x96C6 -r 0x9762 -r 0x98CE -r 0x9996 -r 0x9AA4 -r 0x9AD8 -r 0xFF0C -r 0xFF1A --no-compress --output <project-root>/main/ui_font_16.c --force-fast-kern-format
 ******************************************************************************/

#ifdef LV_LVGL_H_INCLUDE_SIMPLE
#include "lvgl.h"
#else
#include "lvgl.h"
#endif

#ifndef UI_FONT_16
#define UI_FONT_16 1
#endif

#if UI_FONT_16

/*-----------------
 *    BITMAPS
 *----------------*/

/*Store the image of the glyphs*/
static LV_ATTRIBUTE_LARGE_CONST const uint8_t glyph_bitmap[] = {
    /* U+0020 " " */

    /* U+0021 "!" */
    0xfb, 0xea, 0xea, 0xd9, 0xc8, 0xb7, 0xa6, 0xa6,
    0x85, 0x0, 0xfb, 0xfc,

    /* U+0022 "\"" */
    0xf6, 0x7e, 0xe4, 0x6c, 0xd3, 0x5b, 0x61, 0x25,

    /* U+0023 "#" */
    0x0, 0x78, 0x6, 0x90, 0x0, 0x96, 0x8, 0x70,
    0x0, 0xa5, 0x9, 0x60, 0x0, 0xc4, 0xb, 0x50,
    0xbf, 0xff, 0xff, 0xf8, 0x23, 0xf3, 0x3f, 0x41,
    0x1, 0xe0, 0xf, 0x0, 0x4, 0xc0, 0x3d, 0x0,
    0xbf, 0xff, 0xff, 0xf8, 0x29, 0x93, 0x8a, 0x31,
    0x9, 0x60, 0x87, 0x0, 0xb, 0x40, 0xa5, 0x0,

    /* U+0024 "$" */
    0x0, 0x9, 0x50, 0x0, 0xa, 0xff, 0x80, 0x9,
    0xdb, 0xaf, 0x40, 0xd6, 0x95, 0xc9, 0xd, 0x89,
    0x52, 0x20, 0x8f, 0xd5, 0x0, 0x0, 0x9f, 0xb1,
    0x0, 0x0, 0x9f, 0xe1, 0x0, 0x9, 0x7e, 0x92,
    0xe3, 0x95, 0x9c, 0xf, 0x69, 0x5a, 0xb0, 0xbd,
    0xb9, 0xf6, 0x1, 0xbf, 0xf8, 0x0, 0x0, 0x95,
    0x0, 0x0, 0x4, 0x20, 0x0,

    /* U+0025 "%" */
    0x1d, 0xc0, 0x1, 0x40, 0x78, 0xa5, 0x7, 0x20,
    0x96, 0x87, 0x9, 0x0, 0x96, 0x87, 0x44, 0x0,
    0x78, 0xa5, 0x90, 0x0, 0x1d, 0xc3, 0x70, 0x0,
    0x0, 0x8, 0x3d, 0xb0, 0x0, 0x8, 0x87, 0xb4,
    0x0, 0x63, 0xa5, 0x96, 0x0, 0x90, 0xa5, 0x96,
    0x3, 0x50, 0x87, 0xb4, 0x7, 0x0, 0x2d, 0xb0,

    /* U+0026 "&" */
    0x0, 0x8e, 0xc1, 0x0, 0x4, 0xf5, 0xc8, 0x0,
    0x7, 0xb0, 0x8a, 0x0, 0x6, 0xc0, 0xc7, 0x0,
    0x2, 0xfa, 0xc0, 0x0, 0x0, 0xec, 0x0, 0x0,
    0xb, 0xdf, 0x10, 0x50, 0x6e, 0xc, 0xa2, 0xf0,
    0x9b, 0x3, 0xfb, 0xe0, 0x7d, 0x0, 0x6f, 0xa0,
    0x2f, 0x94, 0xaf, 0xf6, 0x4, 0xdf, 0xc2, 0x73,

    /* U+0027 "'" */
    0x3f, 0x22, 0xf0, 0x1f, 0x0, 0x70,

    /* U+0028 "(" */
    0x0, 0x2, 0x0, 0x1, 0xe3, 0x0, 0xb6, 0x0,
    0x5c, 0x0, 0xc, 0x40, 0x1, 0xe0, 0x0, 0x3b,
    0x0, 0x5, 0x90, 0x0, 0x59, 0x0, 0x3, 0xb0,
    0x0, 0xe, 0x0, 0x0, 0xb4, 0x0, 0x4, 0xd0,
    0x0, 0xa, 0x80, 0x0, 0xd, 0x30, 0x0, 0x10,

    /* U+0029 ")" */
    0x11, 0x0, 0x6, 0xc0, 0x0, 0x9, 0x90, 0x0,
    0xe, 0x20, 0x0, 0x79, 0x0, 0x1, 0xd0, 0x0,
    0xe, 0x0, 0x0, 0xc2, 0x0, 0xc, 0x20, 0x0,
    0xe0, 0x0, 0x2d, 0x0, 0x7, 0x80, 0x1, 0xe1,
    0x0, 0xb7, 0x0, 0x6b, 0x0, 0x0, 0x0, 0x0,

    /* U+002A "*" */
    0x0, 0x9, 0x90, 0x0, 0x12, 0x9, 0x90, 0x21,
    0x7f, 0x78, 0x87, 0xf7, 0x5, 0xdf, 0xfd, 0x50,
    0x1, 0x9f, 0xf9, 0x10, 0x5e, 0xca, 0xac, 0xe5,
    0x37, 0x8, 0x80, 0x73, 0x0, 0x9, 0x90, 0x0,
    0x0, 0x5, 0x50, 0x0,

    /* U+002B "+" */
    0x0, 0x6, 0x40, 0x0, 0x0, 0xa, 0x70, 0x0,
    0x0, 0xa, 0x70, 0x0, 0x0, 0xa, 0x70, 0x0,
    0xaf, 0xff, 0xff, 0xf7, 0x12, 0x2a, 0x82, 0x21,
    0x0, 0xa, 0x70, 0x0, 0x0, 0xa, 0x70, 0x0,

    /* U+002C "," */
    0x55, 0xbc, 0x38, 0x82,

    /* U+002D "-" */
    0xaf, 0xff, 0xff, 0xf6, 0x12, 0x22, 0x22, 0x20,

    /* U+002E "." */
    0x55, 0xcb,

    /* U+002F "/" */
    0x0, 0x0, 0x0, 0x22, 0x0, 0x0, 0x0, 0xb2,
    0x0, 0x0, 0x3, 0x90, 0x0, 0x0, 0xb, 0x10,
    0x0, 0x0, 0x48, 0x0, 0x0, 0x0, 0xc1, 0x0,
    0x0, 0x5, 0x80, 0x0, 0x0, 0xc, 0x0, 0x0,
    0x0, 0x57, 0x0, 0x0, 0x0, 0xc0, 0x0, 0x0,
    0x6, 0x60, 0x0, 0x0, 0xc, 0x0, 0x0, 0x0,
    0x76, 0x0, 0x0, 0x0, 0x30, 0x0, 0x0, 0x0,

    /* U+0030 "0" */
    0x0, 0x8e, 0xe6, 0x0, 0x7, 0xf7, 0x7f, 0x40,
    0xf, 0x70, 0x9, 0xb0, 0x3f, 0x10, 0x4, 0xf0,
    0x6e, 0x0, 0x2, 0xf1, 0x6d, 0x0, 0x1, 0xf2,
    0x6d, 0x0, 0x1, 0xf2, 0x5e, 0x0, 0x2, 0xf1,
    0x2f, 0x20, 0x5, 0xf0, 0xd, 0x80, 0xb, 0xa0,
    0x5, 0xfa, 0xbf, 0x30, 0x0, 0x4c, 0xb3, 0x0,
    0x0, 0x0, 0x0, 0x0,

    /* U+0031 "1" */
    0x0, 0x6c, 0x3, 0xfc, 0x4f, 0xcc, 0x74, 0x8c,
    0x0, 0x8c, 0x0, 0x8c, 0x0, 0x8c, 0x0, 0x8c,
    0x0, 0x8c, 0x0, 0x8c, 0x0, 0x8c, 0x0, 0x8c,

    /* U+0032 "2" */
    0x0, 0x0, 0x0, 0x0, 0x1, 0xbf, 0xfa, 0x0,
    0xc, 0xe7, 0x7f, 0x80, 0x4f, 0x20, 0x8, 0xd0,
    0x2, 0x0, 0x7, 0xd0, 0x0, 0x0, 0xb, 0xa0,
    0x0, 0x0, 0x3f, 0x30, 0x0, 0x0, 0xda, 0x0,
    0x0, 0x8, 0xe1, 0x0, 0x0, 0x4f, 0x40, 0x0,
    0x2, 0xe8, 0x0, 0x0, 0xd, 0xe3, 0x33, 0x30,
    0x2f, 0xff, 0xff, 0xf1,

    /* U+0033 "3" */
    0x0, 0x5b, 0xb6, 0x0, 0x6, 0xe7, 0x8f, 0x70,
    0xe, 0x40, 0x8, 0xd0, 0x4, 0x0, 0x6, 0xd0,
    0x0, 0x0, 0x1d, 0x80, 0x0, 0x9, 0xfb, 0x0,
    0x0, 0x4, 0x9f, 0x50, 0x0, 0x0, 0x8, 0xe0,
    0x3, 0x0, 0x4, 0xf0, 0x3f, 0x20, 0x7, 0xe0,
    0xc, 0xd6, 0x6f, 0x70, 0x1, 0xaf, 0xe7, 0x0,

    /* U+0034 "4" */
    0x0, 0x0, 0x1f, 0x30, 0x0, 0x0, 0xbf, 0x30,
    0x0, 0x5, 0xff, 0x30, 0x0, 0xe, 0x6f, 0x30,
    0x0, 0x9c, 0xf, 0x30, 0x3, 0xf2, 0xf, 0x30,
    0xd, 0x70, 0xf, 0x30, 0x7d, 0x0, 0xf, 0x30,
    0xcf, 0xff, 0xff, 0xfa, 0x22, 0x22, 0x2f, 0x51,
    0x0, 0x0, 0xf, 0x30, 0x0, 0x0, 0xf, 0x30,

    /* U+0035 "5" */
    0x5, 0xff, 0xff, 0xb0, 0x8, 0xb3, 0x33, 0x20,
    0xb, 0x70, 0x0, 0x0, 0xe, 0x40, 0x0, 0x0,
    0x1f, 0xcf, 0xe8, 0x0, 0x4f, 0x84, 0x7f, 0x70,
    0x12, 0x0, 0x8, 0xe0, 0x0, 0x0, 0x4, 0xf0,
    0x22, 0x0, 0x4, 0xf0, 0x9b, 0x0, 0xa, 0xc0,
    0x3f, 0x95, 0xaf, 0x50, 0x5, 0xdf, 0xc4, 0x0,

    /* U+0036 "6" */
    0x0, 0x0, 0xe8, 0x0, 0x0, 0x8, 0xe0, 0x0,
    0x0, 0x1f, 0x50, 0x0, 0x0, 0xac, 0x0, 0x0,
    0x4, 0xfb, 0xa7, 0x0, 0xc, 0xfc, 0xcf, 0xc0,
    0x2f, 0x80, 0x4, 0xf5, 0x5f, 0x10, 0x0, 0xd8,
    0x5f, 0x0, 0x0, 0xc8, 0x2f, 0x30, 0x1, 0xf5,
    0xb, 0xd5, 0x4c, 0xd0, 0x0, 0x9e, 0xfc, 0x20,

    /* U+0037 "7" */
    0x5f, 0xff, 0xff, 0xf6, 0x13, 0x33, 0x35, 0xf3,
    0x0, 0x0, 0x9, 0xb0, 0x0, 0x0, 0x1f, 0x30,
    0x0, 0x0, 0x7c, 0x0, 0x0, 0x0, 0xe5, 0x0,
    0x0, 0x4, 0xf0, 0x0, 0x0, 0xa, 0xa0, 0x0,
    0x0, 0xe, 0x50, 0x0, 0x0, 0x4f, 0x0, 0x0,
    0x0, 0x8d, 0x0, 0x0, 0x0, 0xc9, 0x0, 0x0,

    /* U+0038 "8" */
    0x1, 0xbf, 0xe8, 0x0, 0xc, 0xa4, 0x6f, 0x70,
    0x1f, 0x0, 0x8, 0xc0, 0x2f, 0x0, 0x7, 0xc0,
    0xe, 0x80, 0x1d, 0x70, 0x4, 0xff, 0xfa, 0x0,
    0xd, 0xb5, 0x7e, 0x70, 0x6e, 0x0, 0x4, 0xf0,
    0x8b, 0x0, 0x1, 0xf2, 0x7e, 0x0, 0x6, 0xf1,
    0x2f, 0xc8, 0xaf, 0xa0, 0x4, 0xcf, 0xfa, 0x10,

    /* U+0039 "9" */
    0x2, 0xbf, 0xe7, 0x0, 0x1e, 0xc6, 0x8f, 0x70,
    0x7e, 0x10, 0x9, 0xe0, 0xab, 0x0, 0x5, 0xf0,
    0xab, 0x0, 0x7, 0xe0, 0x6f, 0x30, 0x1e, 0xa0,
    0xc, 0xfc, 0xff, 0x30, 0x0, 0x47, 0xeb, 0x0,
    0x0, 0x4, 0xf3, 0x0, 0x0, 0xb, 0xb0, 0x0,
    0x0, 0x3f, 0x20, 0x0, 0x0, 0xba, 0x0, 0x0,

    /* U+003A ":" */
    0xe9, 0x64, 0x0, 0x0, 0x0, 0x0, 0x64, 0xe9,

    /* U+003B ";" */
    0xe9, 0x64, 0x0, 0x0, 0x0, 0x0, 0x64, 0xe9,
    0x65, 0xa0,

    /* U+003C "<" */
    0x0, 0x0, 0x0, 0x0, 0x0, 0x0, 0x1, 0xd2,
    0x0, 0x0, 0x2d, 0x50, 0x0, 0x2, 0xd4, 0x0,
    0x0, 0x2d, 0x40, 0x0, 0x2, 0xd4, 0x0, 0x0,
    0x2d, 0x40, 0x0, 0x0, 0x1d, 0x50, 0x0, 0x0,
    0x1, 0xc6, 0x0, 0x0, 0x0, 0x1c, 0x60, 0x0,
    0x0, 0x0, 0xc7, 0x0, 0x0, 0x0, 0xc, 0x80,
    0x0, 0x0, 0x0, 0xb2, 0x0, 0x0, 0x0, 0x0,

    /* U+003D "=" */
    0xaf, 0xff, 0xff, 0xf6, 0x12, 0x22, 0x22, 0x20,
    0x0, 0x0, 0x0, 0x0, 0x0, 0x0, 0x0, 0x0,
    0xaf, 0xff, 0xff, 0xf6, 0x12, 0x22, 0x22, 0x20,

    /* U+003E ">" */
    0x0, 0x0, 0x0, 0x0, 0x4c, 0x10, 0x0, 0x0,
    0x6, 0xc1, 0x0, 0x0, 0x0, 0x6c, 0x10, 0x0,
    0x0, 0x6, 0xc1, 0x0, 0x0, 0x0, 0x5c, 0x10,
    0x0, 0x0, 0x5, 0xd1, 0x0, 0x0, 0x7, 0xc0,
    0x0, 0x0, 0x7b, 0x0, 0x0, 0x8, 0xb0, 0x0,
    0x0, 0x9a, 0x0, 0x0, 0x9, 0xa0, 0x0, 0x0,
    0x4a, 0x0, 0x0, 0x0, 0x0, 0x0, 0x0, 0x0,

    /* U+003F "?" */
    0x0, 0x9e, 0xe8, 0x0, 0x9e, 0x67, 0xf6, 0xf,
    0x70, 0xc, 0xb1, 0xd3, 0x0, 0xcc, 0x0, 0x0,
    0x2f, 0x70, 0x0, 0xd, 0xc0, 0x0, 0x8, 0xe1,
    0x0, 0x0, 0xc6, 0x0, 0x0, 0x4, 0x10, 0x0,
    0x0, 0x0, 0x0, 0x0, 0x9, 0x40, 0x0, 0x0,
    0xf7, 0x0,

    /* U+0040 "@" */
    0x0, 0x69, 0x89, 0x10, 0x6, 0x50, 0x1, 0x90,
    0x9, 0x7, 0xbb, 0x82, 0x54, 0x5a, 0x2d, 0x45,
    0x81, 0xc2, 0x4a, 0x27, 0x91, 0xe0, 0x67, 0x27,
    0x93, 0xc0, 0x95, 0x45, 0x92, 0xe1, 0xd4, 0x91,
    0x72, 0x9d, 0x7e, 0x60, 0x37, 0x0, 0x0, 0x0,
    0x9, 0x20, 0x4, 0x30, 0x0, 0x88, 0x86, 0x0,

    /* U+0041 "A" */
    0x0, 0xd, 0xb0, 0x0, 0x0, 0x1f, 0xf0, 0x0,
    0x0, 0x5f, 0xf3, 0x0, 0x0, 0x9a, 0xd7, 0x0,
    0x0, 0xd7, 0x9b, 0x0, 0x1, 0xf3, 0x5f, 0x0,
    0x6, 0xf0, 0x2f, 0x40, 0xa, 0xff, 0xff, 0x80,
    0xe, 0x93, 0x3a, 0xc0, 0x2f, 0x40, 0x6, 0xf0,
    0x6f, 0x0, 0x2, 0xf4, 0xac, 0x0, 0x0, 0xe8,

    /* U+0042 "B" */
    0x5f, 0xff, 0xe9, 0x0, 0x5f, 0x54, 0x6e, 0xa0,
    0x5f, 0x20, 0x7, 0xf0, 0x5f, 0x20, 0x7, 0xf0,
    0x5f, 0x20, 0x2d, 0xb0, 0x5f, 0xff, 0xfd, 0x10,
    0x5f, 0x53, 0x6e, 0xb0, 0x5f, 0x20, 0x4, 0xf3,
    0x5f, 0x20, 0x2, 0xf5, 0x5f, 0x20, 0x5, 0xf4,
    0x5f, 0x54, 0x6e, 0xe0, 0x5f, 0xff, 0xea, 0x20,

    /* U+0043 "C" */
    0x0, 0x6d, 0xfa, 0x10, 0x5, 0xf8, 0x5d, 0xb0,
    0xd, 0xa0, 0x4, 0xf2, 0x2f, 0x40, 0x1, 0xf4,
    0x5f, 0x20, 0x0, 0x51, 0x6f, 0x10, 0x0, 0x0,
    0x6f, 0x10, 0x0, 0x0, 0x6f, 0x10, 0x0, 0xc5,
    0x3f, 0x40, 0x1, 0xf5, 0xf, 0x90, 0x5, 0xf1,
    0x7, 0xf8, 0x6e, 0xa0, 0x0, 0x7e, 0xfa, 0x0,

    /* U+0044 "D" */
    0x5f, 0xff, 0xb3, 0x0, 0x5f, 0x55, 0xcf, 0x40,
    0x5f, 0x20, 0xd, 0xc0, 0x5f, 0x20, 0x7, 0xf1,
    0x5f, 0x20, 0x4, 0xf3, 0x5f, 0x20, 0x3, 0xf4,
    0x5f, 0x20, 0x3, 0xf4, 0x5f, 0x20, 0x4, 0xf3,
    0x5f, 0x20, 0x7, 0xf1, 0x5f, 0x20, 0xd, 0xb0,
    0x5f, 0x55, 0xcf, 0x30, 0x5f, 0xff, 0xb2, 0x0,

    /* U+0045 "E" */
    0x2f, 0xff, 0xff, 0xf0, 0x2f, 0x84, 0x44, 0x40,
    0x2f, 0x50, 0x0, 0x0, 0x2f, 0x50, 0x0, 0x0,
    0x2f, 0x50, 0x0, 0x0, 0x2f, 0xff, 0xff, 0x90,
    0x2f, 0x73, 0x33, 0x10, 0x2f, 0x50, 0x0, 0x0,
    0x2f, 0x50, 0x0, 0x0, 0x2f, 0x50, 0x0, 0x0,
    0x2f, 0x74, 0x44, 0x41, 0x2f, 0xff, 0xff, 0xf4,

    /* U+0046 "F" */
    0x4f, 0xff, 0xff, 0xf5, 0x4f, 0x64, 0x44, 0x41,
    0x4f, 0x30, 0x0, 0x0, 0x4f, 0x30, 0x0, 0x0,
    0x4f, 0x30, 0x0, 0x0, 0x4f, 0x30, 0x0, 0x0,
    0x4f, 0xff, 0xff, 0x10, 0x4f, 0x63, 0x33, 0x0,
    0x4f, 0x30, 0x0, 0x0, 0x4f, 0x30, 0x0, 0x0,
    0x4f, 0x30, 0x0, 0x0, 0x4f, 0x30, 0x0, 0x0,

    /* U+0047 "G" */
    0x0, 0x7e, 0xf9, 0x0, 0x6, 0xf7, 0x6f, 0x70,
    0xe, 0x80, 0x8, 0xe0, 0x2f, 0x40, 0x4, 0xf0,
    0x5f, 0x20, 0x0, 0x20, 0x6f, 0x10, 0x0, 0x0,
    0x6f, 0x11, 0xff, 0xf2, 0x6f, 0x10, 0x35, 0xf2,
    0x4f, 0x40, 0x2, 0xf2, 0xf, 0x90, 0x5, 0xf2,
    0x7, 0xf8, 0x6e, 0xf2, 0x0, 0x8e, 0xe7, 0xf2,

    /* U+0048 "H" */
    0x5f, 0x20, 0x5, 0xf2, 0x5f, 0x20, 0x5, 0xf2,
    0x5f, 0x20, 0x5, 0xf2, 0x5f, 0x20, 0x5, 0xf2,
    0x5f, 0x20, 0x5, 0xf2, 0x5f, 0xff, 0xff, 0xf2,
    0x5f, 0x53, 0x37, 0xf2, 0x5f, 0x20, 0x5, 0xf2,
    0x5f, 0x20, 0x5, 0xf2, 0x5f, 0x20, 0x5, 0xf2,
    0x5f, 0x20, 0x5, 0xf2, 0x5f, 0x20, 0x5, 0xf2,

    /* U+0049 "I" */
    0xda, 0xda, 0xda, 0xda, 0xda, 0xda, 0xda, 0xda,
    0xda, 0xda, 0xda, 0xda,

    /* U+004A "J" */
    0x0, 0x0, 0x7, 0xf0, 0x0, 0x0, 0x7f, 0x0,
    0x0, 0x7, 0xf0, 0x0, 0x0, 0x7f, 0x0, 0x0,
    0x7, 0xf0, 0x0, 0x0, 0x7f, 0x0, 0x0, 0x7,
    0xf2, 0xa2, 0x0, 0x7f, 0x2f, 0x40, 0x7, 0xf0,
    0xf7, 0x0, 0xad, 0xa, 0xf7, 0x9f, 0x70, 0x9,
    0xee, 0x80,

    /* U+004B "K" */
    0x5f, 0x20, 0xa, 0xe1, 0x5f, 0x20, 0x5f, 0x50,
    0x5f, 0x21, 0xe9, 0x0, 0x5f, 0x2b, 0xd0, 0x0,
    0x5f, 0x8f, 0x40, 0x0, 0x5f, 0xff, 0x70, 0x0,
    0x5f, 0xca, 0xe0, 0x0, 0x5f, 0x32, 0xf6, 0x0,
    0x5f, 0x20, 0xbe, 0x0, 0x5f, 0x20, 0x3f, 0x60,
    0x5f, 0x20, 0xb, 0xd0, 0x5f, 0x20, 0x3, 0xf6,

    /* U+004C "L" */
    0x4f, 0x30, 0x0, 0x0, 0x4f, 0x30, 0x0, 0x0,
    0x4f, 0x30, 0x0, 0x0, 0x4f, 0x30, 0x0, 0x0,
    0x4f, 0x30, 0x0, 0x0, 0x4f, 0x30, 0x0, 0x0,
    0x4f, 0x30, 0x0, 0x0, 0x4f, 0x30, 0x0, 0x0,
    0x4f, 0x30, 0x0, 0x0, 0x4f, 0x30, 0x0, 0x0,
    0x4f, 0x64, 0x44, 0x41, 0x4f, 0xff, 0xff, 0xf4,

    /* U+004D "M" */
    0x7f, 0x90, 0xb, 0xf5, 0x7f, 0xc0, 0xe, 0xf5,
    0x7f, 0xe0, 0xf, 0xf5, 0x7e, 0xf1, 0x3e, 0xf5,
    0x7d, 0xd4, 0x6b, 0xf5, 0x7d, 0xa6, 0x88, 0xf5,
    0x7d, 0x89, 0xb6, 0xf5, 0x7d, 0x5c, 0xe3, 0xf5,
    0x7d, 0x2f, 0xf0, 0xf5, 0x7d, 0xf, 0xd0, 0xf5,
    0x7d, 0xd, 0xb0, 0xf5, 0x7d, 0xa, 0x80, 0xf5,

    /* U+004E "N" */
    0x6f, 0x60, 0x5, 0xf2, 0x6f, 0xc0, 0x5, 0xf2,
    0x6f, 0xf2, 0x5, 0xf2, 0x6f, 0xd9, 0x5, 0xf2,
    0x6f, 0x7e, 0x5, 0xf2, 0x6f, 0x1f, 0x55, 0xf2,
    0x6f, 0x19, 0xc5, 0xf2, 0x6f, 0x13, 0xf7, 0xf2,
    0x6f, 0x10, 0xdd, 0xf2, 0x6f, 0x10, 0x6f, 0xf2,
    0x6f, 0x10, 0x1f, 0xf2, 0x6f, 0x10, 0xa, 0xf2,

    /* U+004F "O" */
    0x0, 0x9f, 0xe8, 0x0, 0xa, 0xf6, 0x7f, 0x80,
    0x2f, 0x60, 0x9, 0xe0, 0x5f, 0x10, 0x4, 0xf2,
    0x7f, 0x0, 0x2, 0xf4, 0x8f, 0x0, 0x2, 0xf5,
    0x8f, 0x0, 0x2, 0xf5, 0x7f, 0x0, 0x2, 0xf4,
    0x5f, 0x10, 0x4, 0xf2, 0x1f, 0x60, 0x9, 0xe0,
    0xa, 0xf6, 0x7f, 0x70, 0x0, 0x9f, 0xe8, 0x0,

    /* U+0050 "P" */
    0x3f, 0xff, 0xea, 0x10, 0x3f, 0x74, 0x6d, 0xc0,
    0x3f, 0x40, 0x4, 0xf3, 0x3f, 0x40, 0x1, 0xf5,
    0x3f, 0x40, 0x3, 0xf3, 0x3f, 0x40, 0x2b, 0xe0,
    0x3f, 0xff, 0xfe, 0x30, 0x3f, 0x63, 0x20, 0x0,
    0x3f, 0x40, 0x0, 0x0, 0x3f, 0x40, 0x0, 0x0,
    0x3f, 0x40, 0x0, 0x0, 0x3f, 0x40, 0x0, 0x0,

    /* U+0051 "Q" */
    0x0, 0x9f, 0xe8, 0x0, 0xa, 0xf6, 0x7f, 0x80,
    0x2f, 0x60, 0x9, 0xe0, 0x5f, 0x10, 0x4, 0xf2,
    0x7f, 0x0, 0x2, 0xf4, 0x8f, 0x0, 0x2, 0xf5,
    0x8f, 0x0, 0x2, 0xf5, 0x7f, 0x0, 0x73, 0xf4,
    0x5f, 0x10, 0xfb, 0xf2, 0x1f, 0x60, 0x8f, 0xe0,
    0xa, 0xf6, 0x8f, 0x90, 0x0, 0x9f, 0xed, 0xc0,
    0x0, 0x0, 0x2, 0x30,

    /* U+0052 "R" */
    0x5f, 0xff, 0xe9, 0x0, 0x5f, 0x54, 0x7f, 0xb0,
    0x5f, 0x20, 0x7, 0xf1, 0x5f, 0x20, 0x4, 0xf2,
    0x5f, 0x20, 0x6, 0xf1, 0x5f, 0x20, 0x3d, 0xc0,
    0x5f, 0xff, 0xfd, 0x20, 0x5f, 0x54, 0xf5, 0x0,
    0x5f, 0x20, 0xad, 0x0, 0x5f, 0x20, 0x2f, 0x40,
    0x5f, 0x20, 0xb, 0xc0, 0x5f, 0x20, 0x3, 0xf4,

    /* U+0053 "S" */
    0x0, 0x9e, 0xe9, 0x0, 0xa, 0xe6, 0x8f, 0x60,
    0xf, 0x50, 0xa, 0xc0, 0x2f, 0x50, 0x2, 0x50,
    0xd, 0xe4, 0x0, 0x0, 0x2, 0xcf, 0xc3, 0x0,
    0x0, 0x5, 0xdf, 0x50, 0x0, 0x0, 0xb, 0xf0,
    0x5d, 0x0, 0x4, 0xf3, 0x4f, 0x30, 0x5, 0xf1,
    0xd, 0xd5, 0x6e, 0xb0, 0x2, 0xbe, 0xe9, 0x10,

    /* U+0054 "T" */
    0x5f, 0xff, 0xff, 0xf2, 0x14, 0x4d, 0xb4, 0x40,
    0x0, 0xd, 0xa0, 0x0, 0x0, 0xd, 0xa0, 0x0,
    0x0, 0xd, 0xa0, 0x0, 0x0, 0xd, 0xa0, 0x0,
    0x0, 0xd, 0xa0, 0x0, 0x0, 0xd, 0xa0, 0x0,
    0x0, 0xd, 0xa0, 0x0, 0x0, 0xd, 0xa0, 0x0,
    0x0, 0xd, 0xa0, 0x0, 0x0, 0xd, 0xa0, 0x0,

    /* U+0055 "U" */
    0x5f, 0x20, 0x4, 0xf3, 0x5f, 0x20, 0x4, 0xf3,
    0x5f, 0x20, 0x4, 0xf3, 0x5f, 0x20, 0x4, 0xf3,
    0x5f, 0x20, 0x4, 0xf3, 0x5f, 0x20, 0x4, 0xf3,
    0x5f, 0x20, 0x4, 0xf3, 0x5f, 0x20, 0x4, 0xf3,
    0x4f, 0x20, 0x4, 0xf2, 0x2f, 0x40, 0x7, 0xf0,
    0xc, 0xe5, 0x6e, 0xa0, 0x1, 0xbe, 0xea, 0x10,

    /* U+0056 "V" */
    0xbb, 0x0, 0x0, 0xf7, 0x7f, 0x0, 0x3, 0xf3,
    0x3f, 0x30, 0x7, 0xf0, 0xf, 0x70, 0xb, 0xb0,
    0xb, 0xb0, 0xf, 0x70, 0x7, 0xe0, 0x3f, 0x30,
    0x2, 0xf2, 0x6e, 0x0, 0x0, 0xe6, 0xaa, 0x0,
    0x0, 0xaa, 0xe6, 0x0, 0x0, 0x6f, 0xf2, 0x0,
    0x0, 0x2f, 0xe0, 0x0, 0x0, 0xe, 0xa0, 0x0,

    /* U+0057 "W" */
    0xe7, 0xe, 0x90, 0xba, 0xc9, 0xf, 0xb0, 0xd8,
    0xaa, 0x1f, 0xd0, 0xe6, 0x8b, 0x3c, 0xf0, 0xf4,
    0x6d, 0x5a, 0xe3, 0xf2, 0x4e, 0x78, 0xc6, 0xf0,
    0x3f, 0xa6, 0xa9, 0xf0, 0x1f, 0xd4, 0x8d, 0xd0,
    0xf, 0xf2, 0x6f, 0xb0, 0xd, 0xf0, 0x4f, 0x90,
    0xb, 0xe0, 0x2f, 0x70, 0x9, 0xc0, 0xf, 0x50,

    /* U+0058 "X" */
    0x3f, 0x40, 0x8, 0xe0, 0xb, 0xa0, 0xe, 0x70,
    0x4, 0xf1, 0x5f, 0x10, 0x0, 0xd8, 0xc9, 0x0,
    0x0, 0x5f, 0xf2, 0x0, 0x0, 0xe, 0xb0, 0x0,
    0x0, 0x3f, 0xe0, 0x0, 0x0, 0xab, 0xe6, 0x0,
    0x2, 0xf4, 0x8d, 0x0, 0x9, 0xd0, 0x1f, 0x50,
    0x1f, 0x60, 0xa, 0xc0, 0x8e, 0x0, 0x3, 0xf4,

    /* U+0059 "Y" */
    0x8e, 0x0, 0x1, 0xf5, 0x1f, 0x50, 0x8, 0xe0,
    0xa, 0xc0, 0xe, 0x70, 0x3, 0xf2, 0x5f, 0x0,
    0x0, 0xb9, 0xc8, 0x0, 0x0, 0x4f, 0xf2, 0x0,
    0x0, 0xe, 0xb0, 0x0, 0x0, 0xd, 0xa0, 0x0,
    0x0, 0xd, 0xa0, 0x0, 0x0, 0xd, 0xa0, 0x0,
    0x0, 0xd, 0xa0, 0x0, 0x0, 0xd, 0xa0, 0x0,

    /* U+005A "Z" */
    0x1f, 0xff, 0xff, 0xf1, 0x4, 0x44, 0x4b, 0xe0,
    0x0, 0x0, 0x1f, 0x60, 0x0, 0x0, 0x9d, 0x0,
    0x0, 0x2, 0xf5, 0x0, 0x0, 0xa, 0xc0, 0x0,
    0x0, 0x2f, 0x40, 0x0, 0x0, 0xbb, 0x0, 0x0,
    0x3, 0xf3, 0x0, 0x0, 0xc, 0xa0, 0x0, 0x0,
    0x4f, 0x64, 0x44, 0x41, 0x7f, 0xff, 0xff, 0xf4,

    /* U+005B "[" */
    0xdf, 0xff, 0xe, 0x42, 0x20, 0xe3, 0x0, 0xe,
    0x30, 0x0, 0xe3, 0x0, 0xe, 0x30, 0x0, 0xe3,
    0x0, 0xe, 0x30, 0x0, 0xe3, 0x0, 0xe, 0x30,
    0x0, 0xe3, 0x0, 0xe, 0x30, 0x0, 0xe3, 0x0,
    0xe, 0x30, 0x0, 0xef, 0xff, 0x1, 0x22, 0x20,

    /* U+005C "\\" */
    0xe, 0x0, 0x0, 0x0, 0xa, 0x50, 0x0, 0x0,
    0x4, 0xb0, 0x0, 0x0, 0x0, 0xd2, 0x0, 0x0,
    0x0, 0x87, 0x0, 0x0, 0x0, 0x2d, 0x0, 0x0,
    0x0, 0xc, 0x30, 0x0, 0x0, 0x6, 0x90, 0x0,
    0x0, 0x0, 0xe0, 0x0, 0x0, 0x0, 0xa5, 0x0,
    0x0, 0x0, 0x4b, 0x0, 0x0, 0x0, 0xd, 0x20,
    0x0, 0x0, 0x8, 0x70, 0x0, 0x0, 0x2, 0xd0,

    /* U+005D "]" */
    0x3f, 0xff, 0xa0, 0x22, 0x7b, 0x0, 0x6, 0xb0,
    0x0, 0x6b, 0x0, 0x6, 0xb0, 0x0, 0x6b, 0x0,
    0x6, 0xb0, 0x0, 0x6b, 0x0, 0x6, 0xb0, 0x0,
    0x6b, 0x0, 0x6, 0xb0, 0x0, 0x6b, 0x0, 0x6,
    0xb0, 0x0, 0x6b, 0x3f, 0xff, 0xb0, 0x22, 0x21,

    /* U+005E "^" */
    0x0, 0x4f, 0xe1, 0x0, 0x1e, 0x8b, 0xb0, 0xb,
    0x80, 0xb, 0x70,

    /* U+005F "_" */
    0xcc, 0xcc, 0xcc, 0xcb,

    /* U+0060 "`" */
    0x9f, 0x30, 0xa, 0xc0, 0x0, 0xc6,

    /* U+0061 "a" */
    0x1, 0xae, 0xe9, 0x0, 0xa, 0xd4, 0x4e, 0x70,
    0x6, 0x30, 0xb, 0xa0, 0x0, 0x6b, 0xef, 0xb0,
    0xd, 0xd8, 0x59, 0xb0, 0x4f, 0x20, 0xa, 0xb0,
    0x2f, 0x51, 0x8f, 0xb0, 0x7, 0xee, 0xa9, 0xe0,

    /* U+0062 "b" */
    0x4f, 0x0, 0x0, 0x0, 0x4f, 0x0, 0x0, 0x0,
    0x4f, 0x0, 0x0, 0x0, 0x4f, 0x0, 0x0, 0x0,
    0x4f, 0x5e, 0xf8, 0x0, 0x4f, 0xd4, 0x6f, 0x60,
    0x4f, 0x40, 0x9, 0xd0, 0x4f, 0x0, 0x5, 0xf0,
    0x4f, 0x0, 0x5, 0xf0, 0x4f, 0x40, 0x8, 0xd0,
    0x4f, 0xd4, 0x6f, 0x70, 0x4f, 0x6e, 0xe8, 0x0,

    /* U+0063 "c" */
    0x0, 0xaf, 0xe9, 0x0, 0xb, 0xd5, 0x5e, 0x90,
    0x3f, 0x30, 0x5, 0x90, 0x5f, 0x0, 0x0, 0x0,
    0x5f, 0x0, 0x1, 0x30, 0x3f, 0x30, 0x6, 0xf0,
    0xb, 0xd5, 0x5d, 0x90, 0x0, 0xaf, 0xe9, 0x0,

    /* U+0064 "d" */
    0x0, 0x0, 0x6, 0xe0, 0x0, 0x0, 0x6e, 0x0,
    0x0, 0x6, 0xe0, 0x0, 0x0, 0x6e, 0x2, 0xbf,
    0xc8, 0xe0, 0xcd, 0x47, 0xfe, 0x3f, 0x30, 0xa,
    0xe5, 0xf0, 0x0, 0x7e, 0x6f, 0x0, 0x6, 0xe3,
    0xf2, 0x0, 0x9e, 0xd, 0xb2, 0x5f, 0xe0, 0x2b,
    0xfc, 0x9e,

    /* U+0065 "e" */
    0x0, 0x9e, 0xe8, 0x0, 0xa, 0xd3, 0x4e, 0x80,
    0x2f, 0x40, 0x8, 0xe0, 0x4f, 0xff, 0xff, 0xf0,
    0x4f, 0x22, 0x22, 0x20, 0x2f, 0x30, 0x3, 0xa0,
    0xa, 0xd5, 0x4d, 0xb0, 0x0, 0x9e, 0xe9, 0x10,

    /* U+0066 "f" */
    0x0, 0x4, 0xdf, 0xd1, 0x0, 0xf, 0x84, 0x61,
    0x0, 0x2f, 0x10, 0x0, 0x0, 0x3f, 0x10, 0x0,
    0x5f, 0xff, 0xff, 0xa0, 0x1, 0x3f, 0x11, 0x0,
    0x0, 0x3f, 0x10, 0x0, 0x0, 0x3f, 0x10, 0x0,
    0x0, 0x3f, 0x10, 0x0, 0x0, 0x3f, 0x10, 0x0,
    0x0, 0x3f, 0x10, 0x0, 0x0, 0x3f, 0x10, 0x0,

    /* U+0067 "g" */
    0x0, 0x0, 0x0, 0x0, 0x0, 0xaf, 0xd7, 0xd6,
    0x8, 0xc3, 0x8f, 0x21, 0xc, 0x70, 0x1f, 0x20,
    0x9, 0xb0, 0x6f, 0x0, 0x5, 0xff, 0xf5, 0x0,
    0xf, 0x12, 0x0, 0x0, 0xe, 0x93, 0x31, 0x0,
    0x8, 0xff, 0xff, 0xb0, 0x4e, 0x10, 0x4, 0xf1,
    0x9, 0xef, 0xec, 0x60,

    /* U+0068 "h" */
    0x2f, 0x20, 0x0, 0x2, 0xf2, 0x0, 0x0, 0x2f,
    0x20, 0x0, 0x2, 0xf2, 0x0, 0x0, 0x2f, 0x3b,
    0xfd, 0x32, 0xfd, 0x72, 0xbc, 0x2f, 0x90, 0x4,
    0xf2, 0xf4, 0x0, 0x4f, 0x2f, 0x20, 0x4, 0xf2,
    0xf2, 0x0, 0x4f, 0x2f, 0x20, 0x4, 0xf2, 0xf2,
    0x0, 0x4f,

    /* U+0069 "i" */
    0xc8, 0x96, 0x0, 0x0, 0xc8, 0xc8, 0xc8, 0xc8,
    0xc8, 0xc8, 0xc8, 0xc8,

    /* U+006A "j" */
    0x0, 0x8, 0xc0, 0x0, 0x69, 0x0, 0x0, 0x0,
    0x0, 0x0, 0x0, 0x8, 0xc0, 0x0, 0x8c, 0x0,
    0x8, 0xc0, 0x0, 0x8c, 0x0, 0x8, 0xc0, 0x0,
    0x8c, 0x0, 0x8, 0xc0, 0x0, 0x8b, 0x55, 0x4d,
    0x86, 0xff, 0xa0,

    /* U+006B "k" */
    0x1f, 0x30, 0x0, 0x0, 0x1f, 0x30, 0x0, 0x0,
    0x1f, 0x30, 0x0, 0x0, 0x1f, 0x30, 0x0, 0x0,
    0x1f, 0x30, 0x2f, 0x60, 0x1f, 0x31, 0xe8, 0x0,
    0x1f, 0x3d, 0xa0, 0x0, 0x1f, 0xde, 0xd0, 0x0,
    0x1f, 0xc1, 0xe6, 0x0, 0x1f, 0x30, 0x6e, 0x0,
    0x1f, 0x30, 0xe, 0x70, 0x1f, 0x30, 0x6, 0xf1,

    /* U+006C "l" */
    0xb9, 0xb9, 0xb9, 0xb9, 0xb9, 0xb9, 0xb9, 0xb9,
    0xb9, 0xb9, 0xb9, 0xb9,

    /* U+006D "m" */
    0xc9, 0xde, 0x5d, 0xe3, 0xce, 0x4d, 0xf4, 0xc9,
    0xc9, 0xb, 0xa0, 0xaa, 0xc8, 0xb, 0x90, 0xaa,
    0xc8, 0xb, 0x90, 0xaa, 0xc8, 0xb, 0x90, 0xaa,
    0xc8, 0xb, 0x90, 0xaa, 0xc8, 0xb, 0x90, 0xaa,

    /* U+006E "n" */
    0x2f, 0x3b, 0xfd, 0x32, 0xfe, 0x50, 0xac, 0x2f,
    0x80, 0x4, 0xf2, 0xf3, 0x0, 0x4f, 0x2f, 0x20,
    0x4, 0xf2, 0xf2, 0x0, 0x4f, 0x2f, 0x20, 0x4,
    0xf2, 0xf2, 0x0, 0x4f,

    /* U+006F "o" */
    0x0, 0x9f, 0xe8, 0x0, 0xa, 0xe5, 0x5e, 0x80,
    0x2f, 0x40, 0x6, 0xf1, 0x5f, 0x0, 0x2, 0xf3,
    0x5f, 0x0, 0x2, 0xf3, 0x2f, 0x30, 0x5, 0xf1,
    0xa, 0xd5, 0x5e, 0x80, 0x0, 0x9f, 0xe8, 0x0,

    /* U+0070 "p" */
    0x4f, 0x7e, 0xe8, 0x0, 0x4f, 0xc2, 0x4e, 0x70,
    0x4f, 0x30, 0x8, 0xd0, 0x4f, 0x0, 0x5, 0xf0,
    0x4f, 0x10, 0x5, 0xf0, 0x4f, 0x40, 0x9, 0xd0,
    0x4f, 0xd4, 0x6f, 0x60, 0x4f, 0x5e, 0xf8, 0x0,
    0x4f, 0x0, 0x0, 0x0, 0x4f, 0x0, 0x0, 0x0,

    /* U+0071 "q" */
    0x1, 0xbf, 0xc8, 0xe0, 0xdc, 0x47, 0xfe, 0x3f,
    0x20, 0xa, 0xe6, 0xf0, 0x0, 0x6e, 0x5f, 0x0,
    0x6, 0xe3, 0xf3, 0x0, 0xae, 0xc, 0xc4, 0x7f,
    0xe0, 0x2c, 0xfc, 0x8e, 0x0, 0x0, 0x6, 0xe0,
    0x0, 0x0, 0x6e,

    /* U+0072 "r" */
    0x6e, 0x8, 0xe3, 0x6e, 0xbb, 0x61, 0x6f, 0xa0,
    0x0, 0x6f, 0x10, 0x0, 0x6e, 0x0, 0x0, 0x6e,
    0x0, 0x0, 0x6e, 0x0, 0x0, 0x6e, 0x0, 0x0,

    /* U+0073 "s" */
    0x1a, 0xee, 0xa0, 0xac, 0x34, 0xd8, 0xc9, 0x0,
    0x22, 0x6f, 0xc8, 0x40, 0x2, 0x7b, 0xf7, 0x82,
    0x0, 0x8d, 0xbb, 0x33, 0xcb, 0x1a, 0xef, 0xb1,

    /* U+0074 "t" */
    0x0, 0x36, 0x0, 0x0, 0x7, 0xd0, 0x0, 0x0,
    0x7d, 0x0, 0x9, 0xff, 0xff, 0xf6, 0x1, 0x7d,
    0x11, 0x0, 0x7, 0xd0, 0x0, 0x0, 0x7d, 0x0,
    0x0, 0x7, 0xd0, 0x0, 0x0, 0x6d, 0x0, 0x0,
    0x3, 0xf5, 0x46, 0x0, 0x6, 0xef, 0xb0,

    /* U+0075 "u" */
    0x2f, 0x20, 0x4, 0xf2, 0xf2, 0x0, 0x4f, 0x2f,
    0x20, 0x4, 0xf2, 0xf2, 0x0, 0x4f, 0x2f, 0x20,
    0x5, 0xf1, 0xf2, 0x0, 0xaf, 0xe, 0x80, 0x6e,
    0xf0, 0x4e, 0xfa, 0x5f,

    /* U+0076 "v" */
    0x4f, 0x0, 0x4, 0xf0, 0xe, 0x50, 0x9, 0xb0,
    0x9, 0xa0, 0xe, 0x50, 0x4, 0xf0, 0x3f, 0x0,
    0x0, 0xf4, 0x8b, 0x0, 0x0, 0xa9, 0xd6, 0x0,
    0x0, 0x4f, 0xf1, 0x0, 0x0, 0xf, 0xb0, 0x0,

    /* U+0077 "w" */
    0xd7, 0xe, 0xa0, 0xb9, 0xa9, 0xf, 0xc0, 0xd6,
    0x7c, 0x3b, 0xe0, 0xf3, 0x4e, 0x68, 0xc4, 0xf0,
    0x1f, 0x96, 0xa9, 0xc0, 0xd, 0xe3, 0x7e, 0x90,
    0xa, 0xf0, 0x4f, 0x60, 0x7, 0xe0, 0x2f, 0x30,

    /* U+0078 "x" */
    0xe, 0x80, 0xc, 0xb0, 0x5, 0xf1, 0x5f, 0x20,
    0x0, 0xb9, 0xd7, 0x0, 0x0, 0x2f, 0xd0, 0x0,
    0x0, 0x3f, 0xe1, 0x0, 0x0, 0xd8, 0xc9, 0x0,
    0x7, 0xe0, 0x3f, 0x30, 0x2f, 0x50, 0x9, 0xd0,

    /* U+0079 "y" */
    0x5f, 0x10, 0x4, 0xf1, 0xf, 0x60, 0x9, 0xb0,
    0x9, 0xb0, 0xe, 0x50, 0x4, 0xf1, 0x4f, 0x0,
    0x0, 0xe6, 0x9a, 0x0, 0x0, 0x8c, 0xe4, 0x0,
    0x0, 0x3f, 0xe0, 0x0, 0x0, 0xd, 0x90, 0x0,
    0x4, 0x5f, 0x30, 0x0, 0xa, 0xf8, 0x0, 0x0,

    /* U+007A "z" */
    0xe, 0xff, 0xff, 0xa0, 0x1, 0x14, 0xf4, 0x0,
    0x0, 0xd9, 0x0, 0x0, 0xad, 0x0, 0x0, 0x5f,
    0x20, 0x0, 0x2f, 0x60, 0x0, 0xc, 0xb1, 0x11,
    0x2, 0xff, 0xff, 0xff,

    /* U+007B "{" */
    0x2, 0xdb, 0x9, 0xb0, 0xa, 0xa0, 0xa, 0xa0,
    0xa, 0xa0, 0xa, 0x90, 0xb, 0x80, 0x6f, 0x30,
    0xc, 0x80, 0xa, 0x90, 0xa, 0xa0, 0xa, 0xa0,
    0xa, 0xa0, 0x9, 0xb0, 0x3, 0xdb,

    /* U+007C "|" */
    0xb9, 0xb9, 0xb9, 0xb9, 0xb9, 0xb9, 0xb9, 0xb9,
    0xb9, 0xb9, 0xb9, 0xb9, 0xb9, 0xb9, 0xb9, 0xb9,
    0xb9,

    /* U+007D "}" */
    0xd, 0xc1, 0x0, 0xe, 0x60, 0x0, 0xd7, 0x0,
    0xd, 0x70, 0x0, 0xd7, 0x0, 0xc, 0x70, 0x0,
    0xb9, 0x0, 0x6, 0xf3, 0x0, 0xb9, 0x0, 0xc,
    0x70, 0x0, 0xd7, 0x0, 0xd, 0x70, 0x0, 0xd7,
    0x0, 0xe, 0x60, 0xd, 0xc1, 0x0,

    /* U+007E "~" */
    0x0, 0x0, 0x0, 0x0, 0x3, 0xfb, 0x0, 0x71,
    0xc, 0x6b, 0xc4, 0xe0, 0x9, 0x0, 0xbf, 0x70,
    0x0, 0x0, 0x3, 0x0,

    /* U+00B0 "鎺? */
    0x7, 0x70, 0xa4, 0x58, 0xa0, 0xa, 0x87, 0x96,
    0x3, 0x30,

    /* U+00B7 "璺? */
    0x4f, 0xf3, 0x4f, 0xf3, 0x2a, 0xa1,

    /* U+2026 "閳? */
    0x8f, 0xf0, 0x4, 0xff, 0x30, 0x2f, 0xf5, 0x8f,
    0xf0, 0x4, 0xff, 0x30, 0x2f, 0xf5, 0x5a, 0x90,
    0x2, 0xaa, 0x10, 0x1a, 0xa3,

    /* U+4E00 "娑撯偓" */
    0x1a, 0xa9, 0x99, 0x99, 0x99, 0x99, 0x99, 0xa1,
    0x1f, 0xee, 0xee, 0xee, 0xee, 0xee, 0xee, 0xf1,

    /* U+4E09 "娑? */
    0x0, 0x45, 0x44, 0x44, 0x44, 0x44, 0x53, 0x0,
    0xb, 0xee, 0xee, 0xee, 0xee, 0xee, 0xa0, 0x0,
    0x0, 0x0, 0x0, 0x0, 0x0, 0x0, 0x0, 0x0,
    0x0, 0x0, 0x0, 0x0, 0x0, 0x0, 0x0, 0x0,
    0x0, 0x0, 0x0, 0x0, 0x0, 0x0, 0x0, 0x56,
    0x55, 0x55, 0x55, 0x64, 0x0, 0x0, 0xc, 0xee,
    0xee, 0xee, 0xee, 0x90, 0x0, 0x0, 0x0, 0x0,
    0x0, 0x0, 0x0, 0x0, 0x0, 0x0, 0x0, 0x0,
    0x0, 0x0, 0x0, 0x0, 0x0, 0x0, 0x0, 0x0,
    0x0, 0x0, 0x0, 0x0, 0x0, 0x0, 0x0, 0x0,
    0x0, 0x0, 0x1, 0xff, 0xff, 0xff, 0xff, 0xff,
    0xff, 0xff, 0x5, 0x44, 0x44, 0x44, 0x44, 0x44,
    0x45, 0x50,

    /* U+4E0A "娑? */
    0x0, 0x0, 0x0, 0x3b, 0x10, 0x0, 0x0, 0x0,
    0x0, 0x0, 0x0, 0x4f, 0x10, 0x0, 0x0, 0x0,
    0x0, 0x0, 0x0, 0x4f, 0x10, 0x0, 0x0, 0x0,
    0x0, 0x0, 0x0, 0x4f, 0x10, 0x0, 0x0, 0x0,
    0x0, 0x0, 0x0, 0x4f, 0x11, 0x11, 0x11, 0x0,
    0x0, 0x0, 0x0, 0x4f, 0xff, 0xff, 0xff, 0x0,
    0x0, 0x0, 0x0, 0x4f, 0x33, 0x33, 0x33, 0x0,
    0x0, 0x0, 0x0, 0x4f, 0x10, 0x0, 0x0, 0x0,
    0x0, 0x0, 0x0, 0x4f, 0x10, 0x0, 0x0, 0x0,
    0x0, 0x0, 0x0, 0x4f, 0x10, 0x0, 0x0, 0x0,
    0x0, 0x0, 0x0, 0x4f, 0x10, 0x0, 0x0, 0x0,
    0x0, 0x0, 0x0, 0x4f, 0x10, 0x0, 0x0, 0x0,
    0x5, 0x44, 0x44, 0x7f, 0x54, 0x44, 0x44, 0x51,
    0x1f, 0xee, 0xee, 0xee, 0xee, 0xee, 0xee, 0xe2,

    /* U+4E0D "娑? */
    0x0, 0x0, 0x0, 0x0, 0x0, 0x0, 0x0, 0x0,
    0xbf, 0xff, 0xff, 0xff, 0xff, 0xff, 0xff, 0x1,
    0x22, 0x22, 0x26, 0xf3, 0x22, 0x22, 0x20, 0x0,
    0x0, 0x0, 0xd8, 0x0, 0x0, 0x0, 0x0, 0x0,
    0x0, 0x9f, 0x40, 0x0, 0x0, 0x0, 0x0, 0x0,
    0x6e, 0xf4, 0x5d, 0x10, 0x0, 0x0, 0x0, 0x6f,
    0x3f, 0x40, 0xbe, 0x20, 0x0, 0x0, 0x8f, 0x40,
    0xf4, 0x0, 0xbe, 0x30, 0x2, 0xce, 0x30, 0xf,
    0x40, 0x0, 0xcf, 0x30, 0xcb, 0x10, 0x0, 0xf4,
    0x0, 0x0, 0xc4, 0x0, 0x0, 0x0, 0xf, 0x40,
    0x0, 0x0, 0x0, 0x0, 0x0, 0x0, 0xf4, 0x0,
    0x0, 0x0, 0x0, 0x0, 0x0, 0xf, 0x40, 0x0,
    0x0, 0x0, 0x0, 0x0, 0x0, 0xf4, 0x0, 0x0,
    0x0,

    /* U+4E0E "娑? */
    0x0, 0x11, 0x0, 0x0, 0x0, 0x0, 0x0, 0x0,
    0x8e, 0x0, 0x0, 0x0, 0x0, 0x0, 0x0, 0x9a,
    0x0, 0x0, 0x0, 0x0, 0x0, 0x0, 0xbf, 0xee,
    0xee, 0xee, 0xee, 0xf5, 0x0, 0xd7, 0x22, 0x22,
    0x22, 0x22, 0x31, 0x0, 0xf4, 0x0, 0x0, 0x0,
    0x0, 0x0, 0x2, 0xf2, 0x0, 0x0, 0x0, 0x0,
    0x0, 0x4, 0xff, 0xff, 0xff, 0xff, 0xff, 0xe0,
    0x0, 0x0, 0x0, 0x0, 0x0, 0x7, 0xc0, 0x0,
    0x0, 0x0, 0x0, 0x0, 0x9, 0xb0, 0x44, 0x33,
    0x33, 0x33, 0x34, 0xa, 0x90, 0xde, 0xee, 0xee,
    0xee, 0xee, 0x1c, 0x70, 0x0, 0x0, 0x0, 0x0,
    0x0, 0xe, 0x50, 0x0, 0x0, 0x0, 0x0, 0x0,
    0x1f, 0x30, 0x0, 0x0, 0x0, 0x0, 0xac, 0xfd,
    0x0, 0x0, 0x0, 0x0, 0x0, 0x58, 0x50, 0x0,

    /* U+4E2D "娑? */
    0x0, 0x0, 0x0, 0xf7, 0x0, 0x0, 0x0, 0x0,
    0x0, 0xf, 0x60, 0x0, 0x0, 0x0, 0x0, 0x0,
    0xe6, 0x0, 0x0, 0x1, 0xee, 0xee, 0xef, 0xfe,
    0xee, 0xe9, 0x1f, 0x51, 0x11, 0xe7, 0x11, 0x1b,
    0xa1, 0xf4, 0x0, 0xe, 0x60, 0x0, 0xba, 0x1f,
    0x40, 0x0, 0xe6, 0x0, 0xb, 0xa1, 0xf4, 0x0,
    0xe, 0x60, 0x0, 0xba, 0x1f, 0xff, 0xff, 0xff,
    0xff, 0xff, 0xa1, 0xb2, 0x0, 0xe, 0x60, 0x0,
    0x77, 0x0, 0x0, 0x0, 0xe6, 0x0, 0x0, 0x0,
    0x0, 0x0, 0xe, 0x60, 0x0, 0x0, 0x0, 0x0,
    0x0, 0xe6, 0x0, 0x0, 0x0, 0x0, 0x0, 0xe,
    0x60, 0x0, 0x0, 0x0, 0x0, 0x0, 0xf7, 0x0,
    0x0, 0x0,

    /* U+4E34 "娑? */
    0x0, 0x2, 0xf3, 0x0, 0x8a, 0x10, 0x0, 0x0,
    0x0, 0x1, 0xf2, 0x0, 0xea, 0x0, 0x0, 0x0,
    0xc, 0x40, 0xf2, 0x6, 0xf4, 0x22, 0x22, 0x30,
    0xf, 0x50, 0xf2, 0x1e, 0xed, 0xdd, 0xde, 0xe0,
    0xe, 0x40, 0xf2, 0xad, 0x19, 0xa0, 0x0, 0x0,
    0xe, 0x40, 0xf6, 0xe2, 0x1, 0xcd, 0x10, 0x0,
    0xe, 0x40, 0xf2, 0x0, 0x0, 0xa, 0x30, 0x0,
    0xe, 0x40, 0xf2, 0x5f, 0xff, 0xff, 0xff, 0xe0,
    0xe, 0x40, 0xf2, 0x5f, 0x0, 0xf4, 0x6, 0xf0,
    0xe, 0x40, 0xf2, 0x4f, 0x0, 0xf4, 0x6, 0xf0,
    0xe, 0x40, 0xf2, 0x4f, 0x0, 0xf4, 0x6, 0xe0,
    0xf, 0x50, 0xf2, 0x4f, 0x0, 0xf4, 0x6, 0xe0,
    0xa, 0x31, 0xf2, 0x5f, 0xff, 0xff, 0xff, 0xf0,
    0x0, 0x2, 0xf2, 0x5f, 0x0, 0x0, 0x4, 0xc0,

    /* U+4ECD "娴? */
    0x0, 0x0, 0x86, 0x0, 0x0, 0x0, 0x0, 0x0,
    0x0, 0x0, 0xe6, 0xcf, 0xff, 0xff, 0xfa, 0x0,
    0x0, 0x6, 0xe0, 0x11, 0xf5, 0x11, 0xd8, 0x0,
    0x0, 0xd, 0x60, 0x0, 0xf3, 0x0, 0xf5, 0x0,
    0x0, 0x6f, 0x50, 0x0, 0xf3, 0x2, 0xf2, 0x0,
    0x1, 0xef, 0x50, 0x1, 0xf2, 0x5, 0xf3, 0x20,
    0xa, 0xbe, 0x50, 0x2, 0xf0, 0x8, 0xff, 0xf1,
    0x1d, 0x2e, 0x50, 0x5, 0xe0, 0x0, 0x4, 0xf0,
    0x0, 0xe, 0x50, 0x8, 0xc0, 0x0, 0x6, 0xd0,
    0x0, 0xe, 0x50, 0xc, 0x80, 0x0, 0x7, 0xb0,
    0x0, 0xe, 0x50, 0x2f, 0x30, 0x0, 0x9, 0x90,
    0x0, 0xe, 0x50, 0xac, 0x0, 0x0, 0xb, 0x70,
    0x0, 0xe, 0x53, 0xf4, 0x0, 0x0, 0xe, 0x60,
    0x0, 0xe, 0x6e, 0xa0, 0x0, 0xb, 0xef, 0x20,
    0x0, 0xe, 0x55, 0x10, 0x0, 0x6, 0x72, 0x0,

    /* U+4EE5 "娴? */
    0x0, 0x0, 0x23, 0x0, 0x0, 0x12, 0x0, 0x0,
    0x0, 0x9, 0xe2, 0x0, 0x4, 0xf5, 0x0, 0xc,
    0x60, 0xc, 0xd0, 0x0, 0x4f, 0x20, 0x0, 0xe7,
    0x0, 0x1e, 0xa0, 0x5, 0xf0, 0x0, 0xe, 0x70,
    0x0, 0x5d, 0x10, 0x7e, 0x0, 0x0, 0xe7, 0x0,
    0x0, 0x0, 0x9, 0xd0, 0x0, 0xe, 0x70, 0x0,
    0x0, 0x0, 0xba, 0x0, 0x0, 0xe7, 0x0, 0x10,
    0x0, 0xf, 0x70, 0x0, 0xe, 0x70, 0x3f, 0x40,
    0x5, 0xf2, 0x0, 0x0, 0xe7, 0x3f, 0xa0, 0x0,
    0xdd, 0x0, 0x0, 0xe, 0xbf, 0x80, 0x0, 0x9f,
    0xf9, 0x0, 0x0, 0xff, 0x80, 0x1, 0xbf, 0x35,
    0xf8, 0x0, 0x2f, 0x70, 0x5, 0xee, 0x30, 0x5,
    0xf7, 0x0, 0x20, 0x2e, 0xfa, 0x10, 0x0, 0x8,
    0xd0, 0x0, 0x0, 0x83, 0x0, 0x0, 0x0, 0x0,
    0x0,

    /* U+4EEA "娴? */
    0x0, 0x3, 0x91, 0x0, 0x38, 0x0, 0x0, 0x0,
    0x0, 0x8, 0xe0, 0x0, 0x5f, 0x10, 0x0, 0x0,
    0x0, 0xe, 0x70, 0x51, 0x1f, 0x50, 0xe6, 0x0,
    0x0, 0x5f, 0x10, 0xe6, 0xd, 0x82, 0xf3, 0x0,
    0x0, 0xce, 0x0, 0xaa, 0x1, 0x6, 0xe0, 0x0,
    0x6, 0xfe, 0x0, 0x6e, 0x0, 0xb, 0x90, 0x0,
    0x2f, 0xae, 0x0, 0x1f, 0x40, 0xf, 0x40, 0x0,
    0x8, 0x4e, 0x0, 0xa, 0xb0, 0x5e, 0x0, 0x0,
    0x0, 0x4e, 0x0, 0x3, 0xf4, 0xb8, 0x0, 0x0,
    0x0, 0x4e, 0x0, 0x0, 0xae, 0xf1, 0x0, 0x0,
    0x0, 0x4e, 0x0, 0x0, 0x5f, 0xd1, 0x0, 0x0,
    0x0, 0x4e, 0x0, 0x5, 0xf8, 0xce, 0x30, 0x0,
    0x0, 0x4e, 0x1, 0xaf, 0x50, 0xa, 0xfa, 0x30,
    0x0, 0x4f, 0x4f, 0xc2, 0x0, 0x0, 0x6e, 0xf2,
    0x0, 0x4f, 0x5, 0x0, 0x0, 0x0, 0x1, 0x40,

    /* U+4EF0 "娴? */
    0x0, 0x0, 0x0, 0x0, 0x0, 0x0, 0x0, 0x0,
    0x0, 0x5d, 0x0, 0x16, 0x0, 0x0, 0x0, 0x0,
    0xa, 0x91, 0xcf, 0xd4, 0xff, 0xff, 0xd0, 0x2,
    0xf2, 0x1f, 0x40, 0xf, 0x30, 0x5d, 0x0, 0x9f,
    0x1, 0xf3, 0x0, 0xf3, 0x5, 0xd0, 0x2f, 0xf0,
    0x1f, 0x30, 0xf, 0x30, 0x5d, 0xa, 0xcf, 0x1,
    0xf3, 0x0, 0xf3, 0x5, 0xd1, 0xe4, 0xf0, 0x1f,
    0x30, 0xf, 0x30, 0x5d, 0x1, 0x3f, 0x1, 0xf3,
    0x0, 0xf3, 0x5, 0xd0, 0x3, 0xf0, 0x1f, 0x31,
    0x1f, 0x30, 0x5d, 0x0, 0x3f, 0x1, 0xf5, 0xd4,
    0xf3, 0x5, 0xd0, 0x3, 0xf0, 0x1f, 0xf8, 0xf,
    0x33, 0x9c, 0x0, 0x3f, 0x3, 0xf6, 0x0, 0xf3,
    0xcd, 0x60, 0x3, 0xf0, 0x3, 0x0, 0xf, 0x30,
    0x0, 0x0, 0x3f, 0x0, 0x0, 0x0, 0xf3, 0x0,
    0x0, 0x0, 0x20, 0x0, 0x0, 0x0, 0x0, 0x0,

    /* U+4EF6 "娴? */
    0x0, 0x0, 0x10, 0x0, 0x0, 0x0, 0x0, 0x0,
    0x0, 0x2, 0xf2, 0x0, 0x4, 0xf0, 0x0, 0x0,
    0x0, 0x8, 0xc0, 0x46, 0x4, 0xf0, 0x0, 0x0,
    0x0, 0x1f, 0x50, 0x9c, 0x4, 0xf0, 0x0, 0x0,
    0x0, 0x8f, 0x10, 0xd9, 0x36, 0xf3, 0x33, 0x10,
    0x2, 0xff, 0x13, 0xfd, 0xde, 0xfd, 0xde, 0x40,
    0xd, 0xbf, 0x1b, 0xa0, 0x4, 0xf0, 0x0, 0x0,
    0x3c, 0x2f, 0x2c, 0x20, 0x4, 0xf0, 0x0, 0x0,
    0x0, 0x2f, 0x10, 0x0, 0x4, 0xf0, 0x0, 0x0,
    0x0, 0x2f, 0x4f, 0xff, 0xff, 0xff, 0xff, 0xf4,
    0x0, 0x2f, 0x11, 0x11, 0x14, 0xf1, 0x11, 0x10,
    0x0, 0x2f, 0x10, 0x0, 0x4, 0xf0, 0x0, 0x0,
    0x0, 0x2f, 0x10, 0x0, 0x4, 0xf0, 0x0, 0x0,
    0x0, 0x2f, 0x10, 0x0, 0x4, 0xf0, 0x0, 0x0,
    0x0, 0x2f, 0x10, 0x0, 0x4, 0xf0, 0x0, 0x0,
    0x0, 0x1, 0x0, 0x0, 0x0, 0x0, 0x0, 0x0,

    /* U+4F20 "娴? */
    0x0, 0x0, 0x0, 0x0, 0x12, 0x0, 0x0, 0x0,
    0x0, 0x2d, 0x20, 0x6, 0xe0, 0x0, 0x0, 0x0,
    0x8, 0xd0, 0x0, 0x8a, 0x0, 0x0, 0x0, 0x0,
    0xe7, 0x7c, 0xce, 0xec, 0xcc, 0xd1, 0x0, 0x7f,
    0x22, 0x33, 0xe7, 0x33, 0x34, 0x0, 0x1e, 0xf2,
    0x0, 0xf, 0x20, 0x0, 0x0, 0xa, 0xdf, 0x5e,
    0xdd, 0xfd, 0xdd, 0xdd, 0xc4, 0xf4, 0xf2, 0x32,
    0x8c, 0x22, 0x22, 0x22, 0x6, 0x1f, 0x20, 0xb,
    0x80, 0x0, 0x0, 0x0, 0x1, 0xf2, 0x0, 0xff,
    0xff, 0xff, 0x50, 0x0, 0x1f, 0x20, 0x1, 0x11,
    0x18, 0xd0, 0x0, 0x1, 0xf2, 0x0, 0x4, 0x0,
    0xe6, 0x0, 0x0, 0x1f, 0x20, 0x4, 0xfd, 0xae,
    0x0, 0x0, 0x1, 0xf2, 0x0, 0x1, 0x8f, 0xe5,
    0x0, 0x0, 0x2f, 0x20, 0x0, 0x0, 0x2a, 0xf3,
    0x0, 0x0, 0x0, 0x0, 0x0, 0x0, 0x2, 0x0,

    /* U+4F4D "娴? */
    0x0, 0x6, 0x91, 0x0, 0x3c, 0x0, 0x0, 0x0,
    0x0, 0xb, 0xd0, 0x0, 0x1e, 0x80, 0x0, 0x0,
    0x0, 0x1f, 0x60, 0x11, 0x17, 0x71, 0x11, 0x10,
    0x0, 0x7f, 0x25, 0xff, 0xff, 0xff, 0xff, 0xc0,
    0x0, 0xef, 0x10, 0x0, 0x0, 0x0, 0x0, 0x0,
    0x8, 0xff, 0x10, 0x36, 0x0, 0x5, 0xc2, 0x0,
    0x3f, 0x7f, 0x10, 0x6f, 0x0, 0x9, 0xe0, 0x0,
    0x19, 0x2f, 0x10, 0x1f, 0x40, 0xc, 0xa0, 0x0,
    0x0, 0x2f, 0x10, 0xb, 0x90, 0xf, 0x50, 0x0,
    0x0, 0x2f, 0x10, 0x6, 0xe0, 0x3f, 0x10, 0x0,
    0x0, 0x2f, 0x10, 0x2, 0xf2, 0x6d, 0x0, 0x0,
    0x0, 0x2f, 0x10, 0x0, 0x40, 0xb9, 0x0, 0x0,
    0x0, 0x2f, 0x1e, 0xff, 0xff, 0xff, 0xff, 0xf3,
    0x0, 0x2f, 0x13, 0x22, 0x22, 0x22, 0x22, 0x30,
    0x0, 0x3f, 0x10, 0x0, 0x0, 0x0, 0x0, 0x0,

    /* U+4F4E "娴? */
    0x0, 0x0, 0x0, 0x0, 0x0, 0x0, 0x0, 0x0,
    0x0, 0x7, 0xc0, 0x0, 0x0, 0x0, 0x32, 0x0,
    0x0, 0xb, 0x91, 0x56, 0x79, 0xbe, 0xfb, 0x0,
    0x0, 0x1f, 0x33, 0xf9, 0x89, 0xe2, 0x0, 0x0,
    0x0, 0x7f, 0x3, 0xf0, 0x3, 0xe0, 0x0, 0x0,
    0x0, 0xef, 0x3, 0xf0, 0x3, 0xe0, 0x0, 0x0,
    0x7, 0xef, 0x3, 0xf1, 0x13, 0xf1, 0x12, 0x10,
    0x2f, 0x7f, 0x3, 0xfe, 0xee, 0xfe, 0xee, 0x90,
    0x7, 0x3f, 0x3, 0xf0, 0x0, 0xe3, 0x0, 0x0,
    0x0, 0x3f, 0x3, 0xf0, 0x0, 0xc5, 0x0, 0x0,
    0x0, 0x3f, 0x3, 0xf0, 0x0, 0x98, 0x0, 0x0,
    0x0, 0x3f, 0x3, 0xf0, 0x82, 0x5d, 0x0, 0x0,
    0x0, 0x3f, 0x3, 0xf8, 0xe2, 0xf, 0x40, 0x50,
    0x0, 0x3f, 0x4, 0xfe, 0x73, 0x9, 0xd0, 0xf3,
    0x0, 0x3f, 0x5, 0xe2, 0x8e, 0x10, 0xde, 0xe0,
    0x0, 0x3f, 0x0, 0x10, 0xa, 0x30, 0x18, 0x30,

    /* U+4F5C "娴? */
    0x0, 0x0, 0x0, 0x0, 0x0, 0x0, 0x0, 0x0,
    0x0, 0x0, 0xc4, 0x0, 0xaa, 0x0, 0x0, 0x0,
    0x0, 0x5, 0xf5, 0x1, 0xf8, 0x0, 0x0, 0x0,
    0x0, 0xc, 0xc0, 0x8, 0xf1, 0x0, 0x0, 0x10,
    0x0, 0x4f, 0x60, 0x2f, 0xff, 0xff, 0xff, 0xf1,
    0x0, 0xdf, 0x60, 0xbd, 0x2f, 0x10, 0x0, 0x0,
    0x8, 0xef, 0x67, 0xf3, 0x2f, 0x10, 0x0, 0x0,
    0x3f, 0x5f, 0x60, 0x20, 0x2f, 0xff, 0xff, 0x50,
    0x7, 0xf, 0x60, 0x0, 0x2f, 0x21, 0x12, 0x0,
    0x0, 0xf, 0x60, 0x0, 0x2f, 0x10, 0x0, 0x0,
    0x0, 0xf, 0x60, 0x0, 0x2f, 0x10, 0x0, 0x0,
    0x0, 0xf, 0x60, 0x0, 0x2f, 0xff, 0xff, 0xc0,
    0x0, 0xf, 0x60, 0x0, 0x2f, 0x21, 0x11, 0x20,
    0x0, 0xf, 0x60, 0x0, 0x2f, 0x10, 0x0, 0x0,
    0x0, 0xf, 0x60, 0x0, 0x2f, 0x10, 0x0, 0x0,
    0x0, 0xf, 0x60, 0x0, 0x2f, 0x10, 0x0, 0x0,

    /* U+4FBF "娓? */
    0x0, 0x0, 0xd4, 0x0, 0x0, 0x0, 0x0, 0x0,
    0x0, 0x5, 0xf7, 0xff, 0xff, 0xff, 0xff, 0xf2,
    0x0, 0xb, 0x70, 0x0, 0x3, 0xe0, 0x0, 0x0,
    0x0, 0x2f, 0x0, 0xde, 0xee, 0xfe, 0xee, 0x40,
    0x0, 0xae, 0x0, 0xe5, 0x25, 0xe2, 0x2e, 0x40,
    0x4, 0xfe, 0x0, 0xe4, 0x14, 0xe1, 0x1e, 0x40,
    0x1e, 0x9e, 0x0, 0xee, 0xde, 0xfd, 0xdf, 0x40,
    0x5, 0x3e, 0x0, 0xe4, 0x3, 0xe0, 0xe, 0x40,
    0x0, 0x3e, 0x0, 0xef, 0xff, 0xff, 0xff, 0x40,
    0x0, 0x3e, 0x0, 0x65, 0x5, 0xb0, 0x0, 0x0,
    0x0, 0x3e, 0x0, 0x6f, 0x4a, 0x80, 0x0, 0x0,
    0x0, 0x3e, 0x0, 0x8, 0xff, 0x20, 0x0, 0x0,
    0x0, 0x3e, 0x0, 0x4, 0xff, 0xb4, 0x0, 0x0,
    0x0, 0x3f, 0x3, 0xaf, 0x62, 0xaf, 0xfc, 0xa3,
    0x0, 0x4f, 0x1e, 0xb2, 0x0, 0x1, 0x6a, 0xb0,
    0x0, 0x0, 0x1, 0x0, 0x0, 0x0, 0x0, 0x0,

    /* U+4FDD "娣? */
    0x0, 0x2, 0x60, 0x0, 0x0, 0x0, 0x0, 0x0,
    0x0, 0x7, 0xc0, 0x4f, 0xff, 0xff, 0xf5, 0x0,
    0x0, 0xd, 0x50, 0x3e, 0x0, 0x0, 0xd4, 0x0,
    0x0, 0x5f, 0x0, 0x3e, 0x0, 0x0, 0xd4, 0x0,
    0x0, 0xdf, 0x0, 0x4f, 0xdd, 0xdd, 0xf4, 0x0,
    0x8, 0xdf, 0x0, 0x2, 0x2d, 0x72, 0x20, 0x0,
    0x4f, 0x4f, 0x0, 0x0, 0xd, 0x50, 0x0, 0x0,
    0x4, 0x2f, 0x3d, 0xdd, 0xdf, 0xed, 0xdd, 0xb0,
    0x0, 0x2f, 0x4, 0x34, 0xee, 0xf9, 0x33, 0x30,
    0x0, 0x2f, 0x0, 0xa, 0x7d, 0x8e, 0x20, 0x0,
    0x0, 0x2f, 0x0, 0x7c, 0xd, 0x57, 0xe2, 0x0,
    0x0, 0x2f, 0x8, 0xe1, 0xd, 0x50, 0x9f, 0x90,
    0x0, 0x2f, 0x3c, 0x20, 0xd, 0x50, 0x6, 0x80,
    0x0, 0x2f, 0x0, 0x0, 0xd, 0x60, 0x0, 0x0,

    /* U+4FEF "娣? */
    0x0, 0x0, 0x0, 0x0, 0x0, 0x30, 0x0, 0x0,
    0x0, 0x6, 0x90, 0x0, 0x8, 0xf1, 0x0, 0x0,
    0x0, 0xb, 0xc0, 0x0, 0x1, 0xe4, 0x0, 0x0,
    0x0, 0x1f, 0x53, 0xff, 0xff, 0xff, 0xff, 0xf4,
    0x0, 0x8f, 0x3, 0xe2, 0x43, 0x22, 0x37, 0x31,
    0x1, 0xfe, 0x3, 0xe0, 0x7d, 0x0, 0x2f, 0x0,
    0xa, 0xee, 0x3, 0xe0, 0xd6, 0x0, 0x2f, 0x0,
    0x2f, 0x6e, 0x3, 0xd3, 0xf4, 0xcd, 0xef, 0xd6,
    0x2, 0x3e, 0x4, 0xda, 0xf4, 0x33, 0x5f, 0x31,
    0x0, 0x3e, 0x5, 0xc9, 0xd4, 0x83, 0x2f, 0x0,
    0x0, 0x3e, 0x7, 0xa0, 0xd4, 0xa9, 0x2f, 0x0,
    0x0, 0x3e, 0xa, 0x80, 0xd4, 0x4c, 0x2f, 0x0,
    0x0, 0x3e, 0xe, 0x50, 0xd4, 0x0, 0x2f, 0x0,
    0x0, 0x3e, 0x5f, 0x10, 0xd4, 0x0, 0x2f, 0x0,
    0x0, 0x3f, 0x9a, 0x0, 0xd4, 0x5, 0xbe, 0x0,
    0x0, 0x4f, 0x0, 0x0, 0xd4, 0x8, 0xd5, 0x0,
    0x0, 0x0, 0x0, 0x0, 0x0, 0x0, 0x0, 0x0,

    /* U+507F "閸? */
    0x0, 0x1, 0x10, 0x0, 0x0, 0x0, 0x0, 0x0,
    0x0, 0x6e, 0x2, 0x0, 0xf3, 0x1, 0x30, 0x0,
    0xb, 0x94, 0xf2, 0xf, 0x30, 0x9c, 0x0, 0x1,
    0xf3, 0xb, 0xc0, 0xf3, 0x4f, 0x20, 0x0, 0x7f,
    0x10, 0x14, 0xf, 0x32, 0x50, 0x0, 0xe, 0xf4,
    0xff, 0xff, 0xff, 0xff, 0xfc, 0x7, 0xdf, 0x4d,
    0x0, 0x0, 0x0, 0x6, 0xc2, 0xf4, 0xf4, 0xb5,
    0xcc, 0xcc, 0xcd, 0x6b, 0x3, 0x1f, 0x10, 0x13,
    0x33, 0x33, 0x40, 0x0, 0x1, 0xf1, 0x10, 0x0,
    0x0, 0x0, 0x1, 0x0, 0x1f, 0x4e, 0xee, 0xff,
    0xee, 0xee, 0xe0, 0x1, 0xf1, 0x0, 0x2f, 0x30,
    0x40, 0x0, 0x0, 0x1f, 0x10, 0xc, 0x80, 0xd,
    0x90, 0x0, 0x1, 0xf1, 0xa, 0xc1, 0x12, 0x5f,
    0x60, 0x0, 0x1f, 0x18, 0xff, 0xfe, 0xdc, 0xcf,
    0x20, 0x1, 0xf1, 0x14, 0x20, 0x0, 0x0, 0xc3,
    0x0, 0x0, 0x0, 0x0, 0x0, 0x0, 0x0, 0x0,

    /* U+50A8 "閸? */
    0x0, 0x9, 0x70, 0x0, 0x0, 0xb6, 0x0, 0x0,
    0x0, 0xe, 0x81, 0xb0, 0x1, 0xb6, 0x14, 0x20,
    0x0, 0x4f, 0x10, 0xe2, 0x7e, 0xfe, 0xad, 0x80,
    0x0, 0xbd, 0x0, 0xa5, 0x0, 0xb6, 0x5e, 0x0,
    0x3, 0xfc, 0x0, 0x0, 0x0, 0xb6, 0xd6, 0x0,
    0xb, 0xec, 0x6e, 0xd4, 0xee, 0xff, 0xfe, 0xe5,
    0x1d, 0x5c, 0x14, 0xe0, 0x11, 0x7e, 0x31, 0x10,
    0x0, 0x4c, 0x2, 0xe0, 0xf, 0xfe, 0xcc, 0x20,
    0x0, 0x4c, 0x2, 0xe0, 0x9f, 0x52, 0x2e, 0x30,
    0x0, 0x4c, 0x2, 0xe7, 0xef, 0x30, 0xe, 0x30,
    0x0, 0x4c, 0x2, 0xe2, 0x2e, 0xff, 0xff, 0x30,
    0x0, 0x4c, 0x3, 0xfc, 0xe, 0x30, 0xe, 0x30,
    0x0, 0x5c, 0x4, 0xb0, 0xe, 0xdd, 0xdf, 0x30,
    0x0, 0x6d, 0x0, 0x0, 0xf, 0x41, 0x1e, 0x40,

    /* U+50CF "閸? */
    0x0, 0x1, 0x0, 0x0, 0x20, 0x0, 0x0, 0x0,
    0x0, 0x8, 0xd0, 0x7, 0xf2, 0x0, 0x0, 0x0,
    0x0, 0xc, 0x80, 0x2f, 0xda, 0xaa, 0x20, 0x0,
    0x0, 0x2f, 0x21, 0xea, 0x33, 0x8d, 0x0, 0x0,
    0x0, 0x8e, 0x2d, 0xfb, 0xbb, 0xed, 0xbb, 0x20,
    0x0, 0xee, 0x8, 0xe5, 0x2b, 0x82, 0x2e, 0x30,
    0x8, 0xee, 0x0, 0xe3, 0xd, 0x40, 0xe, 0x30,
    0x1f, 0x6e, 0x0, 0xcd, 0xff, 0xdd, 0xdd, 0x30,
    0x3, 0x2e, 0x0, 0x2a, 0xf9, 0x0, 0x83, 0x0,
    0x0, 0x2e, 0xb, 0xe7, 0x7f, 0x8d, 0xc3, 0x0,
    0x0, 0x2e, 0x3, 0x29, 0xb5, 0xf8, 0xa0, 0x0,
    0x0, 0x2e, 0x9, 0xe6, 0x4e, 0xe4, 0xd5, 0x0,
    0x0, 0x2e, 0x4, 0x29, 0xd3, 0xb5, 0x3e, 0x70,
    0x0, 0x2e, 0x8, 0xe8, 0x0, 0xe4, 0x3, 0x40,
    0x0, 0x3f, 0x1, 0x10, 0x6f, 0xb0, 0x0, 0x0,
    0x0, 0x0, 0x0, 0x0, 0x13, 0x0, 0x0, 0x0,

    /* U+5149 "閸? */
    0x0, 0x0, 0x0, 0xa, 0xc0, 0x0, 0x0, 0x0,
    0x0, 0x1, 0x0, 0xa, 0xb0, 0x0, 0x50, 0x0,
    0x0, 0x2f, 0x50, 0xa, 0xb0, 0x4, 0xf6, 0x0,
    0x0, 0xb, 0xf1, 0xa, 0xb0, 0xd, 0xa0, 0x0,
    0x0, 0x2, 0xf8, 0xa, 0xb0, 0x7e, 0x10, 0x0,
    0x0, 0x0, 0x30, 0xa, 0xb0, 0x1, 0x0, 0x0,
    0x1f, 0xff, 0xff, 0xff, 0xff, 0xff, 0xff, 0xf2,
    0x2, 0x11, 0x16, 0xe1, 0x3f, 0x31, 0x11, 0x20,
    0x0, 0x0, 0x7, 0xd0, 0x2f, 0x20, 0x0, 0x0,
    0x0, 0x0, 0xb, 0xa0, 0x2f, 0x20, 0x0, 0x0,
    0x0, 0x0, 0x2f, 0x50, 0x2f, 0x20, 0x0, 0x0,
    0x0, 0x1, 0xdc, 0x0, 0x2f, 0x20, 0x5, 0xa1,
    0x1, 0x7f, 0xd1, 0x0, 0x1f, 0x61, 0x2a, 0xe0,
    0x2f, 0xf8, 0x0, 0x0, 0xb, 0xff, 0xfe, 0x50,
    0x4, 0x10, 0x0, 0x0, 0x0, 0x0, 0x0, 0x0,

    /* U+5165 "閸? */
    0x0, 0x0, 0x8, 0x10, 0x0, 0x0, 0x0, 0x0,
    0x0, 0x0, 0x3e, 0xd1, 0x0, 0x0, 0x0, 0x0,
    0x0, 0x0, 0x1, 0xdd, 0x10, 0x0, 0x0, 0x0,
    0x0, 0x0, 0x0, 0x1e, 0xa0, 0x0, 0x0, 0x0,
    0x0, 0x0, 0x0, 0xb, 0xf2, 0x0, 0x0, 0x0,
    0x0, 0x0, 0x0, 0x2f, 0xda, 0x0, 0x0, 0x0,
    0x0, 0x0, 0x0, 0xab, 0x5f, 0x10, 0x0, 0x0,
    0x0, 0x0, 0x3, 0xf4, 0xe, 0x80, 0x0, 0x0,
    0x0, 0x0, 0xc, 0xb0, 0x7, 0xf1, 0x0, 0x0,
    0x0, 0x0, 0x8f, 0x20, 0x0, 0xeb, 0x0, 0x0,
    0x0, 0x5, 0xf6, 0x0, 0x0, 0x6f, 0xa0, 0x0,
    0x0, 0x6f, 0x80, 0x0, 0x0, 0x9, 0xfc, 0x20,
    0x1a, 0xf9, 0x0, 0x0, 0x0, 0x0, 0x9f, 0xe1,
    0xc, 0x70, 0x0, 0x0, 0x0, 0x0, 0x7, 0x50,
    0x0, 0x0, 0x0, 0x0, 0x0, 0x0, 0x0, 0x0,

    /* U+5173 "閸? */
    0x0, 0x0, 0x0, 0x0, 0x0, 0x0, 0x0, 0x0,
    0x8, 0x70, 0x0, 0x3d, 0x20, 0x0, 0x0, 0x5,
    0xf3, 0x0, 0x9d, 0x0, 0x0, 0x0, 0x0, 0xb6,
    0x0, 0xf5, 0x0, 0x0, 0xc, 0xcc, 0xcc, 0xcd,
    0xfc, 0xcc, 0x80, 0x5, 0x44, 0x44, 0xe7, 0x44,
    0x44, 0x30, 0x0, 0x0, 0x0, 0xe4, 0x0, 0x0,
    0x0, 0x0, 0x0, 0x0, 0xe4, 0x0, 0x0, 0x0,
    0x11, 0x11, 0x11, 0xe6, 0x22, 0x22, 0x31, 0xae,
    0xee, 0xee, 0xff, 0xee, 0xee, 0xe7, 0x0, 0x0,
    0x5, 0xfe, 0x10, 0x0, 0x0, 0x0, 0x0, 0x1d,
    0x8b, 0xc1, 0x0, 0x0, 0x0, 0x1, 0xcc, 0x1,
    0xdd, 0x30, 0x0, 0x0, 0x6e, 0xb1, 0x0, 0x1c,
    0xfb, 0x51, 0x7e, 0xe6, 0x0, 0x0, 0x0, 0x7e,
    0xf7, 0x27, 0x0, 0x0, 0x0, 0x0, 0x0, 0x50,

    /* U+518D "閸? */
    0x0, 0x0, 0x0, 0x0, 0x0, 0x0, 0x0, 0x0,
    0xb, 0xff, 0xff, 0xff, 0xff, 0xff, 0xff, 0x30,
    0x1, 0x11, 0x11, 0x1d, 0x71, 0x11, 0x11, 0x0,
    0x0, 0x0, 0x0, 0xd, 0x60, 0x0, 0x0, 0x0,
    0x0, 0x2f, 0xee, 0xef, 0xfe, 0xee, 0xf0, 0x0,
    0x0, 0x1f, 0x30, 0xd, 0x60, 0x4, 0xf0, 0x0,
    0x0, 0x1f, 0x30, 0xd, 0x60, 0x4, 0xf0, 0x0,
    0x0, 0x1f, 0xff, 0xff, 0xff, 0xff, 0xf0, 0x0,
    0x0, 0x1f, 0x30, 0xd, 0x60, 0x4, 0xf0, 0x0,
    0x11, 0x1f, 0x30, 0xd, 0x60, 0x4, 0xf0, 0x11,
    0x7f, 0xff, 0xff, 0xff, 0xff, 0xff, 0xff, 0xf7,
    0x0, 0x1f, 0x30, 0x0, 0x0, 0x4, 0xf0, 0x0,
    0x0, 0x1f, 0x30, 0x0, 0x0, 0x4, 0xf0, 0x0,
    0x0, 0x1f, 0x30, 0x0, 0x0, 0x5a, 0xf0, 0x0,
    0x0, 0x2f, 0x30, 0x0, 0x0, 0xbe, 0x80, 0x0,
    0x0, 0x0, 0x0, 0x0, 0x0, 0x0, 0x0, 0x0,

    /* U+51C6 "閸? */
    0x0, 0x0, 0x0, 0x19, 0x23, 0xa0, 0x0, 0x0,
    0x7, 0x20, 0x0, 0x6f, 0x11, 0xda, 0x0, 0x0,
    0xa, 0xe2, 0x0, 0xcb, 0x11, 0x46, 0x12, 0x10,
    0x0, 0xae, 0x14, 0xfe, 0xee, 0xfe, 0xee, 0xa0,
    0x0, 0x8, 0xc, 0xf6, 0x0, 0xf5, 0x0, 0x0,
    0x0, 0x0, 0x7f, 0xf7, 0x11, 0xf6, 0x12, 0x0,
    0x0, 0x0, 0x67, 0xee, 0xee, 0xfe, 0xee, 0x30,
    0x0, 0x7, 0x0, 0xe6, 0x0, 0xf5, 0x0, 0x0,
    0x0, 0x5e, 0x0, 0xe6, 0x0, 0xf5, 0x0, 0x0,
    0x0, 0xc8, 0x0, 0xef, 0xff, 0xff, 0xff, 0x30,
    0x3, 0xf2, 0x0, 0xe6, 0x0, 0xf5, 0x0, 0x0,
    0xc, 0xb0, 0x0, 0xe6, 0x0, 0xf5, 0x0, 0x0,
    0x1e, 0x50, 0x0, 0xef, 0xff, 0xff, 0xff, 0xf2,
    0x1, 0x0, 0x0, 0xe7, 0x22, 0x22, 0x22, 0x30,
    0x0, 0x0, 0x0, 0xe6, 0x0, 0x0, 0x0, 0x0,

    /* U+5217 "閸? */
    0x1f, 0xff, 0xff, 0xff, 0xf8, 0x0, 0x6, 0xf0,
    0x0, 0x3, 0xf3, 0x0, 0x0, 0x79, 0x5, 0xf0,
    0x0, 0x6, 0xf0, 0x0, 0x0, 0xac, 0x5, 0xe0,
    0x0, 0xc, 0xfa, 0xaa, 0x50, 0x9c, 0x5, 0xe0,
    0x0, 0x2f, 0x85, 0x5e, 0x60, 0x9c, 0x5, 0xe0,
    0x0, 0xbd, 0x0, 0xf, 0x30, 0x9c, 0x5, 0xe0,
    0x6, 0xf6, 0x70, 0x4f, 0x0, 0x9c, 0x5, 0xe0,
    0xd, 0xa3, 0xeb, 0xab, 0x0, 0x9c, 0x5, 0xe0,
    0x1, 0x0, 0x2d, 0xf5, 0x0, 0xac, 0x5, 0xe0,
    0x0, 0x0, 0xb, 0xd0, 0x0, 0xac, 0x5, 0xe0,
    0x0, 0x0, 0x9f, 0x30, 0x0, 0x0, 0x5, 0xe0,
    0x0, 0x2c, 0xf4, 0x0, 0x0, 0x0, 0x6, 0xe0,
    0x7, 0xfe, 0x30, 0x0, 0x0, 0x1, 0xef, 0xc0,
    0x1, 0x80, 0x0, 0x0, 0x0, 0x0, 0x76, 0x10,

    /* U+5230 "閸? */
    0x0, 0x0, 0x0, 0x0, 0x0, 0x0, 0xf, 0x60,
    0xef, 0xff, 0xff, 0xff, 0x10, 0x0, 0xe6, 0x1,
    0x13, 0xe4, 0x11, 0x10, 0xe5, 0xe, 0x50, 0x0,
    0xad, 0x16, 0x90, 0xe, 0x40, 0xe5, 0x0, 0x6e,
    0x10, 0x4f, 0x40, 0xe4, 0xe, 0x50, 0xaf, 0xa7,
    0x89, 0xee, 0x1e, 0x40, 0xe5, 0x9, 0xca, 0xdd,
    0x75, 0xc3, 0xe4, 0xe, 0x50, 0x0, 0xa, 0xb0,
    0x0, 0xe, 0x40, 0xe5, 0x3, 0x55, 0xbc, 0x55,
    0x40, 0xe4, 0xe, 0x50, 0x7b, 0xae, 0xea, 0xb8,
    0xe, 0x40, 0xe5, 0x0, 0x0, 0xab, 0x0, 0x0,
    0xf4, 0xe, 0x50, 0x0, 0xa, 0xb2, 0x47, 0x22,
    0x0, 0xe5, 0x19, 0xbc, 0xff, 0xfd, 0xb2, 0x0,
    0xf, 0x50, 0xca, 0x74, 0x20, 0x0, 0x0, 0xae,
    0xf3, 0x0, 0x0, 0x0, 0x0, 0x0, 0x5, 0x73,
    0x0,

    /* U+52A1 "閸? */
    0x0, 0x0, 0x8, 0x60, 0x0, 0x0, 0x0, 0x0,
    0x0, 0x0, 0x2f, 0x92, 0x22, 0x22, 0x20, 0x0,
    0x0, 0x0, 0xcf, 0xdc, 0xcc, 0xdf, 0xa0, 0x0,
    0x0, 0xb, 0xdb, 0xb0, 0x0, 0xcd, 0x0, 0x0,
    0x0, 0xdd, 0x11, 0xda, 0x1b, 0xd1, 0x0, 0x0,
    0x0, 0x20, 0x0, 0x1e, 0xfb, 0x0, 0x0, 0x0,
    0x0, 0x1, 0x49, 0xed, 0x9f, 0xb6, 0x42, 0x10,
    0xc, 0xef, 0xe9, 0x3a, 0x31, 0x6b, 0xff, 0xe0,
    0x4, 0x51, 0x0, 0x1f, 0x30, 0x0, 0x2, 0x20,
    0x0, 0x7f, 0xff, 0xff, 0xff, 0xff, 0xf2, 0x0,
    0x0, 0x0, 0x0, 0x8c, 0x0, 0x3, 0xf1, 0x0,
    0x0, 0x0, 0x3, 0xf5, 0x0, 0x4, 0xf0, 0x0,
    0x0, 0x0, 0x7f, 0xa0, 0x0, 0x7, 0xe0, 0x0,
    0x4, 0xaf, 0xd6, 0x0, 0xa, 0xef, 0x90, 0x0,
    0x1, 0xb4, 0x0, 0x0, 0x3, 0x63, 0x0, 0x0,

    /* U+52A8 "閸? */
    0x0, 0x0, 0x0, 0x0, 0x0, 0x75, 0x0, 0x0,
    0x0, 0x0, 0x0, 0x0, 0x0, 0xb9, 0x0, 0x0,
    0x5, 0xdd, 0xdd, 0xe4, 0x0, 0xb7, 0x0, 0x0,
    0x1, 0x43, 0x33, 0x42, 0x22, 0xb9, 0x22, 0x20,
    0x0, 0x0, 0x0, 0x6, 0xfe, 0xff, 0xee, 0xf2,
    0x14, 0x44, 0x44, 0x44, 0x0, 0xb7, 0x1, 0xf0,
    0x3b, 0xbe, 0xeb, 0xbb, 0x0, 0xc6, 0x2, 0xf0,
    0x0, 0xd, 0x50, 0x0, 0x0, 0xe4, 0x3, 0xf0,
    0x0, 0x3e, 0x4, 0x80, 0x0, 0xf2, 0x4, 0xe0,
    0x0, 0xa8, 0x2, 0xf3, 0x3, 0xf0, 0x4, 0xe0,
    0x3, 0xf1, 0x14, 0xdc, 0x8, 0xb0, 0x5, 0xd0,
    0xd, 0xff, 0xfc, 0xaf, 0x5e, 0x50, 0x6, 0xc0,
    0x4, 0x52, 0x0, 0x5, 0xbc, 0x0, 0x8, 0xb0,
    0x0, 0x0, 0x0, 0xa, 0xf2, 0x8, 0xbf, 0x70,
    0x0, 0x0, 0x0, 0x9, 0x40, 0x5, 0x84, 0x0,

    /* U+52A9 "閸? */
    0x0, 0x0, 0x0, 0x0, 0x0, 0x0, 0x0, 0x0,
    0x0, 0x0, 0x0, 0x0, 0x1f, 0x60, 0x0, 0x2,
    0xee, 0xee, 0xe0, 0x1, 0xf5, 0x0, 0x0, 0x2f,
    0x21, 0x6f, 0x0, 0x1f, 0x40, 0x0, 0x2, 0xf1,
    0x5, 0xf0, 0x88, 0xfa, 0x88, 0x40, 0x2f, 0x21,
    0x6f, 0xb, 0xbf, 0xcb, 0xe8, 0x2, 0xfd, 0xde,
    0xf0, 0x1, 0xf3, 0xc, 0x70, 0x2f, 0x10, 0x5f,
    0x0, 0x2f, 0x10, 0xd6, 0x2, 0xf1, 0x5, 0xf0,
    0x4, 0xf0, 0xd, 0x50, 0x2f, 0xff, 0xff, 0x0,
    0x7d, 0x0, 0xe4, 0x2, 0xf1, 0x5, 0xf0, 0xa,
    0xa0, 0xf, 0x30, 0x2f, 0x10, 0x5f, 0x20, 0xf5,
    0x0, 0xf2, 0x2, 0xf7, 0x9d, 0xfa, 0x7e, 0x0,
    0x1f, 0x13, 0xff, 0xd8, 0x40, 0x4f, 0x50, 0x7a,
    0xf0, 0x7, 0x10, 0x0, 0x1d, 0xa0, 0xa, 0xd6,
    0x0, 0x0, 0x0, 0x0, 0x0, 0x0, 0x0, 0x0,

    /* U+5355 "閸? */
    0x0, 0x0, 0x0, 0x0, 0x0, 0x0, 0x0, 0x0,
    0x0, 0x6, 0x70, 0x0, 0x2d, 0x40, 0x0, 0x0,
    0x0, 0x2f, 0x20, 0x9, 0xe1, 0x0, 0x0, 0x0,
    0x11, 0x94, 0x12, 0xf7, 0x11, 0x0, 0x0, 0x2f,
    0xff, 0xff, 0xff, 0xff, 0xf3, 0x0, 0x2, 0xf1,
    0x0, 0xe4, 0x0, 0x1f, 0x30, 0x0, 0x2f, 0x54,
    0x4e, 0x74, 0x45, 0xf3, 0x0, 0x2, 0xfb, 0xbb,
    0xfc, 0xbb, 0xbf, 0x30, 0x0, 0x2f, 0x10, 0xe,
    0x40, 0x1, 0xf3, 0x0, 0x2, 0xff, 0xff, 0xff,
    0xff, 0xff, 0x30, 0x0, 0x0, 0x0, 0xe, 0x50,
    0x0, 0x0, 0x0, 0x43, 0x33, 0x33, 0xe7, 0x33,
    0x33, 0x33, 0x2e, 0xee, 0xee, 0xef, 0xee, 0xee,
    0xee, 0xb0, 0x0, 0x0, 0x0, 0xe4, 0x0, 0x0,
    0x0, 0x0, 0x0, 0x0, 0xe, 0x40, 0x0, 0x0,
    0x0, 0x0, 0x0, 0x0, 0xf5, 0x0, 0x0, 0x0,

    /* U+5361 "閸? */
    0x0, 0x0, 0x0, 0xf, 0x70, 0x0, 0x0, 0x0,
    0x0, 0x0, 0x0, 0xf, 0x60, 0x0, 0x0, 0x0,
    0x0, 0x0, 0x0, 0xf, 0xfe, 0xee, 0xec, 0x0,
    0x0, 0x0, 0x0, 0xf, 0x83, 0x33, 0x33, 0x0,
    0x0, 0x0, 0x0, 0xf, 0x60, 0x0, 0x0, 0x0,
    0x3, 0x22, 0x22, 0x2f, 0x82, 0x22, 0x22, 0x31,
    0x2f, 0xff, 0xff, 0xff, 0xff, 0xff, 0xff, 0xf7,
    0x0, 0x0, 0x0, 0xf, 0x60, 0x0, 0x0, 0x0,
    0x0, 0x0, 0x0, 0xf, 0x68, 0x20, 0x0, 0x0,
    0x0, 0x0, 0x0, 0xf, 0x7c, 0xf7, 0x0, 0x0,
    0x0, 0x0, 0x0, 0xf, 0x60, 0x7f, 0xc1, 0x0,
    0x0, 0x0, 0x0, 0xf, 0x60, 0x4, 0xe6, 0x0,
    0x0, 0x0, 0x0, 0xf, 0x60, 0x0, 0x10, 0x0,
    0x0, 0x0, 0x0, 0xf, 0x70, 0x0, 0x0, 0x0,
    0x0, 0x0, 0x0, 0x1f, 0x80, 0x0, 0x0, 0x0,

    /* U+5386 "閸? */
    0x0, 0x0, 0x0, 0x0, 0x0, 0x0, 0x0, 0x0,
    0x5, 0xff, 0xff, 0xff, 0xff, 0xff, 0xf6, 0x0,
    0x4f, 0x11, 0x11, 0x66, 0x11, 0x11, 0x0, 0x4,
    0xf0, 0x0, 0x9, 0xd0, 0x0, 0x0, 0x0, 0x4f,
    0x0, 0x0, 0x9b, 0x0, 0x0, 0x0, 0x4, 0xf0,
    0x21, 0x1a, 0xa1, 0x11, 0x10, 0x0, 0x4f, 0xf,
    0xff, 0xff, 0xff, 0xff, 0x40, 0x5, 0xe0, 0x0,
    0xc, 0x70, 0x2, 0xf2, 0x0, 0x6d, 0x0, 0x0,
    0xf4, 0x0, 0x3f, 0x10, 0x8, 0xc0, 0x0, 0x3f,
    0x0, 0x4, 0xf0, 0x0, 0xba, 0x0, 0xa, 0xa0,
    0x0, 0x6f, 0x0, 0xe, 0x70, 0x4, 0xf3, 0x0,
    0x7, 0xe0, 0x4, 0xf3, 0x4, 0xf9, 0x0, 0x0,
    0xbc, 0x0, 0xce, 0x8, 0xfb, 0x0, 0x7, 0xff,
    0x80, 0x8, 0x60, 0x18, 0x0, 0x0, 0x17, 0x40,
    0x0,

    /* U+53D6 "閸? */
    0x0, 0x0, 0x0, 0x0, 0x0, 0x0, 0x0, 0x0,
    0x2f, 0xff, 0xff, 0xff, 0xae, 0xdd, 0xdd, 0x30,
    0x0, 0xe3, 0x0, 0xe3, 0x1f, 0x52, 0x3f, 0x20,
    0x0, 0xe3, 0x0, 0xe3, 0xe, 0x40, 0x2f, 0x0,
    0x0, 0xee, 0xdd, 0xf3, 0xc, 0x50, 0x4e, 0x0,
    0x0, 0xe4, 0x11, 0xe3, 0xb, 0x60, 0x7c, 0x0,
    0x0, 0xe3, 0x0, 0xe3, 0x9, 0x90, 0xb8, 0x0,
    0x0, 0xe7, 0x44, 0xe3, 0x5, 0xc0, 0xf4, 0x0,
    0x0, 0xec, 0xbb, 0xf3, 0x1, 0xf7, 0xe0, 0x0,
    0x0, 0xe3, 0x0, 0xe3, 0x0, 0xbf, 0x70, 0x0,
    0x0, 0xe3, 0x2, 0xec, 0xb0, 0x8f, 0x40, 0x0,
    0x4, 0xfc, 0xed, 0xf7, 0x12, 0xfc, 0xd1, 0x0,
    0x1f, 0xb6, 0x10, 0xe3, 0x2d, 0xa0, 0xbe, 0x40,
    0x1, 0x0, 0x0, 0xe4, 0xec, 0x0, 0xc, 0xe1,
    0x0, 0x0, 0x0, 0xf4, 0x20, 0x0, 0x0, 0x20,

    /* U+53EF "閸? */
    0x5f, 0xee, 0xee, 0xee, 0xee, 0xee, 0xee, 0xd1,
    0x32, 0x22, 0x22, 0x22, 0x22, 0xe8, 0x22, 0x0,
    0x0, 0x0, 0x0, 0x0, 0xe, 0x70, 0x0, 0x1,
    0xff, 0xff, 0xfe, 0x0, 0xe7, 0x0, 0x0, 0x1f,
    0x31, 0x16, 0xf0, 0xe, 0x70, 0x0, 0x1, 0xf2,
    0x0, 0x5f, 0x0, 0xe7, 0x0, 0x0, 0x1f, 0x20,
    0x5, 0xf0, 0xe, 0x70, 0x0, 0x1, 0xf3, 0x11,
    0x6f, 0x0, 0xe7, 0x0, 0x0, 0x1f, 0xff, 0xff,
    0xf0, 0xe, 0x70, 0x0, 0x1, 0xf2, 0x0, 0x3b,
    0x0, 0xe7, 0x0, 0x0, 0x4, 0x0, 0x0, 0x0,
    0xe, 0x70, 0x0, 0x0, 0x0, 0x0, 0x0, 0x1,
    0xf7, 0x0, 0x0, 0x0, 0x0, 0x0, 0xf, 0xff,
    0x30, 0x0, 0x0, 0x0, 0x0, 0x0, 0x55, 0x10,
    0x0,

    /* U+53F2 "閸? */
    0x0, 0x0, 0x0, 0x4, 0x20, 0x0, 0x0, 0x0,
    0x0, 0x0, 0x0, 0xc, 0xa0, 0x0, 0x0, 0x0,
    0x0, 0x0, 0x0, 0xc, 0x90, 0x0, 0x0, 0x0,
    0x0, 0xbc, 0xcc, 0xcf, 0xec, 0xcc, 0xc5, 0x0,
    0x0, 0xe9, 0x44, 0x4d, 0xa4, 0x44, 0xf6, 0x0,
    0x0, 0xd7, 0x0, 0xc, 0x80, 0x0, 0xe6, 0x0,
    0x0, 0xd7, 0x0, 0xc, 0x80, 0x0, 0xe6, 0x0,
    0x0, 0xe9, 0x33, 0x3d, 0xa3, 0x33, 0xf6, 0x0,
    0x0, 0xcd, 0xdd, 0xdf, 0xed, 0xdd, 0xd5, 0x0,
    0x0, 0x7, 0x50, 0xe, 0x50, 0x0, 0x0, 0x0,
    0x0, 0x7, 0xf4, 0x2f, 0x20, 0x0, 0x0, 0x0,
    0x0, 0x0, 0x8f, 0xbd, 0x0, 0x0, 0x0, 0x0,
    0x0, 0x0, 0xb, 0xfd, 0x30, 0x0, 0x0, 0x0,
    0x0, 0x37, 0xdd, 0x59, 0xfd, 0xa7, 0x55, 0x50,
    0x2e, 0xfd, 0x60, 0x0, 0x16, 0x9c, 0xef, 0x80,
    0x3, 0x10, 0x0, 0x0, 0x0, 0x0, 0x0, 0x0,

    /* U+53F7 "閸? */
    0x0, 0x7, 0xff, 0xff, 0xff, 0xff, 0x80, 0x0,
    0x0, 0x7, 0xc0, 0x0, 0x0, 0xb, 0x80, 0x0,
    0x0, 0x7, 0xc0, 0x0, 0x0, 0xb, 0x80, 0x0,
    0x0, 0x7, 0xff, 0xff, 0xff, 0xff, 0x80, 0x0,
    0x0, 0x0, 0x0, 0x0, 0x0, 0x0, 0x0, 0x0,
    0xd, 0xcc, 0xcc, 0xcc, 0xcc, 0xcc, 0xcc, 0xd0,
    0x4, 0x33, 0x6f, 0x33, 0x33, 0x33, 0x33, 0x40,
    0x0, 0x0, 0x8c, 0x0, 0x0, 0x0, 0x0, 0x0,
    0x0, 0x0, 0xce, 0xdd, 0xdd, 0xdd, 0xb0, 0x0,
    0x0, 0x0, 0x33, 0x33, 0x33, 0x3b, 0xb0, 0x0,
    0x0, 0x0, 0x0, 0x0, 0x0, 0xb, 0x90, 0x0,
    0x0, 0x0, 0x0, 0x0, 0x0, 0xe, 0x70, 0x0,
    0x0, 0x0, 0x0, 0x2, 0x55, 0x8f, 0x30, 0x0,
    0x0, 0x0, 0x0, 0x2, 0xff, 0xc7, 0x0, 0x0,
    0x0, 0x0, 0x0, 0x0, 0x0, 0x0, 0x0, 0x0,

    /* U+540C "閸? */
    0x6f, 0xff, 0xff, 0xff, 0xff, 0xff, 0xf6, 0x6e,
    0x33, 0x33, 0x33, 0x33, 0x33, 0xe5, 0x6e, 0x3,
    0x22, 0x22, 0x22, 0x30, 0xe5, 0x6e, 0xf, 0xff,
    0xff, 0xff, 0xf1, 0xe5, 0x6e, 0x0, 0x0, 0x0,
    0x0, 0x0, 0xe5, 0x6e, 0x0, 0x22, 0x22, 0x22,
    0x0, 0xe5, 0x6e, 0x0, 0xde, 0xdd, 0xee, 0x0,
    0xe5, 0x6e, 0x0, 0xd5, 0x0, 0x4d, 0x0, 0xe5,
    0x6e, 0x0, 0xd5, 0x0, 0x4e, 0x0, 0xe5, 0x6e,
    0x0, 0xdf, 0xff, 0xfe, 0x0, 0xe5, 0x6e, 0x0,
    0x11, 0x11, 0x11, 0x0, 0xe5, 0x6e, 0x0, 0x0,
    0x0, 0x0, 0x0, 0xe5, 0x6e, 0x0, 0x0, 0x0,
    0x0, 0x5b, 0xf4, 0x7e, 0x0, 0x0, 0x0, 0x0,
    0x3f, 0xc1, 0x0, 0x0, 0x0, 0x0, 0x0, 0x0,
    0x0,

    /* U+540E "閸? */
    0x0, 0x0, 0x0, 0x0, 0x0, 0x1, 0x42, 0x0,
    0x1, 0x44, 0x57, 0x8a, 0xce, 0xff, 0xb0, 0x0,
    0x5f, 0xcb, 0xa9, 0x75, 0x42, 0x0, 0x0, 0x5,
    0xf0, 0x0, 0x0, 0x0, 0x0, 0x0, 0x0, 0x5f,
    0x33, 0x33, 0x33, 0x33, 0x34, 0x40, 0x5, 0xfe,
    0xee, 0xee, 0xee, 0xee, 0xee, 0x0, 0x6e, 0x0,
    0x0, 0x0, 0x0, 0x0, 0x0, 0x7, 0xc0, 0x22,
    0x22, 0x22, 0x22, 0x20, 0x0, 0x9b, 0xe, 0xee,
    0xee, 0xee, 0xfe, 0x0, 0xc, 0x80, 0xe5, 0x0,
    0x0, 0x5, 0xd0, 0x0, 0xf4, 0xe, 0x50, 0x0,
    0x0, 0x5d, 0x0, 0x6f, 0x0, 0xe5, 0x0, 0x0,
    0x5, 0xd0, 0x1e, 0x90, 0xe, 0xff, 0xff, 0xff,
    0xfd, 0x1, 0x61, 0x0, 0xe5, 0x0, 0x0, 0x5,
    0xe0, 0x0, 0x0, 0x1, 0x0, 0x0, 0x0, 0x0,
    0x0,

    /* U+542F "閸? */
    0x0, 0x0, 0x0, 0x0, 0x10, 0x0, 0x0, 0x0,
    0x0, 0x0, 0x8, 0xd0, 0x0, 0x0, 0x0, 0x0,
    0x0, 0x3, 0xf6, 0x0, 0x0, 0x0, 0xe, 0xff,
    0xff, 0xff, 0xff, 0xf6, 0x0, 0xe, 0x30, 0x0,
    0x0, 0x0, 0xe6, 0x0, 0xe, 0x30, 0x0, 0x0,
    0x0, 0xe6, 0x0, 0xe, 0x64, 0x44, 0x44, 0x44,
    0xf6, 0x0, 0xf, 0xdc, 0xcc, 0xcc, 0xcc, 0xc5,
    0x0, 0xf, 0x10, 0x0, 0x0, 0x0, 0x0, 0x0,
    0x4f, 0x6d, 0xdd, 0xdd, 0xdd, 0xd8, 0x0, 0x7e,
    0x6e, 0x22, 0x22, 0x22, 0xc9, 0x0, 0xba, 0x6e,
    0x0, 0x0, 0x0, 0xb9, 0x1, 0xf6, 0x6e, 0x0,
    0x0, 0x0, 0xb9, 0x9, 0xf0, 0x6f, 0xff, 0xff,
    0xff, 0xf9, 0x2f, 0x80, 0x6e, 0x11, 0x11, 0x11,
    0xc9, 0x5, 0x10, 0x6d, 0x0, 0x0, 0x0, 0xb9,

    /* U+5468 "閸? */
    0x0, 0x7f, 0xff, 0xff, 0xff, 0xff, 0xff, 0x0,
    0x7, 0xc0, 0x0, 0x48, 0x0, 0x3, 0xf0, 0x0,
    0x6c, 0x4, 0x48, 0xd4, 0x41, 0x3f, 0x0, 0x6,
    0xc0, 0xcd, 0xdf, 0xcc, 0x43, 0xf0, 0x0, 0x6b,
    0x0, 0x5, 0xc0, 0x0, 0x3f, 0x0, 0x6, 0xb8,
    0xff, 0xff, 0xef, 0xf6, 0xf0, 0x0, 0x8a, 0x0,
    0x0, 0x0, 0x1, 0x4f, 0x0, 0x9, 0x90, 0xef,
    0xff, 0xff, 0x13, 0xf0, 0x0, 0xc7, 0xe, 0x40,
    0x2, 0xf1, 0x3f, 0x0, 0xf, 0x40, 0xe4, 0x0,
    0x1f, 0x13, 0xf0, 0x5, 0xf1, 0xe, 0xff, 0xff,
    0xf1, 0x3f, 0x0, 0xdb, 0x0, 0x0, 0x0, 0x2,
    0x37, 0xe0, 0x1b, 0x40, 0x0, 0x0, 0x0, 0x3f,
    0xe8, 0x0, 0x0, 0x0, 0x0, 0x0, 0x0, 0x0,
    0x0,

    /* U+5668 "閸? */
    0x0, 0x9f, 0xee, 0xf4, 0x5f, 0xee, 0xee, 0x0,
    0x0, 0x88, 0x0, 0xc3, 0x4c, 0x0, 0x3d, 0x0,
    0x0, 0x8e, 0xee, 0xe3, 0x4e, 0xee, 0xed, 0x0,
    0x0, 0x0, 0x0, 0x9, 0x70, 0x38, 0x0, 0x0,
    0x2, 0x54, 0x44, 0x4e, 0xa4, 0x6d, 0x54, 0x40,
    0x4, 0xba, 0xaa, 0xdf, 0xfd, 0xaa, 0xaa, 0xa0,
    0x0, 0x1, 0x49, 0xd4, 0x2c, 0xb6, 0x31, 0x10,
    0xb, 0xfe, 0xa5, 0x0, 0x0, 0x49, 0xcf, 0xf1,
    0x1, 0x8c, 0xcc, 0xc3, 0x3c, 0xcc, 0xcb, 0x0,
    0x0, 0x89, 0x22, 0xd3, 0x3d, 0x22, 0x5d, 0x0,
    0x0, 0x88, 0x0, 0xc3, 0x3c, 0x0, 0x3d, 0x0,
    0x0, 0x8e, 0xdd, 0xf3, 0x3f, 0xdd, 0xed, 0x0,
    0x0, 0x98, 0x0, 0xc4, 0x4c, 0x0, 0x3d, 0x0,
    0x0, 0x0, 0x0, 0x0, 0x0, 0x0, 0x0, 0x0,

    /* U+56DE "閸? */
    0x3f, 0xff, 0xff, 0xff, 0xff, 0xff, 0xf1, 0x3f,
    0x11, 0x11, 0x11, 0x11, 0x12, 0xf1, 0x3f, 0x0,
    0x0, 0x0, 0x0, 0x2, 0xf1, 0x3f, 0x0, 0xef,
    0xff, 0xfe, 0x2, 0xf1, 0x3f, 0x0, 0xe4, 0x0,
    0x4e, 0x2, 0xf1, 0x3f, 0x0, 0xe4, 0x0, 0x4e,
    0x2, 0xf1, 0x3f, 0x0, 0xe4, 0x0, 0x4e, 0x2,
    0xf1, 0x3f, 0x0, 0xed, 0xcc, 0xdf, 0x2, 0xf1,
    0x3f, 0x0, 0x44, 0x44, 0x44, 0x2, 0xf1, 0x3f,
    0x0, 0x0, 0x0, 0x0, 0x2, 0xf1, 0x3f, 0x0,
    0x0, 0x0, 0x0, 0x2, 0xf1, 0x3f, 0xff, 0xff,
    0xff, 0xff, 0xff, 0xf1, 0x3f, 0x0, 0x0, 0x0,
    0x0, 0x2, 0xf1, 0x0, 0x0, 0x0, 0x0, 0x0,
    0x0, 0x10,

    /* U+56FA "閸? */
    0x5f, 0xff, 0xff, 0xff, 0xff, 0xff, 0xfe, 0x5e,
    0x22, 0x22, 0x35, 0x22, 0x22, 0x6e, 0x4e, 0x0,
    0x0, 0x4f, 0x0, 0x0, 0x5e, 0x4e, 0xd, 0xee,
    0xef, 0xee, 0xe5, 0x5e, 0x4e, 0x2, 0x22, 0x6e,
    0x22, 0x21, 0x5e, 0x4e, 0x0, 0x0, 0x4e, 0x0,
    0x0, 0x5e, 0x4e, 0x0, 0xff, 0xff, 0xff, 0x60,
    0x5e, 0x4e, 0x0, 0xf3, 0x11, 0x1d, 0x60, 0x5e,
    0x4e, 0x0, 0xf2, 0x0, 0xd, 0x60, 0x5e, 0x4e,
    0x0, 0xfe, 0xee, 0xef, 0x60, 0x5e, 0x4e, 0x0,
    0x22, 0x22, 0x22, 0x10, 0x5e, 0x5e, 0x44, 0x44,
    0x44, 0x44, 0x44, 0x8e, 0x5f, 0xdd, 0xdd, 0xdd,
    0xdd, 0xdd, 0xee, 0x1, 0x0, 0x0, 0x0, 0x0,
    0x0, 0x0,

    /* U+56FE "閸? */
    0x5f, 0xff, 0xff, 0xff, 0xff, 0xff, 0xf5, 0x4e,
    0x0, 0x6, 0x80, 0x0, 0x0, 0xd5, 0x4e, 0x0,
    0x2f, 0xff, 0xff, 0x30, 0xd5, 0x4e, 0x1, 0xdd,
    0x10, 0xba, 0x0, 0xd5, 0x4e, 0xc, 0x8a, 0xb8,
    0xc0, 0x0, 0xd5, 0x4e, 0x1, 0x3, 0xff, 0x60,
    0x0, 0xd5, 0x4e, 0x16, 0xbe, 0x75, 0xee, 0x93,
    0xd5, 0x4e, 0xc, 0x72, 0xe9, 0x35, 0xb1, 0xd5,
    0x4e, 0x0, 0x0, 0x3b, 0xe0, 0x0, 0xd5, 0x4e,
    0x0, 0x1e, 0xa5, 0x10, 0x0, 0xd5, 0x4e, 0x0,
    0x3, 0x9f, 0xe0, 0x0, 0xd5, 0x4e, 0x22, 0x22,
    0x23, 0x62, 0x22, 0xe5, 0x4f, 0xee, 0xee, 0xee,
    0xee, 0xee, 0xf5, 0x5e, 0x0, 0x0, 0x0, 0x0,
    0x0, 0xd6, 0x1, 0x0, 0x0, 0x0, 0x0, 0x0,
    0x0,

    /* U+5728 "閸? */
    0x0, 0x0, 0x0, 0x4b, 0x10, 0x0, 0x0, 0x0,
    0x0, 0x0, 0x0, 0x9d, 0x0, 0x0, 0x0, 0x0,
    0x2, 0x54, 0x44, 0xea, 0x44, 0x44, 0x44, 0x40,
    0x5, 0xcc, 0xcd, 0xfc, 0xcc, 0xcc, 0xcc, 0xc0,
    0x0, 0x0, 0xa, 0xa0, 0x9, 0x60, 0x0, 0x0,
    0x0, 0x0, 0x2f, 0x20, 0xc, 0x80, 0x0, 0x0,
    0x0, 0x6, 0xd6, 0x0, 0xc, 0x80, 0x0, 0x0,
    0x0, 0x2e, 0xb1, 0xed, 0xdf, 0xed, 0xde, 0x0,
    0x3, 0xef, 0x90, 0x43, 0x3c, 0x93, 0x34, 0x0,
    0x2f, 0xa9, 0x90, 0x0, 0xc, 0x80, 0x0, 0x0,
    0x4, 0x9, 0x90, 0x0, 0xc, 0x80, 0x0, 0x0,
    0x0, 0x9, 0x90, 0x0, 0xc, 0x80, 0x0, 0x0,
    0x0, 0x9, 0x92, 0x22, 0x2c, 0x92, 0x22, 0x30,
    0x0, 0xa, 0x9a, 0xdd, 0xdd, 0xdd, 0xdd, 0xe0,
    0x0, 0xa, 0xa0, 0x0, 0x0, 0x0, 0x0, 0x0,

    /* U+5904 "婢? */
    0x0, 0x0, 0x0, 0x0, 0x0, 0x0, 0x0, 0x0,
    0x0, 0x3, 0xe3, 0x0, 0x0, 0xf3, 0x0, 0x0,
    0x0, 0x6, 0xf0, 0x0, 0x0, 0xf3, 0x0, 0x0,
    0x0, 0xa, 0xb1, 0x11, 0x0, 0xf3, 0x0, 0x0,
    0x0, 0xf, 0xff, 0xff, 0x70, 0xf3, 0x0, 0x0,
    0x0, 0x5f, 0x0, 0xe, 0x50, 0xf6, 0xe2, 0x0,
    0x0, 0xdf, 0x0, 0xf, 0x20, 0xf3, 0xad, 0x10,
    0x6, 0xed, 0x50, 0x4e, 0x0, 0xf3, 0xc, 0xd1,
    0x1f, 0x67, 0xc0, 0x8a, 0x0, 0xf3, 0x2, 0xa0,
    0x4, 0x1, 0xf6, 0xe5, 0x0, 0xf3, 0x0, 0x0,
    0x0, 0x0, 0x7f, 0xe0, 0x0, 0xf3, 0x0, 0x0,
    0x0, 0x0, 0x3f, 0xc1, 0x0, 0xf3, 0x0, 0x0,
    0x0, 0x6, 0xf7, 0xbe, 0x61, 0xa2, 0x0, 0x0,
    0x4, 0xce, 0x40, 0x7, 0xff, 0xca, 0x77, 0x72,
    0x2e, 0xa1, 0x0, 0x0, 0x5, 0x9c, 0xef, 0xd0,
    0x0, 0x0, 0x0, 0x0, 0x0, 0x0, 0x0, 0x0,

    /* U+5907 "婢? */
    0x0, 0x0, 0x0, 0x0, 0x0, 0x0, 0x0, 0x0,
    0x0, 0x0, 0xc4, 0x0, 0x0, 0x0, 0x0, 0x0,
    0x0, 0x7e, 0x32, 0x22, 0x22, 0x0, 0x0, 0x0,
    0x3f, 0xbb, 0xbb, 0xbe, 0xd0, 0x0, 0x0, 0x3e,
    0xea, 0x0, 0x4, 0xf3, 0x0, 0x0, 0x1e, 0x80,
    0xbc, 0x15, 0xe5, 0x0, 0x0, 0x0, 0x10, 0x0,
    0xbf, 0xf4, 0x0, 0x0, 0x0, 0x1, 0x37, 0xce,
    0x9d, 0xea, 0x64, 0x32, 0x4e, 0xfd, 0x95, 0x0,
    0x3, 0x7a, 0xdf, 0x90, 0x41, 0xef, 0xff, 0xff,
    0xff, 0xf3, 0x0, 0x0, 0xd, 0x40, 0xe, 0x30,
    0xf, 0x30, 0x0, 0x0, 0xde, 0xdd, 0xfe, 0xdd,
    0xf3, 0x0, 0x0, 0xd, 0x51, 0x1e, 0x41, 0x1f,
    0x30, 0x0, 0x0, 0xd5, 0x0, 0xe3, 0x0, 0xf3,
    0x0, 0x0, 0xd, 0xff, 0xff, 0xff, 0xff, 0x30,
    0x0, 0x0, 0xe4, 0x0, 0x0, 0x0, 0xf3, 0x0,

    /* U+5931 "婢? */
    0x0, 0x0, 0x0, 0x5, 0x50, 0x0, 0x0, 0x0,
    0x0, 0x2, 0x20, 0xa, 0xa0, 0x0, 0x0, 0x0,
    0x0, 0x9, 0xc0, 0xa, 0x90, 0x0, 0x0, 0x0,
    0x0, 0xe, 0x72, 0x2b, 0xa2, 0x22, 0x32, 0x0,
    0x0, 0x7f, 0xee, 0xef, 0xfe, 0xee, 0xe8, 0x0,
    0x1, 0xe5, 0x0, 0xb, 0x80, 0x0, 0x0, 0x0,
    0x7, 0xb0, 0x0, 0xc, 0x70, 0x0, 0x0, 0x0,
    0x4, 0x54, 0x44, 0x4d, 0x94, 0x44, 0x44, 0x30,
    0xc, 0xcc, 0xcc, 0xcf, 0xfc, 0xcc, 0xcc, 0x80,
    0x0, 0x0, 0x0, 0x6e, 0xe5, 0x0, 0x0, 0x0,
    0x0, 0x0, 0x1, 0xe6, 0x5f, 0x30, 0x0, 0x0,
    0x0, 0x0, 0x2d, 0xa0, 0x8, 0xf7, 0x0, 0x0,
    0x0, 0x7, 0xfa, 0x0, 0x0, 0x6f, 0xe8, 0x30,
    0x8, 0xef, 0x70, 0x0, 0x0, 0x1, 0xaf, 0xb0,
    0x5, 0x81, 0x0, 0x0, 0x0, 0x0, 0x1, 0x10,

    /* U+5934 "婢? */
    0x0, 0x0, 0x0, 0x0, 0x2d, 0x30, 0x0, 0x0,
    0x0, 0x5, 0xe4, 0x0, 0x3f, 0x10, 0x0, 0x0,
    0x0, 0x0, 0x7f, 0xa1, 0x3f, 0x0, 0x0, 0x0,
    0x0, 0x0, 0x3, 0xc1, 0x3f, 0x0, 0x0, 0x0,
    0x1, 0xd7, 0x0, 0x0, 0x4f, 0x0, 0x0, 0x0,
    0x0, 0x7f, 0xd3, 0x0, 0x5d, 0x0, 0x0, 0x0,
    0x0, 0x1, 0xb5, 0x0, 0x6c, 0x0, 0x0, 0x0,
    0x5, 0x44, 0x44, 0x44, 0xac, 0x44, 0x44, 0x51,
    0xf, 0xee, 0xee, 0xee, 0xfe, 0xee, 0xee, 0xe3,
    0x0, 0x0, 0x0, 0x2, 0xf2, 0x0, 0x0, 0x0,
    0x0, 0x0, 0x0, 0xd, 0x92, 0x80, 0x0, 0x0,
    0x0, 0x0, 0x2, 0xdc, 0x3, 0xee, 0x40, 0x0,
    0x0, 0x0, 0x8f, 0x90, 0x0, 0x8, 0xfa, 0x0,
    0x3, 0x9f, 0xd4, 0x0, 0x0, 0x0, 0x4e, 0xb0,
    0x0, 0xa5, 0x0, 0x0, 0x0, 0x0, 0x1, 0x10,

    /* U+59CB "婵? */
    0x0, 0x0, 0x0, 0x0, 0x0, 0x0, 0x0, 0x0,
    0x0, 0x4d, 0x0, 0x0, 0xb, 0x50, 0x0, 0x0,
    0x0, 0x6c, 0x0, 0x0, 0x3f, 0x30, 0x0, 0x0,
    0x0, 0x89, 0x0, 0x0, 0xa9, 0x0, 0x40, 0x0,
    0x4b, 0xed, 0xbb, 0x13, 0xe1, 0x5, 0xf3, 0x0,
    0x37, 0xf8, 0x8f, 0x1d, 0x50, 0x0, 0x9e, 0x10,
    0x0, 0xf0, 0x3e, 0x8f, 0xee, 0xfe, 0xde, 0xc0,
    0x4, 0xd0, 0x6b, 0x26, 0x31, 0x0, 0x1, 0x40,
    0x8, 0x90, 0xa8, 0x1, 0x22, 0x22, 0x22, 0x0,
    0xc, 0x80, 0xe3, 0xd, 0xff, 0xff, 0xff, 0x10,
    0x6, 0xec, 0xe0, 0xc, 0x60, 0x0, 0x3f, 0x0,
    0x0, 0x1f, 0xe2, 0xc, 0x60, 0x0, 0x3f, 0x0,
    0x0, 0x5e, 0x8f, 0x3c, 0x60, 0x0, 0x3f, 0x0,
    0x2, 0xe6, 0x6, 0x1c, 0xff, 0xff, 0xff, 0x0,
    0x2e, 0xb0, 0x0, 0xc, 0x71, 0x11, 0x4f, 0x0,
    0x1b, 0x10, 0x0, 0xd, 0x60, 0x0, 0x3f, 0x10,
    0x0, 0x0, 0x0, 0x0, 0x0, 0x0, 0x0, 0x0,

    /* U+59FF "婵? */
    0x0, 0x0, 0x0, 0x1, 0x20, 0x0, 0x0, 0x0,
    0x1, 0x70, 0x0, 0x8, 0xe1, 0x0, 0x0, 0x0,
    0x2, 0xce, 0x60, 0x3f, 0xed, 0xdd, 0xdd, 0x40,
    0x0, 0x5, 0x83, 0xe8, 0x2f, 0x72, 0x8e, 0x0,
    0x0, 0x0, 0x11, 0x70, 0x3f, 0x60, 0x55, 0x0,
    0x0, 0x2, 0xe4, 0x0, 0xbb, 0xc0, 0x0, 0x0,
    0x0, 0x2e, 0x70, 0x2a, 0xd1, 0x7d, 0x61, 0x0,
    0x3, 0xe8, 0x2c, 0xf8, 0x0, 0x5, 0xef, 0xc0,
    0x4, 0x80, 0x4, 0x42, 0x0, 0x0, 0x4, 0x40,
    0x2, 0x11, 0x12, 0xeb, 0x11, 0x11, 0x12, 0x20,
    0x3e, 0xee, 0xef, 0xfe, 0xee, 0xfe, 0xee, 0xf2,
    0x0, 0x0, 0x4e, 0x10, 0x8, 0xe1, 0x0, 0x0,
    0x0, 0x0, 0x6b, 0xdb, 0x9f, 0x40, 0x0, 0x0,
    0x0, 0x0, 0x0, 0x5e, 0xdd, 0xea, 0x50, 0x0,
    0x1, 0x89, 0xcf, 0xc5, 0x0, 0x17, 0xed, 0x0,
    0x0, 0x87, 0x41, 0x0, 0x0, 0x0, 0x3, 0x0,

    /* U+5B58 "鐎? */
    0x0, 0x0, 0x0, 0x0, 0x0, 0x0, 0x0, 0x0,
    0x0, 0x0, 0x0, 0x6f, 0x20, 0x0, 0x0, 0x0,
    0x0, 0x0, 0x0, 0xca, 0x0, 0x0, 0x0, 0x0,
    0x1, 0xff, 0xff, 0xff, 0xff, 0xff, 0xff, 0xb0,
    0x0, 0x22, 0x1b, 0xa1, 0x11, 0x11, 0x12, 0x10,
    0x0, 0x1, 0x7f, 0x20, 0x0, 0x0, 0x0, 0x0,
    0x0, 0x5, 0xf7, 0x4f, 0xff, 0xff, 0xff, 0x40,
    0x0, 0xd, 0xd0, 0x2, 0x11, 0x16, 0xfb, 0x10,
    0x0, 0xbf, 0xb0, 0x0, 0x0, 0xae, 0x50, 0x0,
    0xa, 0xe7, 0xb1, 0x22, 0x22, 0xf6, 0x22, 0x20,
    0x3, 0x35, 0xb5, 0xff, 0xff, 0xff, 0xff, 0xf2,
    0x0, 0x5, 0xb0, 0x0, 0x0, 0xe5, 0x0, 0x0,
    0x0, 0x5, 0xb0, 0x0, 0x0, 0xe5, 0x0, 0x0,
    0x0, 0x5, 0xb0, 0x0, 0x0, 0xe5, 0x0, 0x0,
    0x0, 0x5, 0xc0, 0x0, 0x36, 0xf4, 0x0, 0x0,
    0x0, 0x0, 0x0, 0x0, 0x6d, 0x90, 0x0, 0x0,

    /* U+5B8C "鐎? */
    0x0, 0x0, 0x0, 0x0, 0x0, 0x0, 0x0, 0x0,
    0x0, 0x0, 0x0, 0x2d, 0x10, 0x0, 0x0, 0x0,
    0x1, 0x11, 0x11, 0x2e, 0xb1, 0x11, 0x11, 0x10,
    0xc, 0xff, 0xff, 0xff, 0xff, 0xff, 0xff, 0xe0,
    0xc, 0x90, 0x0, 0x0, 0x0, 0x0, 0x5, 0xe0,
    0xb, 0x81, 0x43, 0x33, 0x33, 0x34, 0x5, 0xd0,
    0x0, 0x5, 0xee, 0xee, 0xee, 0xee, 0x20, 0x0,
    0x0, 0x0, 0x0, 0x0, 0x0, 0x0, 0x0, 0x0,
    0x1e, 0xdd, 0xdd, 0xdd, 0xdd, 0xdd, 0xdd, 0xe1,
    0x4, 0x33, 0x3d, 0xa3, 0x5f, 0x53, 0x33, 0x40,
    0x0, 0x0, 0xf, 0x70, 0x2f, 0x20, 0x0, 0x0,
    0x0, 0x0, 0x4f, 0x30, 0x2f, 0x20, 0x0, 0x0,
    0x0, 0x0, 0xcc, 0x0, 0x2f, 0x20, 0x3, 0x70,
    0x0, 0x3d, 0xe2, 0x0, 0x2f, 0x62, 0x29, 0xe0,
    0x1c, 0xfc, 0x20, 0x0, 0xc, 0xff, 0xff, 0x50,
    0x5, 0x40, 0x0, 0x0, 0x0, 0x0, 0x0, 0x0,

    /* U+5B9A "鐎? */
    0x0, 0x0, 0x0, 0x4, 0x0, 0x0, 0x0, 0x0,
    0x0, 0x0, 0x0, 0x1f, 0x70, 0x0, 0x0, 0x0,
    0x0, 0x0, 0x0, 0x7, 0x90, 0x0, 0x0, 0x0,
    0x3, 0xee, 0xee, 0xee, 0xee, 0xee, 0xee, 0x50,
    0x3, 0xf2, 0x11, 0x11, 0x11, 0x11, 0x1f, 0x50,
    0x2, 0x90, 0x0, 0x0, 0x0, 0x0, 0x8, 0x30,
    0x0, 0x7, 0xff, 0xff, 0xff, 0xff, 0xf0, 0x0,
    0x0, 0x1, 0x21, 0x16, 0xe1, 0x11, 0x20, 0x0,
    0x0, 0x1, 0x30, 0x5, 0xe0, 0x0, 0x0, 0x0,
    0x0, 0x5, 0xf2, 0x5, 0xe2, 0x22, 0x31, 0x0,
    0x0, 0xb, 0xb0, 0x5, 0xfe, 0xee, 0xe7, 0x0,
    0x0, 0x2f, 0xb0, 0x5, 0xe0, 0x0, 0x0, 0x0,
    0x0, 0xbd, 0xbb, 0x15, 0xe0, 0x0, 0x0, 0x0,
    0x8, 0xf3, 0x9, 0xfc, 0xf4, 0x32, 0x34, 0x50,
    0x3f, 0x60, 0x0, 0x39, 0xce, 0xff, 0xff, 0xb0,
    0x1, 0x0, 0x0, 0x0, 0x0, 0x0, 0x0, 0x0,

    /* U+5B9E "鐎? */
    0x0, 0x0, 0x0, 0x0, 0x0, 0x0, 0x0, 0x0,
    0x0, 0x1, 0xe6, 0x0, 0x0, 0x0, 0x0, 0x0,
    0x0, 0xbc, 0x0, 0x0, 0x0, 0x4f, 0xff, 0xff,
    0xff, 0xff, 0xff, 0xf6, 0x4f, 0x10, 0x0, 0x1,
    0x0, 0x0, 0xf6, 0x4e, 0x5, 0x70, 0x3, 0xf3,
    0x0, 0xc5, 0x0, 0x4, 0xdd, 0x43, 0xf1, 0x0,
    0x0, 0x5, 0x91, 0x7, 0x64, 0xf0, 0x0, 0x0,
    0x2, 0xbf, 0x60, 0x5, 0xd0, 0x0, 0x0, 0x0,
    0x5, 0x50, 0x7, 0xb0, 0x0, 0x0, 0xef, 0xff,
    0xff, 0xff, 0xff, 0xff, 0xfe, 0x22, 0x11, 0x11,
    0x6f, 0x32, 0x11, 0x22, 0x0, 0x0, 0x5, 0xf6,
    0x7d, 0x50, 0x0, 0x0, 0x16, 0xcf, 0x50, 0x18,
    0xfc, 0x40, 0x4c, 0xfe, 0x81, 0x0, 0x0, 0x1a,
    0xf7, 0x7, 0x40, 0x0, 0x0, 0x0, 0x0, 0x41,

    /* U+5BC6 "鐎? */
    0x0, 0x0, 0x0, 0x8, 0x70, 0x0, 0x0, 0x0,
    0x1, 0x33, 0x33, 0x3c, 0xe3, 0x33, 0x33, 0x30,
    0x6, 0xfd, 0xdd, 0xdd, 0xdd, 0xdd, 0xde, 0xf0,
    0x6, 0xe0, 0x0, 0x3e, 0x40, 0x0, 0x5, 0xf0,
    0x2, 0x75, 0x7, 0x38, 0xc0, 0xbc, 0x3, 0x40,
    0x0, 0x8e, 0xf, 0x50, 0x1c, 0xc2, 0x1f, 0x70,
    0x1, 0xe7, 0xf, 0x67, 0xe7, 0x3, 0x17, 0xf3,
    0x0, 0x31, 0x1f, 0xfb, 0x31, 0x1c, 0xe0, 0x40,
    0x4, 0x7b, 0xfe, 0xff, 0xff, 0xfe, 0x40, 0x0,
    0xc, 0xc7, 0x20, 0x2, 0x70, 0x0, 0x0, 0x0,
    0x0, 0xc, 0x50, 0x4, 0xf0, 0x0, 0x5f, 0x0,
    0x0, 0xe, 0x50, 0x4, 0xf0, 0x0, 0x5e, 0x0,
    0x0, 0xe, 0x50, 0x4, 0xf0, 0x0, 0x5e, 0x0,
    0x0, 0xe, 0xff, 0xff, 0xff, 0xff, 0xfe, 0x0,
    0x0, 0x0, 0x0, 0x0, 0x0, 0x0, 0x5f, 0x0,

    /* U+5BF9 "鐎? */
    0x0, 0x0, 0x0, 0x0, 0x0, 0x0, 0xf5, 0x0,
    0x0, 0x0, 0x0, 0x0, 0x0, 0x0, 0xf5, 0x0,
    0x6, 0x99, 0x99, 0x90, 0x0, 0x0, 0xf5, 0x0,
    0x6, 0x88, 0x8a, 0xe1, 0x21, 0x11, 0xf6, 0x20,
    0x0, 0x0, 0x7, 0xba, 0xee, 0xee, 0xfe, 0xe5,
    0x4, 0xa0, 0xa, 0x70, 0x0, 0x0, 0xf5, 0x0,
    0x1, 0xd9, 0xe, 0x31, 0x70, 0x0, 0xf5, 0x0,
    0x0, 0x1e, 0xbe, 0x1, 0xf4, 0x0, 0xf5, 0x0,
    0x0, 0x3, 0xf9, 0x0, 0x8c, 0x0, 0xf5, 0x0,
    0x0, 0x4, 0xff, 0x10, 0x1f, 0x30, 0xf5, 0x0,
    0x0, 0xd, 0x7a, 0xb0, 0x2, 0x0, 0xf5, 0x0,
    0x0, 0xac, 0x1, 0xe6, 0x0, 0x0, 0xf5, 0x0,
    0xb, 0xd1, 0x0, 0x65, 0x0, 0x0, 0xf4, 0x0,
    0x2b, 0x10, 0x0, 0x0, 0x0, 0x8c, 0xf2, 0x0,
    0x0, 0x0, 0x0, 0x0, 0x0, 0x58, 0x30, 0x0,

    /* U+5C31 "鐏? */
    0x0, 0x4, 0x80, 0x0, 0x0, 0x94, 0x0, 0x0,
    0x0, 0x2, 0xe7, 0x0, 0x0, 0xd6, 0x42, 0x0,
    0x5, 0x44, 0x88, 0x44, 0x30, 0xd5, 0x9d, 0x0,
    0xb, 0xaa, 0xaa, 0xaa, 0x80, 0xd4, 0xe, 0x60,
    0x0, 0x22, 0x22, 0x21, 0x22, 0xd6, 0x24, 0x30,
    0x1, 0xfc, 0xcc, 0xea, 0xad, 0xfe, 0xdd, 0xd0,
    0x1, 0xf0, 0x0, 0x79, 0x0, 0xe3, 0x0, 0x0,
    0x1, 0xf2, 0x11, 0x8a, 0x0, 0xfb, 0x80, 0x0,
    0x1, 0xdd, 0xee, 0xd8, 0x1, 0xfa, 0x90, 0x0,
    0x0, 0x30, 0x97, 0x70, 0x4, 0xe9, 0x80, 0x0,
    0x1, 0xf5, 0x97, 0xc9, 0x9, 0xa9, 0x80, 0x0,
    0xa, 0xb0, 0x97, 0x2f, 0x3f, 0x49, 0x80, 0x10,
    0x1d, 0x20, 0x97, 0x2, 0xac, 0x9, 0x80, 0xc5,
    0x0, 0x28, 0xe6, 0x8, 0xf2, 0x7, 0xea, 0xf2,
    0x0, 0xb, 0x80, 0x9, 0x40, 0x0, 0x67, 0x40,

    /* U+5DEE "瀹? */
    0x0, 0x0, 0x1, 0x0, 0x0, 0x20, 0x0, 0x0,
    0x0, 0x0, 0x2f, 0x30, 0x0, 0xe8, 0x0, 0x0,
    0x0, 0x0, 0xa, 0x80, 0x5, 0xe1, 0x0, 0x0,
    0x5, 0xfe, 0xee, 0xee, 0xef, 0xfe, 0xee, 0x80,
    0x0, 0x21, 0x11, 0x3f, 0x31, 0x11, 0x11, 0x10,
    0x0, 0x12, 0x11, 0x6f, 0x11, 0x11, 0x22, 0x0,
    0x0, 0x7e, 0xee, 0xff, 0xee, 0xee, 0xec, 0x0,
    0x0, 0x0, 0x0, 0xe5, 0x0, 0x0, 0x0, 0x0,
    0x1f, 0xff, 0xff, 0xff, 0xff, 0xff, 0xff, 0xf0,
    0x1, 0x0, 0x2f, 0x60, 0x0, 0x0, 0x0, 0x10,
    0x0, 0x0, 0xce, 0x21, 0x11, 0x11, 0x20, 0x0,
    0x0, 0x1c, 0xea, 0xee, 0xff, 0xee, 0xe5, 0x0,
    0x3, 0xdd, 0x20, 0x0, 0x7d, 0x0, 0x0, 0x0,
    0x3f, 0xa2, 0x22, 0x22, 0x8d, 0x22, 0x22, 0x20,
    0x2, 0x7, 0xff, 0xff, 0xff, 0xff, 0xff, 0xb0,

    /* U+5DF2 "瀹? */
    0x0, 0x0, 0x0, 0x0, 0x0, 0x0, 0x0, 0x7f,
    0xff, 0xff, 0xff, 0xff, 0xff, 0x0, 0x13, 0x22,
    0x22, 0x22, 0x22, 0x6f, 0x0, 0x0, 0x0, 0x0,
    0x0, 0x0, 0x4f, 0x0, 0xa, 0x60, 0x0, 0x0,
    0x0, 0x4f, 0x0, 0xe, 0x80, 0x0, 0x0, 0x0,
    0x4f, 0x0, 0xd, 0xff, 0xff, 0xff, 0xff, 0xff,
    0x0, 0xd, 0x81, 0x11, 0x11, 0x11, 0x5f, 0x10,
    0xd, 0x70, 0x0, 0x0, 0x0, 0x1, 0x0, 0xd,
    0x70, 0x0, 0x0, 0x0, 0x0, 0x0, 0xd, 0x70,
    0x0, 0x0, 0x0, 0x0, 0x62, 0xd, 0x70, 0x0,
    0x0, 0x0, 0x0, 0xeb, 0xc, 0xd4, 0x44, 0x44,
    0x44, 0x48, 0xf6, 0x4, 0xde, 0xff, 0xff, 0xff,
    0xfe, 0xa0,

    /* U+5E38 "鐢? */
    0x0, 0x70, 0x0, 0xe5, 0x0, 0x72, 0x0, 0x0,
    0xd8, 0x0, 0xe5, 0x2, 0xf3, 0x0, 0x0, 0x5a,
    0x0, 0xd5, 0xa, 0xa0, 0x0, 0xff, 0xff, 0xff,
    0xff, 0xff, 0xff, 0xf5, 0xe4, 0x0, 0x0, 0x0,
    0x0, 0x0, 0xe5, 0xe4, 0xef, 0xff, 0xff, 0xff,
    0xf3, 0xc4, 0x0, 0xe4, 0x0, 0x0, 0x0, 0xe3,
    0x0, 0x0, 0xee, 0xee, 0xee, 0xee, 0xf3, 0x0,
    0x0, 0x11, 0x11, 0xd6, 0x11, 0x10, 0x0, 0x4,
    0x44, 0x44, 0xe8, 0x44, 0x44, 0x10, 0xe, 0xbb,
    0xbb, 0xfc, 0xbb, 0xbe, 0x60, 0xe, 0x10, 0x0,
    0xd5, 0x0, 0xa, 0x60, 0xe, 0x10, 0x0, 0xd5,
    0x1, 0x2c, 0x50, 0xc, 0x10, 0x0, 0xe5, 0x9,
    0xfc, 0x10, 0x0, 0x0, 0x0, 0xe5, 0x0, 0x0,
    0x0,

    /* U+5E73 "楠? */
    0x0, 0x0, 0x0, 0x0, 0x0, 0x0, 0x0, 0x0,
    0xf, 0xff, 0xff, 0xff, 0xff, 0xff, 0x60, 0x0,
    0x11, 0x11, 0x1d, 0x81, 0x11, 0x20, 0x0, 0x4,
    0xc0, 0x0, 0xd7, 0x0, 0x6e, 0x10, 0x0, 0x1e,
    0xa0, 0xd, 0x70, 0xe, 0x90, 0x0, 0x0, 0x4f,
    0x60, 0xd7, 0xa, 0xe0, 0x0, 0x0, 0x0, 0xa7,
    0xd, 0x72, 0xf3, 0x0, 0x0, 0x11, 0x11, 0x11,
    0xd8, 0x12, 0x11, 0x11, 0x4f, 0xff, 0xff, 0xff,
    0xff, 0xff, 0xff, 0xd0, 0x0, 0x0, 0x0, 0xd7,
    0x0, 0x0, 0x0, 0x0, 0x0, 0x0, 0xd, 0x70,
    0x0, 0x0, 0x0, 0x0, 0x0, 0x0, 0xd7, 0x0,
    0x0, 0x0, 0x0, 0x0, 0x0, 0xd, 0x70, 0x0,
    0x0, 0x0, 0x0, 0x0, 0x0, 0xe7, 0x0, 0x0,
    0x0, 0x0, 0x0, 0x0, 0xe, 0x80, 0x0, 0x0,
    0x0,

    /* U+5E76 "楠? */
    0x0, 0x0, 0x0, 0x0, 0x0, 0x10, 0x0, 0x0,
    0x0, 0x0, 0xc5, 0x0, 0x0, 0xdc, 0x0, 0x0,
    0x0, 0x0, 0xaf, 0x10, 0x1, 0xf6, 0x0, 0x0,
    0x0, 0x0, 0x1e, 0x50, 0x6, 0xf0, 0x0, 0x0,
    0x3, 0xff, 0xff, 0xff, 0xff, 0xff, 0xff, 0x10,
    0x0, 0x33, 0x2f, 0x52, 0x25, 0xf2, 0x23, 0x0,
    0x0, 0x0, 0xf, 0x30, 0x3, 0xf0, 0x0, 0x0,
    0x0, 0x0, 0xf, 0x30, 0x3, 0xf0, 0x0, 0x0,
    0x4, 0x33, 0x3f, 0x63, 0x36, 0xf3, 0x33, 0x40,
    0x2e, 0xee, 0xef, 0xee, 0xee, 0xfe, 0xee, 0xe2,
    0x0, 0x0, 0x4f, 0x0, 0x3, 0xf0, 0x0, 0x0,
    0x0, 0x0, 0x9c, 0x0, 0x3, 0xf0, 0x0, 0x0,
    0x0, 0x5, 0xf4, 0x0, 0x3, 0xf0, 0x0, 0x0,
    0x0, 0x8f, 0x80, 0x0, 0x3, 0xf0, 0x0, 0x0,
    0x5, 0xf6, 0x0, 0x0, 0x3, 0xf0, 0x0, 0x0,
    0x0, 0x10, 0x0, 0x0, 0x0, 0x0, 0x0, 0x0,

    /* U+5EA6 "鎼? */
    0x0, 0x0, 0x0, 0x4, 0xb0, 0x0, 0x0, 0x0,
    0x0, 0x11, 0x11, 0x14, 0xf5, 0x11, 0x12, 0x0,
    0x0, 0xcf, 0xee, 0xee, 0xee, 0xee, 0xee, 0x30,
    0x0, 0xc6, 0x0, 0x84, 0x0, 0x3a, 0x0, 0x0,
    0x0, 0xc6, 0x10, 0xd6, 0x0, 0x4f, 0x1, 0x0,
    0x0, 0xc6, 0xee, 0xfe, 0xee, 0xef, 0xee, 0x40,
    0x0, 0xc6, 0x0, 0xd6, 0x0, 0x4f, 0x0, 0x0,
    0x0, 0xd5, 0x0, 0xdd, 0xbb, 0xcf, 0x0, 0x0,
    0x0, 0xe4, 0x1, 0x44, 0x44, 0x44, 0x0, 0x0,
    0x0, 0xf2, 0x9e, 0xfe, 0xee, 0xef, 0x90, 0x0,
    0x2, 0xf0, 0x0, 0x9a, 0x0, 0x6e, 0x0, 0x0,
    0x6, 0xd0, 0x0, 0xd, 0x85, 0xe3, 0x0, 0x0,
    0xb, 0x80, 0x0, 0x4, 0xff, 0x70, 0x0, 0x0,
    0x2f, 0x24, 0x69, 0xdd, 0x88, 0xdf, 0xcb, 0x90,
    0x3, 0x4, 0xa6, 0x30, 0x0, 0x2, 0x58, 0x70,

    /* U+5F00 "瀵偓" */
    0x0, 0x0, 0x0, 0x0, 0x0, 0x0, 0x0, 0x0,
    0x0, 0xef, 0xff, 0xff, 0xff, 0xff, 0xff, 0x60,
    0x0, 0x22, 0x27, 0xe2, 0x22, 0xf7, 0x22, 0x10,
    0x0, 0x0, 0x6, 0xe0, 0x0, 0xf5, 0x0, 0x0,
    0x0, 0x0, 0x6, 0xe0, 0x0, 0xf5, 0x0, 0x0,
    0x0, 0x0, 0x6, 0xe0, 0x0, 0xf5, 0x0, 0x0,
    0x5, 0x44, 0x48, 0xf4, 0x44, 0xf8, 0x44, 0x51,
    0xe, 0xdd, 0xce, 0xfc, 0xcc, 0xfd, 0xcd, 0xd3,
    0x0, 0x0, 0x9, 0xb0, 0x0, 0xf5, 0x0, 0x0,
    0x0, 0x0, 0xe, 0x70, 0x0, 0xf5, 0x0, 0x0,
    0x0, 0x0, 0x7f, 0x20, 0x0, 0xf5, 0x0, 0x0,
    0x0, 0x4, 0xf8, 0x0, 0x0, 0xf5, 0x0, 0x0,
    0x1, 0x8f, 0xa0, 0x0, 0x0, 0xf6, 0x0, 0x0,
    0x2, 0xb8, 0x0, 0x0, 0x0, 0xf6, 0x0, 0x0,

    /* U+5F02 "瀵? */
    0x0, 0x2f, 0xff, 0xff, 0xff, 0xff, 0xc0, 0x0,
    0x0, 0x2f, 0x20, 0x0, 0x0, 0x7, 0xb0, 0x0,
    0x0, 0x2f, 0xff, 0xff, 0xff, 0xff, 0xc0, 0x0,
    0x0, 0x2f, 0x20, 0x0, 0x0, 0x0, 0x4, 0x0,
    0x0, 0x1f, 0x51, 0x11, 0x11, 0x11, 0x1f, 0x50,
    0x0, 0xb, 0xef, 0xff, 0xff, 0xff, 0xeb, 0x0,
    0x0, 0x0, 0x6, 0x20, 0x0, 0x63, 0x0, 0x0,
    0x0, 0x0, 0xf, 0x50, 0x0, 0xe6, 0x0, 0x0,
    0x1f, 0xff, 0xff, 0xff, 0xff, 0xff, 0xff, 0xf0,
    0x2, 0x11, 0x5f, 0x21, 0x11, 0xd7, 0x12, 0x20,
    0x0, 0x0, 0xc9, 0x0, 0x0, 0xd6, 0x0, 0x0,
    0x2, 0x6d, 0xc0, 0x0, 0x0, 0xd6, 0x0, 0x0,
    0x6, 0xe6, 0x0, 0x0, 0x0, 0xe7, 0x0, 0x0,
    0x0, 0x0, 0x0, 0x0, 0x0, 0x0, 0x0, 0x0,

    /* U+5F0F "瀵? */
    0x0, 0x0, 0x0, 0x0, 0x10, 0x0, 0x0, 0x0,
    0x0, 0x0, 0x0, 0x1, 0xf7, 0x18, 0x0, 0x0,
    0x0, 0x0, 0x0, 0x0, 0xf6, 0x2e, 0xb0, 0x0,
    0x0, 0x0, 0x0, 0x0, 0xf7, 0x3, 0x80, 0x0,
    0x4f, 0xff, 0xff, 0xff, 0xff, 0xff, 0xff, 0x60,
    0x13, 0x22, 0x22, 0x22, 0xca, 0x22, 0x23, 0x10,
    0x0, 0x0, 0x0, 0x0, 0x9b, 0x0, 0x0, 0x0,
    0x1, 0x33, 0x33, 0x33, 0x6e, 0x0, 0x0, 0x0,
    0x6, 0xdd, 0xfe, 0xea, 0x3f, 0x10, 0x0, 0x0,
    0x0, 0x0, 0xe5, 0x0, 0xe, 0x60, 0x0, 0x0,
    0x0, 0x0, 0xe5, 0x0, 0xa, 0xb0, 0x0, 0x0,
    0x0, 0x0, 0xe5, 0x0, 0x5, 0xf2, 0x0, 0x0,
    0x0, 0x0, 0xe8, 0x8c, 0x40, 0xda, 0x6, 0xa1,
    0x6, 0x9c, 0xfc, 0x85, 0x10, 0x4f, 0x78, 0xf0,
    0xb, 0xc6, 0x10, 0x0, 0x0, 0x7, 0xff, 0xb0,
    0x0, 0x0, 0x0, 0x0, 0x0, 0x0, 0x38, 0x20,

    /* U+5F55 "瑜? */
    0x0, 0x1, 0x0, 0x0, 0x0, 0x0, 0x0, 0x0,
    0x0, 0x5f, 0xff, 0xff, 0xff, 0xff, 0xf1, 0x0,
    0x0, 0x0, 0x0, 0x0, 0x0, 0x4, 0xf0, 0x0,
    0x0, 0xc, 0xff, 0xff, 0xff, 0xff, 0xe0, 0x0,
    0x0, 0x1, 0x11, 0x11, 0x11, 0x17, 0xd0, 0x0,
    0x2, 0x21, 0x11, 0x11, 0x11, 0x18, 0xc2, 0x20,
    0xe, 0xee, 0xee, 0xee, 0xfe, 0xee, 0xee, 0xe4,
    0x0, 0x3, 0x0, 0x6, 0xe0, 0x0, 0x20, 0x0,
    0x0, 0x3f, 0x70, 0x6, 0xf2, 0x5, 0xf7, 0x0,
    0x0, 0x3, 0xe5, 0x17, 0xfd, 0x9e, 0x60, 0x0,
    0x0, 0x0, 0x27, 0xe9, 0xe9, 0xf3, 0x0, 0x0,
    0x0, 0x18, 0xeb, 0x36, 0xe0, 0xae, 0x40, 0x0,
    0xa, 0xfc, 0x40, 0x6, 0xe0, 0x7, 0xfd, 0x81,
    0x4, 0x50, 0x0, 0x8d, 0xd0, 0x0, 0x2a, 0xc0,
    0x0, 0x0, 0x0, 0x89, 0x30, 0x0, 0x0, 0x0,

    /* U+5F85 "瀵? */
    0x0, 0x0, 0xc3, 0x0, 0xc, 0x70, 0x0, 0x0,
    0x0, 0xa, 0xb0, 0x0, 0xc, 0x60, 0x0, 0x0,
    0x0, 0x9d, 0x10, 0xce, 0xef, 0xfe, 0xfb, 0x0,
    0xa, 0xe1, 0x42, 0x12, 0x1c, 0x71, 0x11, 0x0,
    0x6, 0x20, 0xe8, 0x0, 0xc, 0x60, 0x0, 0x0,
    0x0, 0xa, 0xd7, 0xed, 0xdf, 0xed, 0xdd, 0xd5,
    0x0, 0x5f, 0x51, 0x33, 0x22, 0x26, 0xe2, 0x31,
    0x3, 0xff, 0x50, 0x0, 0x0, 0x4, 0xe0, 0x0,
    0x2f, 0x7e, 0x59, 0xff, 0xff, 0xff, 0xff, 0xf2,
    0x5, 0xe, 0x51, 0x25, 0x11, 0x15, 0xe1, 0x20,
    0x0, 0xe, 0x50, 0x2f, 0x60, 0x4, 0xe0, 0x0,
    0x0, 0xe, 0x50, 0xa, 0xf1, 0x4, 0xe0, 0x0,
    0x0, 0xe, 0x50, 0x1, 0x70, 0x5, 0xe0, 0x0,
    0x0, 0xe, 0x50, 0x0, 0x2, 0xcf, 0xc0, 0x0,
    0x0, 0xe, 0x50, 0x0, 0x0, 0xb8, 0x10, 0x0,

    /* U+6001 "閹? */
    0x0, 0x0, 0x0, 0x1, 0x0, 0x0, 0x0, 0x0,
    0x0, 0x0, 0x0, 0x5f, 0x20, 0x0, 0x0, 0x0,
    0x0, 0x0, 0x0, 0x8d, 0x0, 0x0, 0x0, 0x0,
    0xe, 0xff, 0xff, 0xff, 0xff, 0xff, 0xff, 0x80,
    0x3, 0x32, 0x26, 0xf4, 0x4f, 0x42, 0x23, 0x10,
    0x0, 0x0, 0xc, 0xa0, 0xa, 0xa0, 0x0, 0x0,
    0x0, 0x0, 0xbd, 0x82, 0x1, 0xe9, 0x0, 0x0,
    0x0, 0x3d, 0xd2, 0xaf, 0x30, 0x2e, 0xc5, 0x0,
    0xb, 0xfa, 0x10, 0x9, 0x30, 0x1, 0x9f, 0xb0,
    0x5, 0x50, 0x0, 0x1, 0x40, 0x0, 0x1, 0x10,
    0x0, 0x71, 0x19, 0x26, 0xe0, 0x0, 0xb4, 0x0,
    0x2, 0xf4, 0x2f, 0x30, 0xd4, 0x0, 0x8e, 0x10,
    0x7, 0xd0, 0x1f, 0x30, 0x0, 0x18, 0x1d, 0xb0,
    0xe, 0x70, 0x1f, 0x73, 0x33, 0x9f, 0x23, 0x60,
    0x6, 0x10, 0xb, 0xef, 0xff, 0xe7, 0x0, 0x0,

    /* U+6027 "閹? */
    0x0, 0x2, 0x0, 0x0, 0x0, 0x0, 0x0, 0x0,
    0x0, 0xf, 0x30, 0x0, 0x0, 0xe5, 0x0, 0x0,
    0x0, 0xf, 0x30, 0x7, 0x40, 0xe5, 0x0, 0x0,
    0x0, 0xf, 0x30, 0xd, 0x60, 0xe5, 0x0, 0x0,
    0x2, 0x1f, 0x87, 0xf, 0x62, 0xe6, 0x23, 0x10,
    0xc, 0x5f, 0x7e, 0x4f, 0xee, 0xfe, 0xee, 0x70,
    0xf, 0x2f, 0x3d, 0xbb, 0x0, 0xe5, 0x0, 0x0,
    0x2f, 0xf, 0x30, 0xe5, 0x0, 0xe5, 0x0, 0x0,
    0x27, 0xf, 0x30, 0x41, 0x0, 0xe5, 0x0, 0x0,
    0x0, 0xf, 0x30, 0xd, 0xff, 0xff, 0xff, 0x50,
    0x0, 0xf, 0x30, 0x1, 0x11, 0xe5, 0x11, 0x0,
    0x0, 0xf, 0x30, 0x0, 0x0, 0xe5, 0x0, 0x0,
    0x0, 0xf, 0x30, 0x0, 0x0, 0xe5, 0x0, 0x0,
    0x0, 0xf, 0x30, 0x11, 0x11, 0xe5, 0x11, 0x10,
    0x0, 0xf, 0x30, 0xff, 0xff, 0xff, 0xff, 0xf1,
    0x0, 0xf, 0x30, 0x0, 0x0, 0x0, 0x0, 0x0,

    /* U+603B "閹? */
    0x0, 0x0, 0x81, 0x0, 0x1, 0xb3, 0x0, 0x0,
    0x0, 0x0, 0xad, 0x0, 0x6, 0xf1, 0x0, 0x0,
    0x0, 0x0, 0xd, 0x30, 0xc, 0x80, 0x0, 0x0,
    0x0, 0xf, 0xff, 0xff, 0xff, 0xff, 0xe0, 0x0,
    0x0, 0xf, 0x20, 0x0, 0x0, 0x4, 0xe0, 0x0,
    0x0, 0xf, 0x20, 0x0, 0x0, 0x4, 0xe0, 0x0,
    0x0, 0xf, 0x31, 0x11, 0x11, 0x15, 0xe0, 0x0,
    0x0, 0xf, 0xff, 0xff, 0xff, 0xff, 0xe0, 0x0,
    0x0, 0x0, 0x0, 0x5, 0x0, 0x0, 0x0, 0x0,
    0x0, 0xa2, 0x68, 0xd, 0x80, 0x1, 0xc3, 0x0,
    0x2, 0xf1, 0x8b, 0x2, 0xf4, 0x0, 0x8e, 0x20,
    0x7, 0xc0, 0x7a, 0x0, 0x30, 0x4, 0xa, 0xe0,
    0xd, 0x60, 0x7c, 0x0, 0x0, 0x2f, 0x50, 0x50,
    0x4, 0x10, 0x4f, 0xff, 0xff, 0xfb, 0x0, 0x0,
    0x0, 0x0, 0x0, 0x0, 0x0, 0x0, 0x0, 0x0,

    /* U+60EF "閹? */
    0x0, 0x3f, 0x0, 0x0, 0x0, 0x0, 0x0, 0x0,
    0x0, 0x2e, 0x0, 0x1f, 0xdd, 0xfd, 0xdf, 0x50,
    0x0, 0x2e, 0x0, 0x3e, 0x12, 0xf1, 0x1d, 0x50,
    0x3, 0x3e, 0x29, 0xef, 0xee, 0xfe, 0xef, 0xe9,
    0xc, 0x7e, 0x97, 0x5b, 0x4, 0xc0, 0xf, 0x10,
    0xf, 0x4e, 0x5c, 0x6e, 0xab, 0xea, 0xaf, 0x0,
    0x3e, 0x2e, 0x2, 0x13, 0x33, 0x33, 0x33, 0x0,
    0x0, 0x2e, 0x0, 0x2d, 0xdd, 0xdd, 0xdd, 0x30,
    0x0, 0x2e, 0x0, 0x2f, 0x0, 0x10, 0xf, 0x40,
    0x0, 0x2e, 0x0, 0x2f, 0x4, 0xf1, 0xf, 0x30,
    0x0, 0x2e, 0x0, 0x2f, 0x7, 0xc0, 0xf, 0x40,
    0x0, 0x2e, 0x0, 0x19, 0x1e, 0x66, 0x87, 0x20,
    0x0, 0x2f, 0x0, 0x15, 0xdb, 0x2, 0xbe, 0x50,
    0x0, 0x3f, 0x7, 0xfe, 0x70, 0x0, 0x6, 0xe3,
    0x0, 0x0, 0x0, 0x30, 0x0, 0x0, 0x0, 0x0,

    /* U+6162 "閹? */
    0x0, 0xf, 0x20, 0x0, 0x0, 0x0, 0x0, 0x0,
    0x0, 0xf, 0x20, 0x1f, 0xee, 0xee, 0xed, 0x0,
    0x0, 0xf, 0x32, 0xf, 0xee, 0xee, 0xec, 0x0,
    0x5, 0x4f, 0xbc, 0xd, 0x44, 0x44, 0x9c, 0x0,
    0xc, 0x7f, 0x3f, 0x38, 0x88, 0x88, 0x87, 0x0,
    0xf, 0x3f, 0x24, 0xee, 0xee, 0xee, 0xee, 0xd0,
    0x4e, 0xf, 0x21, 0xe0, 0xe1, 0x1f, 0x2, 0xe0,
    0x0, 0xf, 0x22, 0xf8, 0xf9, 0x8f, 0x89, 0xf0,
    0x0, 0xf, 0x20, 0x55, 0x55, 0x55, 0x55, 0x50,
    0x0, 0xf, 0x20, 0x9f, 0xee, 0xee, 0xee, 0x30,
    0x0, 0xf, 0x20, 0x6, 0xc0, 0x2, 0xe8, 0x0,
    0x0, 0xf, 0x20, 0x0, 0xbb, 0x5e, 0x90, 0x0,
    0x0, 0xf, 0x20, 0x0, 0x5f, 0xfc, 0x10, 0x0,
    0x0, 0xf, 0x24, 0x8d, 0xf9, 0x5b, 0xfc, 0x92,
    0x0, 0xf, 0x26, 0xd8, 0x10, 0x0, 0x27, 0xb0,

    /* U+6210 "閹? */
    0x0, 0x0, 0x0, 0x0, 0x0, 0x0, 0x0, 0x0,
    0x0, 0x0, 0x0, 0x0, 0x5f, 0xa, 0x80, 0x0,
    0x0, 0x0, 0x0, 0x0, 0x5f, 0x3, 0xe9, 0x0,
    0x0, 0x0, 0x0, 0x0, 0x4f, 0x0, 0x47, 0x0,
    0x0, 0xcf, 0xff, 0xff, 0xff, 0xff, 0xff, 0xa0,
    0x0, 0xc8, 0x11, 0x11, 0x2f, 0x21, 0x11, 0x10,
    0x0, 0xb7, 0x0, 0x0, 0xf, 0x20, 0x79, 0x0,
    0x0, 0xbf, 0xff, 0xf7, 0xd, 0x40, 0xda, 0x0,
    0x0, 0xc8, 0x22, 0xd6, 0xb, 0x84, 0xf2, 0x0,
    0x0, 0xc6, 0x0, 0xd5, 0x8, 0xbd, 0x90, 0x0,
    0x0, 0xe5, 0x0, 0xe3, 0x3, 0xfe, 0x10, 0x0,
    0x1, 0xf3, 0x0, 0xf2, 0x4, 0xf9, 0x0, 0x30,
    0x5, 0xf0, 0x9d, 0xf0, 0x4f, 0xaf, 0x21, 0xf3,
    0xc, 0xa0, 0x68, 0x48, 0xf6, 0xa, 0xe8, 0xf1,
    0x3f, 0x20, 0x0, 0xcd, 0x30, 0x1, 0xcf, 0xc0,
    0x0, 0x0, 0x0, 0x20, 0x0, 0x0, 0x3, 0x10,

    /* U+623F "閹? */
    0x0, 0x0, 0x0, 0x5, 0xc0, 0x0, 0x0, 0x0,
    0x0, 0x0, 0x0, 0x3, 0xf4, 0x0, 0x0, 0x0,
    0x0, 0x3f, 0xff, 0xff, 0xff, 0xff, 0xff, 0x20,
    0x0, 0x2f, 0x0, 0x0, 0x0, 0x0, 0xf, 0x10,
    0x0, 0x2f, 0x33, 0x33, 0x33, 0x33, 0x3f, 0x10,
    0x0, 0x2f, 0xbb, 0xbb, 0xbc, 0xbb, 0xbb, 0x10,
    0x0, 0x2f, 0x0, 0x0, 0x8d, 0x0, 0x0, 0x0,
    0x0, 0x3f, 0xff, 0xff, 0xff, 0xff, 0xff, 0xf4,
    0x0, 0x3e, 0x0, 0x1f, 0x40, 0x0, 0x1, 0x10,
    0x0, 0x5d, 0x0, 0x1f, 0x41, 0x11, 0x11, 0x0,
    0x0, 0x8a, 0x0, 0x4f, 0xff, 0xff, 0xff, 0x0,
    0x0, 0xc6, 0x0, 0xac, 0x0, 0x0, 0x6c, 0x0,
    0x3, 0xf1, 0x6, 0xf3, 0x0, 0x0, 0x9a, 0x0,
    0xc, 0xa0, 0x8f, 0x70, 0x1, 0xaa, 0xf6, 0x0,
    0x3, 0x21, 0xb5, 0x0, 0x0, 0x99, 0x60, 0x0,
    0x0, 0x0, 0x0, 0x0, 0x0, 0x0, 0x0, 0x0,

    /* U+624B "閹? */
    0x0, 0x0, 0x0, 0x0, 0x0, 0x0, 0x10, 0x0,
    0x0, 0x23, 0x34, 0x56, 0x79, 0xbe, 0xf7, 0x0,
    0x0, 0x8e, 0xed, 0xcd, 0xf8, 0x75, 0x42, 0x0,
    0x0, 0x0, 0x0, 0x6, 0xe0, 0x0, 0x0, 0x0,
    0x0, 0x12, 0x22, 0x27, 0xe2, 0x22, 0x22, 0x0,
    0x0, 0x7f, 0xff, 0xff, 0xff, 0xff, 0xfd, 0x0,
    0x0, 0x0, 0x0, 0x6, 0xe0, 0x0, 0x0, 0x0,
    0x0, 0x0, 0x0, 0x6, 0xe0, 0x0, 0x0, 0x0,
    0xf, 0xff, 0xff, 0xff, 0xff, 0xff, 0xff, 0xf4,
    0x2, 0x21, 0x11, 0x17, 0xe1, 0x11, 0x11, 0x20,
    0x0, 0x0, 0x0, 0x6, 0xe0, 0x0, 0x0, 0x0,
    0x0, 0x0, 0x0, 0x6, 0xe0, 0x0, 0x0, 0x0,
    0x0, 0x0, 0x1, 0x3a, 0xe0, 0x0, 0x0, 0x0,
    0x0, 0x0, 0x2, 0xff, 0x80, 0x0, 0x0, 0x0,
    0x0, 0x0, 0x0, 0x31, 0x0, 0x0, 0x0, 0x0,

    /* U+626B "閹? */
    0x0, 0x7, 0xf0, 0x0, 0x0, 0x0, 0x0, 0x0,
    0x0, 0x6e, 0x0, 0x8f, 0xff, 0xff, 0xff, 0x0,
    0x6, 0xe0, 0x2, 0x33, 0x33, 0x37, 0xf0, 0xfe,
    0xef, 0xde, 0x20, 0x0, 0x0, 0x5e, 0x4, 0x48,
    0xf4, 0x40, 0x0, 0x0, 0x5, 0xe0, 0x0, 0x6e,
    0x1, 0x0, 0x0, 0x0, 0x5e, 0x0, 0x6, 0xf8,
    0xe0, 0xcf, 0xff, 0xff, 0xe0, 0x2, 0xbf, 0xa2,
    0x2, 0x21, 0x11, 0x6e, 0xa, 0xfd, 0xe0, 0x0,
    0x0, 0x0, 0x5, 0xe0, 0x73, 0x6e, 0x0, 0x0,
    0x0, 0x0, 0x5e, 0x0, 0x6, 0xe0, 0x0, 0x0,
    0x0, 0x5, 0xe0, 0x0, 0x6e, 0x0, 0x54, 0x44,
    0x44, 0x8e, 0x0, 0x6, 0xe0, 0xd, 0xdd, 0xdd,
    0xde, 0xf0, 0xb, 0xe8, 0x0, 0x0, 0x0, 0x0,
    0x5f, 0x0, 0x20, 0x0, 0x0, 0x0, 0x0, 0x0,
    0x0,

    /* U+62CD "閹? */
    0x0, 0x0, 0x0, 0x0, 0x0, 0x0, 0x0, 0x0,
    0x0, 0x4f, 0x0, 0x0, 0xc, 0xa0, 0x0, 0x0,
    0x3, 0xf0, 0x0, 0x0, 0xf5, 0x0, 0x0, 0x0,
    0x3f, 0x0, 0x15, 0x6f, 0x65, 0x55, 0x2, 0x25,
    0xf2, 0x33, 0xfc, 0xcc, 0xcd, 0xf0, 0x9d, 0xef,
    0xde, 0x3e, 0x0, 0x0, 0x3f, 0x0, 0x3, 0xf0,
    0x3, 0xe0, 0x0, 0x3, 0xe0, 0x0, 0x3f, 0x2,
    0x3e, 0x0, 0x0, 0x3e, 0x0, 0x5, 0xfe, 0x83,
    0xff, 0xff, 0xff, 0xe1, 0x9d, 0xff, 0x10, 0x3e,
    0x0, 0x0, 0x3e, 0xa, 0x64, 0xf0, 0x3, 0xe0,
    0x0, 0x3, 0xe0, 0x0, 0x3f, 0x0, 0x3e, 0x0,
    0x0, 0x3e, 0x0, 0x3, 0xf0, 0x3, 0xf3, 0x33,
    0x36, 0xe0, 0x0, 0x3f, 0x0, 0x3f, 0xdd, 0xdd,
    0xee, 0x0, 0xae, 0xe0, 0x3, 0xe0, 0x0, 0x3,
    0xf0, 0x9, 0xd6, 0x0, 0x4e, 0x0, 0x0, 0x0,
    0x0, 0x0, 0x0, 0x0, 0x0, 0x0, 0x0, 0x0,

    /* U+62E9 "閹? */
    0x0, 0x3f, 0x10, 0x0, 0x0, 0x0, 0x0, 0x0,
    0x0, 0x3f, 0x10, 0x5f, 0xff, 0xff, 0xfd, 0x0,
    0x1, 0x4f, 0x21, 0x4, 0xd0, 0x1, 0xe3, 0x0,
    0x2f, 0xff, 0xfe, 0x0, 0xab, 0x4d, 0x60, 0x0,
    0x0, 0x3f, 0x10, 0x0, 0x1e, 0xf9, 0x0, 0x0,
    0x0, 0x3f, 0x11, 0x69, 0xea, 0x6e, 0xea, 0x81,
    0x0, 0x3f, 0xb5, 0xa8, 0x25, 0x80, 0x59, 0xa0,
    0x29, 0xef, 0x81, 0x11, 0x18, 0xd1, 0x11, 0x0,
    0x2d, 0x8f, 0x10, 0x8f, 0xff, 0xff, 0xfc, 0x0,
    0x0, 0x3f, 0x10, 0x0, 0x7, 0xd0, 0x0, 0x0,
    0x0, 0x3f, 0x12, 0x21, 0x17, 0xd1, 0x22, 0x20,
    0x0, 0x3f, 0x1c, 0xee, 0xef, 0xfe, 0xee, 0xf0,
    0x3, 0x7f, 0x0, 0x0, 0x7, 0xd0, 0x0, 0x0,
    0x9, 0xfc, 0x0, 0x0, 0x7, 0xd0, 0x0, 0x0,
    0x3, 0x50, 0x0, 0x0, 0x8, 0xd0, 0x0, 0x0,

    /* U+6301 "閹? */
    0x0, 0xd, 0x50, 0x0, 0x6, 0xd0, 0x0, 0x0,
    0x0, 0xf, 0x40, 0x0, 0x5, 0xd0, 0x0, 0x0,
    0x0, 0xe, 0x40, 0x27, 0x69, 0xe6, 0x67, 0x0,
    0x15, 0x5f, 0x86, 0x3a, 0xac, 0xfa, 0xab, 0x0,
    0x3d, 0xcf, 0xdd, 0x10, 0x5, 0xd0, 0x0, 0x0,
    0x0, 0xe, 0x40, 0x43, 0x37, 0xd3, 0x33, 0x31,
    0x0, 0xe, 0x41, 0xcc, 0xcc, 0xcd, 0xfc, 0xd3,
    0x0, 0x2f, 0xea, 0x0, 0x0, 0x6, 0xc0, 0x0,
    0x4e, 0xff, 0x50, 0x9d, 0xdd, 0xde, 0xfd, 0xd0,
    0x19, 0x1e, 0x40, 0x23, 0x22, 0x28, 0xc2, 0x30,
    0x0, 0xe, 0x40, 0x1e, 0x40, 0x6, 0xc0, 0x0,
    0x0, 0xe, 0x40, 0xb, 0xd0, 0x6, 0xc0, 0x0,
    0x0, 0xe, 0x40, 0x3, 0xf2, 0x6, 0xc0, 0x0,
    0x4, 0x8f, 0x30, 0x0, 0x11, 0x5b, 0xb0, 0x0,
    0x6, 0xd7, 0x0, 0x0, 0x0, 0xed, 0x40, 0x0,

    /* U+6309 "閹? */
    0x0, 0x0, 0x0, 0x0, 0x1, 0x10, 0x0, 0x0,
    0x0, 0xf, 0x20, 0x0, 0xb, 0xa0, 0x0, 0x0,
    0x0, 0xf, 0x20, 0x0, 0x2, 0xe1, 0x0, 0x0,
    0x0, 0xf, 0x20, 0x8c, 0xcc, 0xcc, 0xcc, 0x70,
    0x3d, 0xcf, 0xd5, 0xa9, 0x33, 0x33, 0x3a, 0x90,
    0x2, 0x2f, 0x41, 0xa8, 0xa, 0x90, 0x8, 0x90,
    0x0, 0xf, 0x20, 0x33, 0xf, 0x50, 0x2, 0x30,
    0x0, 0xf, 0x22, 0x22, 0x6e, 0x22, 0x22, 0x20,
    0x0, 0x1f, 0xd8, 0xcd, 0xfe, 0xdd, 0xfe, 0xd1,
    0x2a, 0xff, 0x40, 0x4, 0xe1, 0x1, 0xf2, 0x0,
    0x9, 0x2f, 0x20, 0xd, 0x70, 0x8, 0xb0, 0x0,
    0x0, 0xf, 0x20, 0x1b, 0xe7, 0x3f, 0x30, 0x0,
    0x0, 0xf, 0x20, 0x0, 0x2c, 0xfd, 0x0, 0x0,
    0x0, 0xf, 0x10, 0x2, 0x8f, 0x8c, 0xe6, 0x0,
    0x6, 0xef, 0x7, 0xdf, 0xa2, 0x0, 0x7f, 0xa0,
    0x1, 0x61, 0x2, 0x51, 0x0, 0x0, 0x2, 0x20,

    /* U+636E "閹? */
    0x0, 0xa, 0x20, 0x0, 0x0, 0x0, 0x0, 0x0,
    0x0, 0xf, 0x30, 0x3f, 0xff, 0xff, 0xff, 0x10,
    0x0, 0xe, 0x30, 0x3d, 0x0, 0x0, 0xf, 0x10,
    0x16, 0x6f, 0x86, 0x4d, 0x0, 0x0, 0xf, 0x10,
    0x29, 0x9f, 0xa9, 0x4f, 0xff, 0xff, 0xff, 0x10,
    0x0, 0xe, 0x30, 0x3d, 0x0, 0x39, 0x0, 0x0,
    0x0, 0xe, 0x5a, 0x4d, 0x0, 0x4d, 0x0, 0x10,
    0x0, 0x3f, 0xe6, 0x4f, 0xff, 0xff, 0xff, 0xf5,
    0x2d, 0xcf, 0x30, 0x5b, 0x0, 0x4c, 0x0, 0x0,
    0x4, 0xe, 0x30, 0x7a, 0xac, 0xdf, 0xcc, 0x20,
    0x0, 0xe, 0x30, 0xb6, 0xc5, 0x11, 0x1e, 0x20,
    0x0, 0xe, 0x30, 0xf2, 0xc4, 0x0, 0xe, 0x20,
    0x0, 0xf, 0x26, 0xb0, 0xc6, 0x22, 0x2e, 0x20,
    0x4, 0xa9, 0xc, 0x30, 0xcd, 0xcc, 0xcf, 0x30,
    0x0, 0x0, 0x0, 0x0, 0x0, 0x0, 0x0, 0x0,

    /* U+63A5 "閹? */
    0x0, 0x0, 0x0, 0x0, 0x0, 0x40, 0x0, 0x0,
    0x0, 0x1f, 0x10, 0x0, 0x3, 0xf2, 0x0, 0x0,
    0x0, 0x1f, 0x10, 0x58, 0x88, 0xfb, 0x88, 0x90,
    0x0, 0x1f, 0x10, 0x58, 0x88, 0x88, 0x98, 0x90,
    0x3f, 0xef, 0xe9, 0x1, 0xa0, 0x0, 0xf4, 0x0,
    0x3, 0x3f, 0x32, 0x0, 0xe7, 0x4, 0xf0, 0x0,
    0x0, 0x1f, 0x10, 0x22, 0x86, 0x2a, 0xb2, 0x30,
    0x0, 0x1f, 0x12, 0x9d, 0xdd, 0xdd, 0xdd, 0xd0,
    0x1, 0x5f, 0xe5, 0x0, 0xd, 0x50, 0x0, 0x0,
    0x3f, 0xcf, 0x11, 0xff, 0xff, 0xff, 0xff, 0xf8,
    0x4, 0x1f, 0x10, 0x11, 0xe6, 0x3, 0xf1, 0x0,
    0x0, 0x1f, 0x10, 0x6, 0xf7, 0x1a, 0x80, 0x0,
    0x0, 0x1f, 0x10, 0x0, 0x4b, 0xff, 0x30, 0x0,
    0x1, 0x3f, 0x0, 0x1, 0x5c, 0xda, 0xfa, 0x20,
    0x9, 0xfc, 0x2, 0xdf, 0xd6, 0x0, 0x3c, 0xe1,
    0x2, 0x30, 0x0, 0x42, 0x0, 0x0, 0x0, 0x20,

    /* U+63CF "閹? */
    0x0, 0x2f, 0x10, 0x0, 0xc4, 0x8, 0xa0, 0x0,
    0x0, 0x2f, 0x10, 0x0, 0xc4, 0x7, 0xa0, 0x0,
    0x0, 0x2f, 0x11, 0xa9, 0xeb, 0x9c, 0xd9, 0x94,
    0x13, 0x4f, 0x33, 0x88, 0xea, 0x8b, 0xd8, 0x83,
    0x4e, 0xdf, 0xd8, 0x0, 0xc4, 0x7, 0xa0, 0x0,
    0x0, 0x2f, 0x10, 0x0, 0x10, 0x0, 0x10, 0x0,
    0x0, 0x2f, 0x54, 0x6f, 0xff, 0xff, 0xff, 0x50,
    0x4, 0xaf, 0xc3, 0x4e, 0x1, 0xf1, 0xe, 0x40,
    0x2e, 0xaf, 0x10, 0x4e, 0x1, 0xf1, 0xe, 0x40,
    0x0, 0x2f, 0x10, 0x4f, 0xee, 0xfe, 0xef, 0x40,
    0x0, 0x2f, 0x10, 0x4e, 0x12, 0xf2, 0x1e, 0x40,
    0x0, 0x2f, 0x10, 0x4e, 0x1, 0xf1, 0xe, 0x40,
    0x0, 0x3f, 0x0, 0x4e, 0x23, 0xf3, 0x2e, 0x40,
    0x5, 0xde, 0x0, 0x4f, 0xcc, 0xcc, 0xcf, 0x40,
    0x4, 0xd4, 0x0, 0x6e, 0x0, 0x0, 0xe, 0x40,
    0x0, 0x0, 0x0, 0x0, 0x0, 0x0, 0x0, 0x0,

    /* U+63D0 "閹? */
    0x0, 0x3f, 0x0, 0x0, 0x0, 0x0, 0x0, 0x0,
    0x0, 0x3f, 0x0, 0x1f, 0xff, 0xff, 0xff, 0x0,
    0x0, 0x3f, 0x0, 0x1f, 0x43, 0x33, 0x5f, 0x0,
    0x5, 0x7f, 0x55, 0x1f, 0xee, 0xee, 0xef, 0x0,
    0x19, 0xaf, 0x88, 0x1f, 0x10, 0x0, 0x3f, 0x0,
    0x0, 0x3f, 0x0, 0x1f, 0xff, 0xff, 0xfe, 0x0,
    0x0, 0x3f, 0x13, 0x0, 0x0, 0x0, 0x0, 0x0,
    0x0, 0x5f, 0xe7, 0xff, 0xff, 0xff, 0xff, 0xf3,
    0x3c, 0xff, 0x20, 0x11, 0x3, 0xf0, 0x0, 0x10,
    0x18, 0x3f, 0x0, 0x2f, 0x23, 0xf1, 0x12, 0x0,
    0x0, 0x3f, 0x0, 0x5f, 0x3, 0xfe, 0xef, 0x0,
    0x0, 0x3f, 0x0, 0xaf, 0x33, 0xf0, 0x0, 0x0,
    0x1, 0x5f, 0x4, 0xf9, 0xfc, 0xf3, 0x33, 0x41,
    0x8, 0xfb, 0x3f, 0x80, 0x29, 0xdf, 0xff, 0xf0,
    0x1, 0x20, 0x4, 0x0, 0x0, 0x0, 0x0, 0x0,

    /* U+643A "閹? */
    0x0, 0x0, 0x0, 0x0, 0x0, 0x0, 0x0, 0x0,
    0x0, 0x2f, 0x20, 0x6, 0x70, 0x6d, 0x0, 0x0,
    0x0, 0x2f, 0x10, 0xd, 0x70, 0x1d, 0x20, 0x0,
    0x0, 0x2f, 0x10, 0x3f, 0xdd, 0xde, 0xdd, 0xe0,
    0x14, 0x5f, 0x51, 0xbf, 0x20, 0x2f, 0x0, 0x0,
    0x4a, 0xaf, 0xa7, 0xef, 0xdd, 0xdf, 0xdd, 0x90,
    0x0, 0x2f, 0x18, 0x6f, 0x54, 0x5f, 0x44, 0x40,
    0x0, 0x2f, 0x23, 0xf, 0x87, 0x8f, 0x77, 0x60,
    0x1, 0x6f, 0xf7, 0xf, 0xcb, 0xcf, 0xbb, 0xb3,
    0x2f, 0xef, 0x20, 0xd, 0x21, 0x11, 0x11, 0x20,
    0x6, 0x2f, 0x10, 0x79, 0x99, 0x99, 0x96, 0x0,
    0x0, 0x2f, 0x10, 0x57, 0x8f, 0x76, 0xe7, 0x0,
    0x0, 0x2f, 0x10, 0x0, 0x7d, 0x0, 0xde, 0xf2,
    0x0, 0x2f, 0x10, 0x5, 0xf5, 0x0, 0x3, 0xf0,
    0x5, 0xbf, 0x5, 0xcf, 0x60, 0x1, 0x8b, 0xb0,
    0x3, 0xa5, 0x1, 0x81, 0x0, 0x0, 0xb8, 0x10,

    /* U+6444 "閹? */
    0x0, 0x3f, 0x0, 0x0, 0x0, 0x0, 0x0, 0x0,
    0x0, 0x3f, 0x5, 0xff, 0xff, 0xff, 0xff, 0xa0,
    0x0, 0x3e, 0x0, 0xe, 0x65, 0x55, 0xf3, 0x0,
    0x1f, 0xff, 0xf9, 0xe, 0x87, 0x77, 0xf3, 0x0,
    0x0, 0x3e, 0x0, 0xe, 0x99, 0x99, 0xf3, 0x0,
    0x0, 0x3e, 0x0, 0xe, 0x76, 0x66, 0xf3, 0x0,
    0x0, 0x3f, 0xb6, 0xaf, 0xbb, 0xcc, 0xfe, 0xd0,
    0x7, 0xef, 0xa3, 0x86, 0x43, 0x32, 0xe3, 0x0,
    0x9, 0x6e, 0xb, 0xff, 0xfa, 0xff, 0xff, 0x60,
    0x0, 0x3e, 0x4, 0x21, 0xf1, 0xe3, 0x1e, 0x20,
    0x0, 0x3e, 0x6, 0xfb, 0xb0, 0x89, 0x5c, 0x0,
    0x0, 0x3e, 0x0, 0x3f, 0xd3, 0x1e, 0xe4, 0x0,
    0x3, 0x6e, 0x0, 0xba, 0x73, 0x5e, 0xe7, 0x0,
    0x9, 0xf9, 0xc, 0xa0, 0x1c, 0xd3, 0x2c, 0xe1,
    0x1, 0x0, 0x1, 0x0, 0x3, 0x0, 0x0, 0x10,

    /* U+64CD "閹? */
    0x0, 0xf, 0x10, 0x8, 0xfe, 0xee, 0xf1, 0x0,
    0x0, 0xf, 0x0, 0x8, 0xa0, 0x0, 0xf1, 0x0,
    0x0, 0xf, 0x0, 0x8, 0xa2, 0x22, 0xf1, 0x0,
    0x19, 0x8f, 0x96, 0x6, 0xcc, 0xcc, 0xc1, 0x0,
    0x18, 0x7f, 0x85, 0x22, 0x22, 0x2, 0x22, 0x10,
    0x0, 0xf, 0x10, 0xfc, 0xcf, 0x1f, 0xcd, 0xb0,
    0x0, 0xf, 0x44, 0xf0, 0x1e, 0x1c, 0x5, 0xb0,
    0x3, 0x7f, 0xc5, 0xff, 0xff, 0x3f, 0xff, 0xb0,
    0x2f, 0x8f, 0x10, 0x0, 0x1, 0xf0, 0x0, 0x0,
    0x1, 0xf, 0x17, 0xff, 0xff, 0xff, 0xff, 0xf5,
    0x0, 0xf, 0x11, 0x11, 0x9d, 0xed, 0x30, 0x10,
    0x0, 0xf, 0x10, 0x5, 0xf3, 0xe6, 0xd1, 0x0,
    0x0, 0xf, 0x0, 0x6f, 0x60, 0xe0, 0xbe, 0x60,
    0x7, 0xef, 0x9, 0xf7, 0x0, 0xf0, 0xa, 0xe1,
    0x4, 0xa4, 0x1, 0x50, 0x1, 0xf0, 0x0, 0x20,

    /* U+653E "閺€? */
    0x0, 0x2, 0x0, 0x0, 0x0, 0x10, 0x0, 0x0,
    0x0, 0xe, 0x60, 0x0, 0x5, 0xf3, 0x0, 0x0,
    0x0, 0x7, 0xe0, 0x0, 0x8, 0xc0, 0x0, 0x0,
    0x0, 0x1, 0x60, 0x0, 0xd, 0x60, 0x0, 0x0,
    0x3f, 0xff, 0xff, 0xfd, 0x3f, 0xff, 0xff, 0xf2,
    0x1, 0x2f, 0x10, 0x11, 0x9a, 0x11, 0x9a, 0x20,
    0x0, 0x1f, 0x10, 0x2, 0xfe, 0x0, 0xa8, 0x0,
    0x0, 0x2f, 0xdd, 0xd8, 0xae, 0x40, 0xc6, 0x0,
    0x0, 0x2f, 0x22, 0xc5, 0xa, 0x80, 0xf4, 0x0,
    0x0, 0x4d, 0x0, 0xc4, 0x5, 0xd3, 0xf0, 0x0,
    0x0, 0x7b, 0x0, 0xd3, 0x0, 0xfc, 0xc0, 0x0,
    0x0, 0xc7, 0x0, 0xe3, 0x0, 0x9f, 0x50, 0x0,
    0x2, 0xf2, 0x0, 0xf1, 0x1, 0xdf, 0x90, 0x0,
    0xc, 0xb0, 0x5a, 0xf0, 0x6e, 0xa2, 0xeb, 0x30,
    0x3e, 0x20, 0x7c, 0x59, 0xf6, 0x0, 0x2c, 0xf2,
    0x0, 0x0, 0x0, 0x1, 0x10, 0x0, 0x0, 0x20,

    /* U+6548 "閺? */
    0x0, 0x0, 0x0, 0x0, 0x0, 0x10, 0x0, 0x0,
    0x0, 0x6, 0xd0, 0x0, 0x0, 0xda, 0x0, 0x0,
    0x0, 0x1, 0xf3, 0x0, 0x1, 0xf3, 0x0, 0x0,
    0x28, 0x88, 0xa8, 0x88, 0x6, 0xd1, 0x11, 0x10,
    0x27, 0x77, 0x77, 0x77, 0xd, 0xee, 0xef, 0xe7,
    0x0, 0x7a, 0x7, 0x90, 0x4f, 0x10, 0x7c, 0x0,
    0x1, 0xe6, 0x3, 0xf5, 0xdb, 0x10, 0x7b, 0x0,
    0xc, 0xb0, 0x0, 0x8d, 0x8d, 0x60, 0x99, 0x0,
    0x2c, 0x51, 0x9, 0x71, 0x8, 0x90, 0xc6, 0x0,
    0x0, 0x8e, 0x3e, 0x50, 0x4, 0xe1, 0xf2, 0x0,
    0x0, 0x7, 0xfe, 0x0, 0x0, 0xfa, 0xd0, 0x0,
    0x0, 0x3, 0xff, 0x60, 0x0, 0x9f, 0x60, 0x0,
    0x0, 0x2e, 0x86, 0xf3, 0x2, 0xdf, 0x80, 0x0,
    0x6, 0xf9, 0x0, 0x40, 0x7f, 0x93, 0xea, 0x10,
    0x1c, 0x70, 0x0, 0x6e, 0xe5, 0x0, 0x3e, 0xf3,
    0x0, 0x0, 0x0, 0x18, 0x10, 0x0, 0x1, 0x50,

    /* U+6570 "閺? */
    0x3, 0x50, 0xd6, 0x18, 0x6, 0xa0, 0x0, 0x0,
    0x3e, 0x2d, 0x57, 0xa0, 0x9a, 0x0, 0x0, 0x2,
    0x63, 0xc6, 0x84, 0xd, 0x50, 0x0, 0x0, 0xee,
    0xff, 0xfe, 0xe6, 0xfd, 0xcc, 0xc6, 0x0, 0x2e,
    0xe7, 0x50, 0x7d, 0x33, 0xc8, 0x20, 0x5e, 0x6c,
    0x8e, 0x5c, 0xc0, 0xd, 0x50, 0x2d, 0x41, 0xa4,
    0x48, 0xff, 0x0, 0xe3, 0x0, 0x0, 0x8b, 0x0,
    0x68, 0xd3, 0x1f, 0x0, 0x2f, 0xff, 0xff, 0xfb,
    0x9, 0x84, 0xd0, 0x0, 0x15, 0xd0, 0xc, 0x60,
    0x4e, 0xa8, 0x0, 0x0, 0xdc, 0x56, 0xe0, 0x0,
    0xdf, 0x20, 0x0, 0x1, 0x5b, 0xfe, 0x70, 0x1d,
    0xf4, 0x0, 0x0, 0x6, 0xe6, 0x49, 0x3d, 0x97,
    0xf5, 0x0, 0x9e, 0xb2, 0x0, 0xaf, 0x70, 0x7,
    0xf5, 0x3, 0x20, 0x0, 0x3, 0x10, 0x0, 0x2,
    0x0,

    /* U+6587 "閺? */
    0x0, 0x0, 0x0, 0x1, 0x0, 0x0, 0x0, 0x0,
    0x0, 0x0, 0x0, 0xba, 0x0, 0x0, 0x0, 0x0,
    0x0, 0x0, 0x0, 0x3f, 0x30, 0x0, 0x0, 0x0,
    0x0, 0x0, 0x0, 0x9, 0x50, 0x0, 0x0, 0x0,
    0x2f, 0xff, 0xff, 0xff, 0xff, 0xff, 0xff, 0xf1,
    0x3, 0x34, 0xf5, 0x33, 0x33, 0xe9, 0x34, 0x40,
    0x0, 0x0, 0xe5, 0x0, 0x0, 0xf4, 0x0, 0x0,
    0x0, 0x0, 0x8a, 0x0, 0x5, 0xe0, 0x0, 0x0,
    0x0, 0x0, 0x2f, 0x20, 0xc, 0x90, 0x0, 0x0,
    0x0, 0x0, 0xa, 0xb0, 0x5f, 0x10, 0x0, 0x0,
    0x0, 0x0, 0x1, 0xe9, 0xe7, 0x0, 0x0, 0x0,
    0x0, 0x0, 0x0, 0x6f, 0xe0, 0x0, 0x0, 0x0,
    0x0, 0x0, 0x6, 0xf9, 0xcd, 0x40, 0x0, 0x0,
    0x0, 0x27, 0xee, 0x40, 0x8, 0xfd, 0x84, 0x10,
    0xc, 0xfd, 0x60, 0x0, 0x0, 0x17, 0xdf, 0xb0,
    0x3, 0x30, 0x0, 0x0, 0x0, 0x0, 0x2, 0x10,

    /* U+65B0 "閺? */
    0x0, 0x0, 0xc5, 0x0, 0x0, 0x2, 0x48, 0x90,
    0x3, 0x43, 0xda, 0x44, 0x15, 0xfd, 0xba, 0x91,
    0xc, 0xee, 0xee, 0xee, 0x45, 0xd0, 0x0, 0x0,
    0x0, 0x74, 0x1, 0xb1, 0x5, 0xd0, 0x0, 0x0,
    0x0, 0x6a, 0x7, 0xa0, 0x5, 0xe3, 0x33, 0x31,
    0x2e, 0xdd, 0xdf, 0xed, 0x85, 0xfc, 0xdf, 0xc5,
    0x15, 0x44, 0xd9, 0x44, 0x35, 0xd0, 0x4e, 0x0,
    0x0, 0x0, 0xc6, 0x0, 0x5, 0xc0, 0x4e, 0x0,
    0xe, 0xff, 0xff, 0xff, 0x76, 0xb0, 0x4e, 0x0,
    0x3, 0x53, 0xd7, 0x33, 0x18, 0xa0, 0x4e, 0x0,
    0x0, 0xe8, 0xc6, 0xe3, 0xb, 0x70, 0x4e, 0x0,
    0x8, 0xe1, 0xc6, 0x8d, 0xf, 0x40, 0x4e, 0x0,
    0x3f, 0x30, 0xc6, 0x17, 0x5f, 0x0, 0x4e, 0x0,
    0x4, 0x29, 0xf5, 0x0, 0xd9, 0x0, 0x4f, 0x0,
    0x0, 0xc, 0xa0, 0x3, 0xd2, 0x0, 0x5f, 0x0,
    0x0, 0x0, 0x0, 0x0, 0x0, 0x0, 0x0, 0x0,

    /* U+65CB "閺? */
    0x0, 0x0, 0x0, 0x0, 0x0, 0x0, 0x0, 0x0,
    0x0, 0x1, 0xc0, 0x0, 0xe, 0x60, 0x0, 0x0,
    0x0, 0x0, 0xe4, 0x0, 0x4f, 0x20, 0x0, 0x0,
    0x1, 0x10, 0x52, 0x10, 0xbf, 0xdd, 0xdd, 0xe8,
    0xc, 0xef, 0xee, 0xe7, 0xf4, 0x11, 0x11, 0x11,
    0x0, 0x3f, 0x0, 0xd, 0xe7, 0x66, 0x66, 0x62,
    0x0, 0x4e, 0x0, 0x3e, 0x69, 0xaf, 0x89, 0xf2,
    0x0, 0x4f, 0xff, 0x50, 0x0, 0x3e, 0x6, 0xc0,
    0x0, 0x5c, 0xd, 0x50, 0xd4, 0x3e, 0x0, 0x0,
    0x0, 0x8a, 0xd, 0x30, 0xf2, 0x3f, 0xcc, 0xa0,
    0x0, 0xc7, 0xe, 0x22, 0xf2, 0x3f, 0x33, 0x30,
    0x1, 0xf3, 0xf, 0x15, 0xf7, 0x3e, 0x0, 0x0,
    0x9, 0xd2, 0x7f, 0xc, 0x9e, 0x7e, 0x0, 0x0,
    0x1f, 0x53, 0xe6, 0x6f, 0x13, 0xef, 0x87, 0x63,
    0x3, 0x0, 0x3, 0xf6, 0x0, 0x17, 0xbd, 0xf3,
    0x0, 0x0, 0x0, 0x20, 0x0, 0x0, 0x0, 0x0,

    /* U+65E0 "閺? */
    0x0, 0x0, 0x0, 0x0, 0x0, 0x0, 0x0, 0x0,
    0x0, 0x5f, 0xff, 0xff, 0xff, 0xff, 0xf4, 0x0,
    0x0, 0x2, 0x21, 0x6e, 0x11, 0x11, 0x20, 0x0,
    0x0, 0x0, 0x0, 0x5e, 0x0, 0x0, 0x0, 0x0,
    0x0, 0x0, 0x0, 0x5e, 0x0, 0x0, 0x0, 0x0,
    0x0, 0x0, 0x0, 0x5d, 0x0, 0x0, 0x0, 0x0,
    0x8, 0xff, 0xff, 0xff, 0xff, 0xff, 0xff, 0xb0,
    0x0, 0x11, 0x11, 0xa9, 0x4e, 0x11, 0x11, 0x10,
    0x0, 0x0, 0x0, 0xe5, 0x4e, 0x0, 0x0, 0x0,
    0x0, 0x0, 0x4, 0xf0, 0x4e, 0x0, 0x0, 0x0,
    0x0, 0x0, 0x1d, 0x80, 0x4e, 0x0, 0x0, 0x0,
    0x0, 0x1, 0xcd, 0x0, 0x4e, 0x0, 0x5, 0xb0,
    0x0, 0x3d, 0xe2, 0x0, 0x3f, 0x42, 0x2a, 0xd0,
    0x9, 0xfc, 0x10, 0x0, 0xb, 0xff, 0xfe, 0x50,
    0x2, 0x60, 0x0, 0x0, 0x0, 0x0, 0x0, 0x0,

    /* U+65F6 "閺? */
    0x0, 0x0, 0x0, 0x0, 0x0, 0xf, 0x60, 0x3,
    0x33, 0x33, 0x0, 0x0, 0x0, 0xf5, 0x0, 0xee,
    0xdd, 0xf3, 0x0, 0x0, 0xf, 0x50, 0xe, 0x60,
    0x1f, 0x36, 0x55, 0x55, 0xf9, 0x62, 0xe6, 0x1,
    0xf4, 0xcc, 0xbb, 0xbf, 0xdc, 0x4d, 0x83, 0x4f,
    0x20, 0x0, 0x0, 0xe5, 0x0, 0xde, 0xdd, 0xf2,
    0x6, 0x0, 0xe, 0x50, 0xd, 0x60, 0x1f, 0x22,
    0xf6, 0x0, 0xe5, 0x0, 0xd6, 0x1, 0xf2, 0x8,
    0xe0, 0xe, 0x50, 0xe, 0x71, 0x3f, 0x20, 0x18,
    0x10, 0xe5, 0x0, 0xef, 0xff, 0xf2, 0x0, 0x0,
    0xe, 0x50, 0xe, 0x60, 0x1f, 0x20, 0x0, 0x0,
    0xe5, 0x0, 0xe6, 0x0, 0x30, 0x0, 0x0, 0xf,
    0x50, 0x1, 0x0, 0x0, 0x0, 0x0, 0x8c, 0xf3,
    0x0, 0x0, 0x0, 0x0, 0x0, 0x4, 0x84, 0x0,
    0x0,

    /* U+663E "閺? */
    0x1, 0xff, 0xff, 0xff, 0xff, 0xff, 0x20, 0x0,
    0x1f, 0x31, 0x11, 0x11, 0x12, 0xf2, 0x0, 0x1,
    0xfd, 0xdd, 0xdd, 0xdd, 0xdf, 0x20, 0x0, 0x1f,
    0x64, 0x44, 0x44, 0x45, 0xf2, 0x0, 0x1, 0xf4,
    0x22, 0x22, 0x22, 0x3f, 0x20, 0x0, 0x1f, 0xff,
    0xff, 0xff, 0xff, 0xf2, 0x0, 0x0, 0x0, 0x4b,
    0x0, 0xb5, 0x0, 0x0, 0x0, 0x90, 0x5, 0xf0,
    0xe, 0x60, 0x17, 0x0, 0xe, 0x90, 0x5e, 0x0,
    0xe6, 0x8, 0xe1, 0x0, 0x5f, 0x35, 0xe0, 0xe,
    0x62, 0xf6, 0x0, 0x0, 0xd9, 0x5e, 0x0, 0xe6,
    0xac, 0x0, 0x2, 0x24, 0x26, 0xe2, 0x2e, 0x73,
    0x42, 0x20, 0xdf, 0xff, 0xff, 0xff, 0xff, 0xff,
    0xff, 0x10,

    /* U+667A "閺? */
    0x0, 0x95, 0x0, 0x0, 0x0, 0x0, 0x0, 0x2,
    0xf5, 0x33, 0x32, 0x13, 0x33, 0x32, 0xc, 0xdc,
    0xfc, 0xd7, 0x7f, 0xcc, 0xe9, 0x3c, 0x2, 0xf0,
    0x0, 0x6e, 0x0, 0xb8, 0xbe, 0xee, 0xfe, 0xed,
    0x6e, 0x0, 0xb8, 0x11, 0x1b, 0xe4, 0x11, 0x6e,
    0x0, 0xb8, 0x0, 0x9e, 0x8e, 0xc4, 0x7f, 0xff,
    0xf9, 0x3c, 0xd2, 0x0, 0x73, 0x0, 0x0, 0x0,
    0x6, 0x5e, 0xee, 0xee, 0xee, 0xed, 0x0, 0x0,
    0x5f, 0x0, 0x0, 0x0, 0x5f, 0x0, 0x0, 0x5f,
    0xbb, 0xbb, 0xbb, 0xce, 0x0, 0x0, 0x5f, 0x33,
    0x33, 0x33, 0x7e, 0x0, 0x0, 0x5f, 0x0, 0x0,
    0x0, 0x5e, 0x0, 0x0, 0x5f, 0xff, 0xff, 0xff,
    0xfe, 0x0, 0x0, 0x5f, 0x0, 0x0, 0x0, 0x5f,
    0x0,

    /* U+6682 "閺? */
    0x0, 0xd, 0x20, 0x0, 0x0, 0x25, 0x70, 0x23,
    0x7e, 0x33, 0x42, 0xff, 0xfe, 0xd1, 0x7b, 0xfb,
    0xaa, 0xb2, 0xf3, 0x0, 0x0, 0x8, 0xa1, 0xc0,
    0x1, 0xf8, 0x77, 0x75, 0x2f, 0xed, 0xfd, 0xc2,
    0xf6, 0x9d, 0x64, 0x2, 0x2, 0xf1, 0x25, 0xf0,
    0x5c, 0x0, 0x8b, 0xcd, 0xfe, 0xaa, 0xa0, 0x5c,
    0x0, 0x44, 0x33, 0xf0, 0x2f, 0x30, 0x5d, 0x0,
    0x0, 0x22, 0x62, 0x23, 0x22, 0x34, 0x0, 0x0,
    0xfd, 0xcc, 0xcc, 0xcc, 0xdf, 0x0, 0x0, 0xf5,
    0x11, 0x11, 0x11, 0x5e, 0x0, 0x0, 0xfc, 0xbb,
    0xbb, 0xbb, 0xce, 0x0, 0x0, 0xf4, 0x0, 0x0,
    0x0, 0x4f, 0x0, 0x0, 0xfd, 0xcc, 0xcc, 0xcc,
    0xdf, 0x0,

    /* U+6709 "閺? */
    0x0, 0x0, 0x0, 0x0, 0x0, 0x0, 0x0, 0x0,
    0x0, 0x0, 0x0, 0x3f, 0x30, 0x0, 0x0, 0x0,
    0x0, 0x0, 0x0, 0x7f, 0x0, 0x0, 0x0, 0x0,
    0x7, 0xff, 0xff, 0xff, 0xff, 0xff, 0xff, 0xf1,
    0x1, 0x21, 0x15, 0xf4, 0x11, 0x11, 0x11, 0x20,
    0x0, 0x0, 0xd, 0xc0, 0x0, 0x0, 0x0, 0x0,
    0x0, 0x0, 0x8f, 0xff, 0xff, 0xff, 0xfa, 0x0,
    0x0, 0x5, 0xfe, 0x0, 0x0, 0x0, 0xaa, 0x0,
    0x0, 0x5f, 0xee, 0x33, 0x33, 0x33, 0xba, 0x0,
    0x8, 0xf8, 0x7f, 0xcc, 0xcc, 0xcc, 0xea, 0x0,
    0x9, 0x50, 0x7e, 0x0, 0x0, 0x0, 0xaa, 0x0,
    0x0, 0x0, 0x7f, 0xff, 0xff, 0xff, 0xfa, 0x0,
    0x0, 0x0, 0x7e, 0x0, 0x0, 0x0, 0xaa, 0x0,
    0x0, 0x0, 0x7e, 0x0, 0x0, 0x13, 0xc9, 0x0,
    0x0, 0x0, 0x7e, 0x0, 0x0, 0x2f, 0xd3, 0x0,
    0x0, 0x0, 0x0, 0x0, 0x0, 0x0, 0x0, 0x0,

    /* U+670D "閺? */
    0x0, 0xef, 0xff, 0xc0, 0xef, 0xff, 0xfd, 0x0,
    0x0, 0xf4, 0x25, 0xd0, 0xe4, 0x11, 0x7c, 0x0,
    0x0, 0xf3, 0x4, 0xd0, 0xe4, 0x0, 0x9a, 0x0,
    0x0, 0xfe, 0xee, 0xd0, 0xe4, 0x2f, 0xf5, 0x0,
    0x0, 0xf5, 0x36, 0xd0, 0xe4, 0x13, 0x11, 0x0,
    0x0, 0xf2, 0x4, 0xd0, 0xef, 0xff, 0xff, 0x50,
    0x0, 0xf3, 0x15, 0xd0, 0xe7, 0xe1, 0x1f, 0x20,
    0x1, 0xff, 0xff, 0xd0, 0xe4, 0xe3, 0x4e, 0x0,
    0x3, 0xf0, 0x4, 0xd0, 0xe4, 0x98, 0x98, 0x0,
    0x6, 0xc0, 0x4, 0xd0, 0xe4, 0x2f, 0xf2, 0x0,
    0xb, 0x90, 0x4, 0xd0, 0xe4, 0xd, 0xf3, 0x0,
    0x2f, 0x30, 0x5a, 0xc0, 0xe5, 0xcb, 0x6f, 0x80,
    0x18, 0x0, 0x8b, 0x30, 0xe9, 0xa0, 0x3, 0x80,
    0x0, 0x0, 0x0, 0x0, 0x0, 0x0, 0x0, 0x0,

    /* U+672A "閺? */
    0x0, 0x0, 0x0, 0xf, 0x50, 0x0, 0x0, 0x0,
    0x0, 0x0, 0x0, 0xe, 0x50, 0x0, 0x0, 0x0,
    0x0, 0x32, 0x22, 0x2e, 0x62, 0x22, 0x31, 0x0,
    0x0, 0xdd, 0xdd, 0xdf, 0xed, 0xdd, 0xe4, 0x0,
    0x0, 0x0, 0x0, 0xe, 0x50, 0x0, 0x0, 0x0,
    0x0, 0x0, 0x0, 0xe, 0x50, 0x0, 0x0, 0x0,
    0x2f, 0xff, 0xff, 0xff, 0xff, 0xff, 0xff, 0x90,
    0x1, 0x0, 0x5, 0xff, 0xf7, 0x0, 0x1, 0x0,
    0x0, 0x0, 0x1e, 0x7e, 0x8f, 0x40, 0x0, 0x0,
    0x0, 0x2, 0xda, 0xe, 0x57, 0xf4, 0x0, 0x0,
    0x0, 0x4e, 0xb0, 0xe, 0x50, 0x8f, 0x80, 0x0,
    0x19, 0xf9, 0x0, 0xe, 0x50, 0x6, 0xff, 0x90,
    0x1b, 0x50, 0x0, 0xf, 0x50, 0x0, 0x18, 0x60,
    0x0, 0x0, 0x0, 0xf, 0x60, 0x0, 0x0, 0x0,

    /* U+673A "閺? */
    0x0, 0xe, 0x70, 0x0, 0x0, 0x0, 0x0, 0x0,
    0x0, 0xd, 0x60, 0x2, 0xff, 0xff, 0x60, 0x0,
    0x0, 0xd, 0x60, 0x2, 0xf2, 0x1d, 0x60, 0x0,
    0x2d, 0xdf, 0xed, 0x92, 0xf0, 0xd, 0x60, 0x0,
    0x3, 0x4f, 0x72, 0x22, 0xf0, 0xd, 0x60, 0x0,
    0x0, 0x6f, 0x60, 0x2, 0xf0, 0xd, 0x60, 0x0,
    0x0, 0xcf, 0xba, 0x2, 0xf0, 0xd, 0x60, 0x0,
    0x2, 0xfe, 0x8f, 0x63, 0xf0, 0xd, 0x60, 0x0,
    0xa, 0xad, 0x67, 0x55, 0xd0, 0xd, 0x60, 0x0,
    0x3f, 0x4d, 0x60, 0x7, 0xb0, 0xd, 0x60, 0x0,
    0x3a, 0xd, 0x60, 0xb, 0x70, 0xd, 0x60, 0x0,
    0x0, 0xd, 0x60, 0x2f, 0x20, 0xd, 0x62, 0x70,
    0x0, 0xe, 0x60, 0xca, 0x0, 0xd, 0x85, 0xf0,
    0x0, 0xe, 0x64, 0xd1, 0x0, 0x9, 0xff, 0x90,
    0x0, 0x0, 0x0, 0x0, 0x0, 0x0, 0x0, 0x0,

    /* U+675F "閺? */
    0x0, 0x0, 0x0, 0x5f, 0x0, 0x0, 0x0, 0x0,
    0x0, 0x0, 0x5, 0xe0, 0x0, 0x0, 0x0, 0xbf,
    0xff, 0xff, 0xff, 0xff, 0xff, 0xff, 0x61, 0x21,
    0x11, 0x16, 0xe1, 0x11, 0x11, 0x21, 0x1, 0x44,
    0x44, 0x8f, 0x44, 0x44, 0x40, 0x0, 0x5f, 0xcc,
    0xcd, 0xfc, 0xcc, 0xdf, 0x0, 0x4, 0xe0, 0x0,
    0x5e, 0x0, 0x4, 0xe0, 0x0, 0x5f, 0xdd, 0xde,
    0xfd, 0xdd, 0xef, 0x0, 0x1, 0x33, 0x3c, 0xff,
    0xe8, 0x33, 0x30, 0x0, 0x0, 0x8, 0xe7, 0xf6,
    0xe2, 0x0, 0x0, 0x0, 0xa, 0xe3, 0x5f, 0xa,
    0xe2, 0x0, 0x0, 0x4e, 0xe2, 0x5, 0xf0, 0xa,
    0xf8, 0x10, 0x9f, 0xa0, 0x0, 0x5f, 0x0, 0x6,
    0xef, 0x41, 0x40, 0x0, 0x6, 0xf0, 0x0, 0x0,
    0x50,

    /* U+679C "閺? */
    0x1, 0xff, 0xff, 0xff, 0xff, 0xff, 0x40, 0x0,
    0x1f, 0x30, 0x4, 0xe0, 0x0, 0xf4, 0x0, 0x1,
    0xfe, 0xee, 0xef, 0xee, 0xef, 0x40, 0x0, 0x1f,
    0x30, 0x4, 0xe0, 0x0, 0xf4, 0x0, 0x1, 0xf3,
    0x0, 0x4e, 0x0, 0xf, 0x40, 0x0, 0x1f, 0xff,
    0xff, 0xff, 0xff, 0xf4, 0x0, 0x10, 0x0, 0x0,
    0x4e, 0x0, 0x0, 0x0, 0xe, 0xff, 0xff, 0xff,
    0xff, 0xff, 0xff, 0xf0, 0x10, 0x0, 0x6f, 0x6e,
    0x5c, 0x0, 0x1, 0x0, 0x0, 0x8f, 0x44, 0xe0,
    0xbc, 0x20, 0x0, 0x16, 0xdd, 0x30, 0x4e, 0x0,
    0x9f, 0xa5, 0xc, 0xe7, 0x0, 0x4, 0xe0, 0x0,
    0x3b, 0xe1, 0x20, 0x0, 0x0, 0x5f, 0x0, 0x0,
    0x0, 0x0,

    /* U+67B6 "閺? */
    0x0, 0x0, 0xc3, 0x0, 0x0, 0x0, 0x0, 0x0,
    0x0, 0x22, 0xf4, 0x22, 0x5, 0x66, 0x66, 0x10,
    0x3, 0xee, 0xfd, 0xdf, 0x2d, 0xb9, 0x9f, 0x20,
    0x0, 0x4, 0xe0, 0x1f, 0x1c, 0x40, 0xf, 0x20,
    0x0, 0x9, 0xa0, 0x1f, 0x1c, 0x40, 0xf, 0x20,
    0x0, 0x2f, 0x50, 0x4f, 0xd, 0x51, 0x1f, 0x20,
    0x4, 0xea, 0x9, 0xfb, 0xc, 0xee, 0xee, 0x20,
    0x8, 0x90, 0x1, 0x37, 0x70, 0x0, 0x0, 0x0,
    0x3, 0x33, 0x33, 0x39, 0xa3, 0x33, 0x33, 0x40,
    0xa, 0xcb, 0xbb, 0xff, 0xfe, 0xbb, 0xbb, 0xc1,
    0x0, 0x0, 0x6, 0xfa, 0x9e, 0x40, 0x0, 0x0,
    0x0, 0x0, 0x9e, 0x38, 0x82, 0xe8, 0x10, 0x0,
    0x1, 0x6e, 0xc2, 0x8, 0x80, 0x2c, 0xf9, 0x40,
    0xd, 0xe6, 0x0, 0x8, 0x80, 0x0, 0x6d, 0xd0,
    0x2, 0x0, 0x0, 0x8, 0x90, 0x0, 0x0, 0x10,

    /* U+67E5 "閺? */
    0x0, 0x0, 0x0, 0xa, 0x80, 0x0, 0x0, 0x0,
    0x0, 0x0, 0x0, 0xa, 0x80, 0x0, 0x0, 0x0,
    0x8, 0xff, 0xff, 0xff, 0xff, 0xff, 0xff, 0x70,
    0x1, 0x21, 0x1b, 0xca, 0x9d, 0x91, 0x12, 0x10,
    0x0, 0x0, 0x7e, 0x2a, 0x82, 0xe8, 0x0, 0x0,
    0x0, 0x9, 0xf3, 0xa, 0x80, 0x3e, 0xd6, 0x10,
    0x8, 0xee, 0x53, 0x3b, 0x93, 0x34, 0xbf, 0xe1,
    0x8, 0x66, 0xfc, 0xcc, 0xcc, 0xcf, 0x62, 0x40,
    0x0, 0x6, 0xc2, 0x22, 0x22, 0x2c, 0x60, 0x0,
    0x0, 0x6, 0xfc, 0xcc, 0xcc, 0xcf, 0x60, 0x0,
    0x0, 0x6, 0xc1, 0x11, 0x11, 0x1c, 0x60, 0x0,
    0x0, 0x6, 0xee, 0xee, 0xee, 0xee, 0x60, 0x0,
    0x1, 0x11, 0x11, 0x11, 0x11, 0x11, 0x11, 0x10,
    0x9, 0xff, 0xff, 0xff, 0xff, 0xff, 0xff, 0xe0,

    /* U+6807 "閺? */
    0x0, 0xe, 0x40, 0x0, 0x0, 0x0, 0x0, 0x0,
    0x0, 0xd, 0x40, 0x1f, 0xff, 0xff, 0xff, 0x60,
    0x0, 0xd, 0x40, 0x3, 0x21, 0x11, 0x23, 0x10,
    0x29, 0x9f, 0xb9, 0x30, 0x0, 0x0, 0x0, 0x0,
    0x27, 0x9f, 0x97, 0x30, 0x0, 0x0, 0x0, 0x0,
    0x0, 0x6f, 0x40, 0xbf, 0xff, 0xff, 0xff, 0xf2,
    0x0, 0xbf, 0xc8, 0x22, 0x11, 0xe5, 0x11, 0x20,
    0x2, 0xff, 0x8f, 0x20, 0x0, 0xe4, 0x1, 0x0,
    0xa, 0xbd, 0x4b, 0x49, 0xc0, 0xe4, 0xab, 0x0,
    0x6f, 0x2d, 0x40, 0xe, 0x70, 0xe4, 0x3f, 0x50,
    0x36, 0xd, 0x40, 0x6f, 0x0, 0xe4, 0x9, 0xe0,
    0x0, 0xd, 0x41, 0xe8, 0x0, 0xe4, 0x2, 0xe3,
    0x0, 0xe, 0x40, 0x41, 0x48, 0xf3, 0x0, 0x0,
    0x0, 0xe, 0x50, 0x0, 0x6c, 0x80, 0x0, 0x0,

    /* U+68C0 "濡偓" */
    0x0, 0x0, 0x0, 0x0, 0x0, 0x0, 0x0, 0x0,
    0x0, 0xf, 0x40, 0x0, 0xd, 0x80, 0x0, 0x0,
    0x0, 0xe, 0x30, 0x0, 0x3f, 0xd0, 0x0, 0x0,
    0x0, 0xe, 0x30, 0x0, 0xb9, 0xa9, 0x0, 0x0,
    0xd, 0xcf, 0xdd, 0x26, 0xf1, 0x1e, 0x80, 0x0,
    0x5, 0x6f, 0x75, 0x4f, 0x60, 0x2, 0xec, 0x40,
    0x0, 0x6f, 0x34, 0xfc, 0xff, 0xff, 0x4c, 0xf1,
    0x0, 0xcf, 0x43, 0x90, 0x11, 0x11, 0x0, 0x30,
    0x3, 0xff, 0xe8, 0x3, 0x1d, 0x20, 0x6b, 0x0,
    0xb, 0x8e, 0x7f, 0x9d, 0xd, 0x80, 0xab, 0x0,
    0x5f, 0x1e, 0x32, 0x1f, 0x47, 0xd0, 0xf4, 0x0,
    0x6, 0xe, 0x30, 0xb, 0xa2, 0xd6, 0xe0, 0x0,
    0x0, 0xe, 0x30, 0x5, 0x80, 0xa, 0x80, 0x0,
    0x0, 0xe, 0x32, 0x33, 0x33, 0x4f, 0x53, 0x30,
    0x0, 0xe, 0x36, 0xcc, 0xcc, 0xcc, 0xcc, 0xc0,
    0x0, 0xf, 0x40, 0x0, 0x0, 0x0, 0x0, 0x0,

    /* U+6A21 "濡? */
    0x0, 0xf, 0x30, 0x0, 0x98, 0x9, 0x80, 0x0,
    0x0, 0xf, 0x30, 0xbb, 0xed, 0xbe, 0xdb, 0xa0,
    0x0, 0xf, 0x30, 0x22, 0x99, 0x2a, 0x92, 0x20,
    0x6, 0x6f, 0x86, 0x0, 0x33, 0x4, 0x30, 0x0,
    0xa, 0xaf, 0xba, 0x1f, 0xee, 0xee, 0xef, 0x30,
    0x0, 0x4f, 0x30, 0x1f, 0x0, 0x0, 0xd, 0x30,
    0x0, 0xaf, 0x92, 0x1f, 0xee, 0xee, 0xef, 0x30,
    0x2, 0xff, 0x9c, 0x1f, 0x0, 0x0, 0xd, 0x30,
    0xa, 0x9f, 0x3b, 0x3e, 0xee, 0xfe, 0xee, 0x30,
    0x4e, 0x1f, 0x30, 0x0, 0x4, 0xd0, 0x0, 0x0,
    0x1, 0xf, 0x30, 0xee, 0xef, 0xff, 0xee, 0xf0,
    0x0, 0xf, 0x30, 0x0, 0x1e, 0x8e, 0x50, 0x0,
    0x0, 0xf, 0x30, 0x6, 0xe7, 0x3, 0xe9, 0x10,
    0x0, 0xf, 0x34, 0xfb, 0x30, 0x0, 0x1b, 0xf2,
    0x0, 0x0, 0x0, 0x10, 0x0, 0x0, 0x0, 0x0,

    /* U+6B21 "濞? */
    0x0, 0x0, 0x0, 0x4, 0x90, 0x0, 0x0, 0x0,
    0x3, 0x60, 0x0, 0x9, 0xc0, 0x0, 0x0, 0x0,
    0x5, 0xf4, 0x0, 0xe, 0x61, 0x11, 0x11, 0x0,
    0x0, 0x9e, 0x10, 0x6f, 0xff, 0xff, 0xff, 0x30,
    0x0, 0xd, 0xa0, 0xd7, 0x0, 0x0, 0x6e, 0x0,
    0x0, 0x2, 0x7, 0xe0, 0x29, 0x20, 0xb9, 0x0,
    0x0, 0x0, 0x9, 0x50, 0x2f, 0x20, 0xa4, 0x0,
    0x0, 0x2, 0x50, 0x0, 0x3f, 0x20, 0x0, 0x0,
    0x0, 0xb, 0xc0, 0x0, 0x6f, 0x50, 0x0, 0x0,
    0x0, 0x3f, 0x30, 0x0, 0xbe, 0xb0, 0x0, 0x0,
    0x0, 0xc9, 0x0, 0x3, 0xf2, 0xe6, 0x0, 0x0,
    0x7, 0xe1, 0x0, 0x2e, 0x70, 0x5f, 0x50, 0x0,
    0x2f, 0x60, 0x5, 0xe9, 0x0, 0x7, 0xf9, 0x10,
    0x4, 0x1, 0xcf, 0x70, 0x0, 0x0, 0x5f, 0xe1,
    0x0, 0x0, 0x72, 0x0, 0x0, 0x0, 0x1, 0x50,

    /* U+6B63 "濮? */
    0x1, 0x55, 0x55, 0x55, 0x55, 0x55, 0x56, 0x10,
    0x2c, 0xcc, 0xcc, 0xdf, 0xcc, 0xcc, 0xd2, 0x0,
    0x0, 0x0, 0x5, 0xe0, 0x0, 0x0, 0x0, 0x0,
    0x0, 0x0, 0x5e, 0x0, 0x0, 0x0, 0x0, 0xa,
    0x40, 0x5, 0xe0, 0x0, 0x0, 0x0, 0x0, 0xe6,
    0x0, 0x5f, 0x44, 0x44, 0x40, 0x0, 0xe, 0x60,
    0x5, 0xfc, 0xcc, 0xcb, 0x0, 0x0, 0xe6, 0x0,
    0x5e, 0x0, 0x0, 0x0, 0x0, 0xe, 0x60, 0x5,
    0xe0, 0x0, 0x0, 0x0, 0x0, 0xe6, 0x0, 0x5e,
    0x0, 0x0, 0x0, 0x0, 0xe, 0x60, 0x5, 0xe0,
    0x0, 0x0, 0x1, 0x43, 0xe8, 0x33, 0x7f, 0x33,
    0x33, 0x43, 0x4e, 0xee, 0xee, 0xee, 0xee, 0xee,
    0xee, 0xb0,

    /* U+6B65 "濮? */
    0x0, 0x0, 0x0, 0x3, 0xf1, 0x0, 0x0, 0x0,
    0x0, 0x0, 0x0, 0x2, 0xf0, 0x0, 0x0, 0x0,
    0x0, 0x0, 0xf5, 0x2, 0xfd, 0xdd, 0xd9, 0x0,
    0x0, 0x0, 0xe4, 0x2, 0xf2, 0x22, 0x22, 0x0,
    0x0, 0x0, 0xe4, 0x2, 0xf0, 0x0, 0x0, 0x0,
    0x5, 0x44, 0xe7, 0x46, 0xf4, 0x44, 0x44, 0x50,
    0xd, 0xcc, 0xcc, 0xcc, 0xcc, 0xcc, 0xcc, 0xd0,
    0x0, 0x0, 0x1, 0x2, 0xc1, 0x0, 0x0, 0x0,
    0x0, 0x0, 0x8e, 0x12, 0xf0, 0x0, 0x1a, 0x10,
    0x0, 0x6, 0xf4, 0x2, 0xf0, 0x0, 0xce, 0x20,
    0x0, 0x7f, 0x40, 0x2, 0xf0, 0xb, 0xe2, 0x0,
    0x3, 0xf4, 0x0, 0x2, 0xf4, 0xdc, 0x10, 0x0,
    0x0, 0x0, 0x0, 0x6, 0xff, 0x80, 0x0, 0x0,
    0x5, 0x78, 0xac, 0xfd, 0x81, 0x0, 0x0, 0x0,
    0x5, 0xca, 0x85, 0x20, 0x0, 0x0, 0x0, 0x0,

    /* U+6BEB "濮? */
    0x0, 0x0, 0x0, 0x0, 0x0, 0x0, 0x0, 0x0,
    0x0, 0x0, 0x0, 0xa, 0xb0, 0x0, 0x0, 0x0,
    0x8, 0xaa, 0xaa, 0xad, 0xfa, 0xaa, 0xab, 0x60,
    0x2, 0x33, 0x33, 0x33, 0x33, 0x33, 0x33, 0x20,
    0x0, 0x6, 0xee, 0xee, 0xee, 0xee, 0x40, 0x0,
    0x0, 0x5, 0xe4, 0x44, 0x44, 0x4f, 0x40, 0x0,
    0x0, 0x4, 0x99, 0x99, 0x99, 0x99, 0x20, 0x0,
    0xc, 0xcc, 0xcc, 0xcc, 0xcc, 0xcc, 0xcc, 0xc0,
    0xf, 0x51, 0x11, 0x12, 0x35, 0x88, 0x16, 0xf0,
    0x8, 0x27, 0xba, 0xbf, 0x97, 0x53, 0x1, 0x40,
    0x0, 0x15, 0x56, 0x8f, 0x9a, 0xbd, 0x0, 0x0,
    0x0, 0x39, 0x76, 0x7f, 0x32, 0x22, 0x30, 0x0,
    0x2, 0x9a, 0xab, 0xdf, 0xdc, 0xbb, 0xa1, 0x20,
    0x1, 0x43, 0x21, 0x2f, 0x10, 0x0, 0x6, 0xf0,
    0x0, 0x0, 0x0, 0xd, 0xed, 0xdd, 0xde, 0x60,

    /* U+6C34 "濮? */
    0x0, 0x0, 0x0, 0xf, 0x60, 0x0, 0x0, 0x0,
    0x0, 0x0, 0x0, 0xe, 0x60, 0x0, 0x0, 0x0,
    0x0, 0x0, 0x0, 0xe, 0x60, 0x0, 0x0, 0x0,
    0x0, 0x0, 0x0, 0xe, 0x80, 0x0, 0xa6, 0x0,
    0x2f, 0xff, 0xff, 0xe, 0xc0, 0x8, 0xf6, 0x0,
    0x4, 0x32, 0x9d, 0xe, 0xf4, 0x9e, 0x30, 0x0,
    0x0, 0x0, 0xc8, 0xe, 0xcf, 0xd2, 0x0, 0x0,
    0x0, 0x2, 0xf3, 0xe, 0x5e, 0x70, 0x0, 0x0,
    0x0, 0xa, 0xc0, 0xe, 0x55, 0xf2, 0x0, 0x0,
    0x0, 0x4f, 0x30, 0xe, 0x50, 0xae, 0x20, 0x0,
    0x2, 0xe9, 0x0, 0xe, 0x50, 0xc, 0xf5, 0x0,
    0x4f, 0xc0, 0x0, 0xe, 0x50, 0x0, 0xaf, 0xb0,
    0x7, 0x0, 0x0, 0xf, 0x50, 0x0, 0x5, 0x10,
    0x0, 0x0, 0x6, 0xcf, 0x30, 0x0, 0x0, 0x0,
    0x0, 0x0, 0x3, 0x83, 0x0, 0x0, 0x0, 0x0,

    /* U+6C60 "濮? */
    0x0, 0x50, 0x0, 0x0, 0xd, 0x40, 0x0, 0x0,
    0x2, 0xfb, 0x0, 0x0, 0xe, 0x40, 0x0, 0x0,
    0x0, 0x4f, 0x90, 0xa4, 0xd, 0x40, 0x0, 0x0,
    0x0, 0x2, 0x0, 0xe5, 0xd, 0x40, 0x37, 0x0,
    0x5, 0x0, 0x0, 0xd5, 0xd, 0xbe, 0xff, 0x0,
    0x4f, 0xd3, 0x0, 0xdb, 0xef, 0xa4, 0x4f, 0x0,
    0x2, 0xc7, 0x5e, 0xfa, 0x3d, 0x40, 0x4e, 0x0,
    0x0, 0x0, 0x24, 0xd5, 0xd, 0x40, 0x5d, 0x0,
    0x0, 0x5, 0x0, 0xd5, 0xd, 0x40, 0x8c, 0x0,
    0x0, 0x4f, 0x20, 0xd5, 0xd, 0x4c, 0xf6, 0x0,
    0x0, 0xba, 0x0, 0xd5, 0xe, 0x41, 0x10, 0x10,
    0x3, 0xf3, 0x0, 0xd5, 0x4, 0x10, 0x3, 0xf2,
    0xc, 0xc0, 0x0, 0xd8, 0x22, 0x22, 0x29, 0xf0,
    0x2e, 0x50, 0x0, 0x6f, 0xff, 0xff, 0xfe, 0x60,
    0x0, 0x0, 0x0, 0x0, 0x0, 0x0, 0x0, 0x0,

    /* U+6D4B "濞? */
    0x2, 0x30, 0x0, 0x0, 0x0, 0x0, 0x3, 0x90,
    0x7f, 0x72, 0xbb, 0xbb, 0xb0, 0x0, 0x4e, 0x0,
    0x5c, 0x3f, 0x44, 0x5f, 0x9, 0x24, 0xe0, 0x0,
    0x2, 0xe0, 0x52, 0xf0, 0xe3, 0x4e, 0x7, 0x10,
    0x2e, 0x1f, 0x3f, 0xe, 0x34, 0xe0, 0xbe, 0x32,
    0xe0, 0xf2, 0xf0, 0xe3, 0x4e, 0x0, 0xa6, 0x2e,
    0xf, 0x2f, 0xe, 0x34, 0xe0, 0x0, 0x2, 0xe1,
    0xf1, 0xf0, 0xe3, 0x4e, 0x0, 0x1b, 0x3e, 0x3e,
    0x1f, 0x1e, 0x34, 0xe0, 0x7, 0xe2, 0xa6, 0xc0,
    0xa0, 0xe3, 0x4e, 0x0, 0xd7, 0x0, 0xb8, 0x50,
    0xe, 0x34, 0xe0, 0x6e, 0x0, 0x3f, 0x5f, 0x60,
    0x0, 0x4e, 0x1e, 0x80, 0xc, 0xb0, 0x5f, 0x20,
    0x4, 0xe2, 0xc1, 0x9, 0xf2, 0x0, 0xb6, 0xc,
    0xec, 0x0, 0x0, 0x23, 0x0, 0x0, 0x0, 0x65,
    0x10,

    /* U+6D88 "濞? */
    0x0, 0x40, 0x0, 0x20, 0x6, 0xf0, 0x1, 0x10,
    0x4, 0xf8, 0x5, 0xf3, 0x6, 0xf0, 0xb, 0xd0,
    0x0, 0x6f, 0x70, 0xcc, 0x6, 0xf0, 0x4f, 0x30,
    0x0, 0x5, 0x0, 0x3b, 0x16, 0xf0, 0x88, 0x0,
    0x1, 0x0, 0x0, 0x22, 0x27, 0xf2, 0x22, 0x10,
    0x2f, 0xa2, 0x0, 0xef, 0xee, 0xee, 0xef, 0x70,
    0x2, 0xab, 0x0, 0xe6, 0x0, 0x0, 0xe, 0x60,
    0x0, 0x0, 0x0, 0xee, 0xdd, 0xdd, 0xdf, 0x60,
    0x0, 0x9, 0x0, 0xe8, 0x44, 0x44, 0x4e, 0x60,
    0x0, 0x3f, 0x20, 0xe6, 0x0, 0x0, 0xe, 0x60,
    0x0, 0x8c, 0x0, 0xef, 0xff, 0xff, 0xff, 0x60,
    0x0, 0xe7, 0x0, 0xe7, 0x11, 0x11, 0x1e, 0x60,
    0x5, 0xf2, 0x0, 0xe6, 0x0, 0x0, 0xe, 0x60,
    0xe, 0xe0, 0x0, 0xe6, 0x0, 0x2, 0x9f, 0x60,
    0x4, 0x80, 0x0, 0xe6, 0x0, 0x0, 0xdc, 0x10,
    0x0, 0x0, 0x0, 0x0, 0x0, 0x0, 0x0, 0x0,

    /* U+6E90 "濠? */
    0x0, 0x10, 0x0, 0x0, 0x0, 0x0, 0x0, 0x0,
    0x7, 0xe4, 0xe, 0xff, 0xff, 0xff, 0xff, 0xf0,
    0x0, 0x7f, 0x1e, 0x51, 0x14, 0x81, 0x11, 0x10,
    0x0, 0x1, 0xd, 0x51, 0x4b, 0xb4, 0x44, 0x0,
    0x1a, 0x20, 0xd, 0x54, 0xfb, 0xbb, 0xcf, 0x0,
    0x1a, 0xf8, 0xe, 0x54, 0xe0, 0x0, 0x4f, 0x0,
    0x0, 0x45, 0xe, 0x54, 0xff, 0xff, 0xff, 0x0,
    0x0, 0x0, 0xf, 0x44, 0xe0, 0x0, 0x4f, 0x0,
    0x0, 0x97, 0xf, 0x34, 0xff, 0xff, 0xff, 0x0,
    0x0, 0xd7, 0x2f, 0x10, 0x0, 0xe4, 0x0, 0x0,
    0x2, 0xf2, 0x5e, 0x4, 0x50, 0xe4, 0x45, 0x0,
    0x8, 0xc0, 0xba, 0xd, 0xb0, 0xe4, 0x6f, 0x40,
    0xe, 0x74, 0xf4, 0xad, 0x0, 0xe4, 0x9, 0xe1,
    0x3d, 0x2d, 0xb2, 0xd2, 0x8, 0xf3, 0x0, 0x60,
    0x0, 0x2, 0x10, 0x0, 0x8, 0x70, 0x0, 0x0,

    /* U+6EE1 "濠? */
    0x0, 0x20, 0x0, 0x6, 0xc0, 0xe, 0x50, 0x0,
    0x5, 0xf5, 0x3, 0x27, 0xc2, 0x2e, 0x62, 0x30,
    0x0, 0x8f, 0x5e, 0xde, 0xfd, 0xdf, 0xed, 0xe0,
    0x0, 0x3, 0x0, 0x6, 0xc0, 0xe, 0x50, 0x0,
    0x3, 0x0, 0x15, 0x45, 0x64, 0x46, 0x54, 0x50,
    0x1e, 0xc3, 0x2c, 0xbb, 0xfc, 0xcf, 0xbb, 0xc1,
    0x0, 0x83, 0x0, 0x0, 0xe2, 0x3e, 0x0, 0x0,
    0x0, 0x1, 0x1f, 0xff, 0xff, 0xff, 0xff, 0xe0,
    0x0, 0xd, 0x5f, 0x21, 0xf1, 0x5c, 0x4, 0xe0,
    0x0, 0x5e, 0x1f, 0x24, 0xf6, 0x7c, 0x4, 0xe0,
    0x0, 0xc7, 0x1f, 0x2b, 0xad, 0xcf, 0x84, 0xe0,
    0x5, 0xf0, 0x1f, 0x7f, 0x23, 0xf3, 0xf7, 0xe0,
    0x1e, 0x80, 0x1f, 0x36, 0x9, 0x90, 0x14, 0xe0,
    0x9, 0x20, 0x1f, 0x20, 0x0, 0x10, 0x5a, 0xe0,
    0x0, 0x0, 0x1f, 0x20, 0x0, 0x0, 0xce, 0x60,
    0x0, 0x0, 0x0, 0x0, 0x0, 0x0, 0x0, 0x0,

    /* U+6FC0 "濠碘偓" */
    0x0, 0x0, 0x0, 0x0, 0x0, 0x0, 0x0, 0x0,
    0x0, 0x30, 0x0, 0xd5, 0x0, 0x9, 0x60, 0x0,
    0x2, 0xf6, 0x38, 0xfa, 0x83, 0xe, 0x50, 0x0,
    0x0, 0x4f, 0x7d, 0x66, 0xd5, 0x3f, 0x10, 0x10,
    0x0, 0x1, 0x5d, 0x77, 0xd4, 0x7f, 0xff, 0xf2,
    0xa, 0x50, 0x5d, 0x55, 0xc4, 0xe5, 0xe, 0x30,
    0x5, 0xf8, 0x5e, 0xbb, 0xea, 0xf2, 0xf, 0x10,
    0x0, 0x44, 0x13, 0x98, 0x3b, 0xe4, 0x1f, 0x0,
    0x0, 0x0, 0x21, 0x9a, 0x12, 0x77, 0x4c, 0x0,
    0x0, 0x48, 0xee, 0xfd, 0xdb, 0x3c, 0x79, 0x0,
    0x0, 0xa8, 0x5, 0xd3, 0x31, 0xe, 0xc5, 0x0,
    0x1, 0xf2, 0x9, 0xdb, 0xf6, 0xa, 0xf0, 0x0,
    0x8, 0xc0, 0x1f, 0x40, 0xd5, 0xc, 0xf2, 0x0,
    0x1f, 0x60, 0xad, 0x15, 0xf2, 0x9d, 0x9d, 0x0,
    0x1a, 0x17, 0xf3, 0x1d, 0x8b, 0xe2, 0xc, 0xd1,
    0x0, 0x0, 0x30, 0x0, 0x8, 0x20, 0x1, 0x80,

    /* U+70B9 "閻? */
    0x0, 0x0, 0x0, 0x1f, 0x40, 0x0, 0x0, 0x0,
    0x0, 0x0, 0x0, 0x1f, 0x40, 0x0, 0x0, 0x0,
    0x0, 0x0, 0x0, 0x1f, 0xff, 0xff, 0xff, 0x50,
    0x0, 0x0, 0x0, 0x1f, 0x51, 0x11, 0x12, 0x0,
    0x0, 0x1, 0x11, 0x1f, 0x41, 0x11, 0x10, 0x0,
    0x0, 0xf, 0xff, 0xff, 0xff, 0xff, 0xf0, 0x0,
    0x0, 0xf, 0x50, 0x0, 0x0, 0x4, 0xf0, 0x0,
    0x0, 0xf, 0x50, 0x0, 0x0, 0x4, 0xf0, 0x0,
    0x0, 0xf, 0x50, 0x0, 0x0, 0x4, 0xf0, 0x0,
    0x0, 0xf, 0xff, 0xff, 0xff, 0xff, 0xf0, 0x0,
    0x0, 0x21, 0x11, 0x11, 0x11, 0x11, 0x10, 0x0,
    0x0, 0xe8, 0xa, 0x30, 0x3c, 0x0, 0x7b, 0x0,
    0x5, 0xf1, 0xb, 0xa0, 0x1e, 0x70, 0x3f, 0x50,
    0xd, 0x90, 0x5, 0xf1, 0x8, 0xe0, 0x9, 0xe0,
    0x4, 0x10, 0x0, 0x30, 0x1, 0x20, 0x1, 0x30,

    /* U+70ED "閻? */
    0x0, 0x4, 0xe0, 0x0, 0xb, 0x50, 0x0, 0x0,
    0x0, 0x3, 0xd0, 0x0, 0xc, 0x60, 0x0, 0x0,
    0x0, 0x14, 0xd0, 0x1, 0x2d, 0x73, 0x40, 0x0,
    0x8, 0xee, 0xfe, 0x98, 0xcf, 0xdc, 0xf0, 0x0,
    0x0, 0x3, 0xd0, 0x0, 0xd, 0x43, 0xe0, 0x0,
    0x0, 0x3, 0xe7, 0x66, 0x4e, 0x23, 0xd0, 0x0,
    0x7, 0xcf, 0xf9, 0x36, 0xff, 0x3, 0xd0, 0x0,
    0x4, 0x65, 0xd0, 0x0, 0xaf, 0xc3, 0xf0, 0x30,
    0x0, 0x3, 0xd0, 0x3, 0xf2, 0x99, 0xe4, 0xc7,
    0x0, 0x7b, 0xc0, 0x2e, 0x80, 0x0, 0x7e, 0xf1,
    0x0, 0x58, 0x20, 0x7a, 0x0, 0x0, 0x5, 0x30,
    0x0, 0x75, 0x2, 0x20, 0x8, 0x0, 0x7b, 0x0,
    0x1, 0xf6, 0x8, 0xb0, 0xe, 0x60, 0x1f, 0x50,
    0x9, 0xd0, 0x2, 0xf1, 0x8, 0xd0, 0x7, 0xd0,
    0x8, 0x40, 0x0, 0x71, 0x1, 0x40, 0x0, 0x50,

    /* U+7167 "閻? */
    0x0, 0x0, 0x0, 0x0, 0x0, 0x0, 0x0, 0x0,
    0x4, 0xff, 0xff, 0x4c, 0xff, 0xff, 0xff, 0x30,
    0x4, 0xf0, 0xf, 0x40, 0xb, 0x80, 0x1f, 0x20,
    0x4, 0xf0, 0xf, 0x40, 0x2f, 0x30, 0x3f, 0x0,
    0x4, 0xf3, 0x3f, 0x42, 0xd9, 0x5, 0xae, 0x0,
    0x4, 0xfb, 0xbf, 0x4d, 0x90, 0x7, 0xb5, 0x0,
    0x4, 0xf0, 0xf, 0x41, 0xdd, 0xdd, 0xdd, 0x20,
    0x4, 0xf0, 0xf, 0x40, 0xf3, 0x0, 0x1f, 0x20,
    0x4, 0xf2, 0x2f, 0x40, 0xf3, 0x0, 0x1f, 0x20,
    0x4, 0xdd, 0xdd, 0x40, 0xfe, 0xee, 0xef, 0x20,
    0x0, 0x10, 0x0, 0x0, 0x11, 0x11, 0x13, 0x0,
    0x1, 0xf4, 0xa, 0x80, 0xd, 0x50, 0x6d, 0x0,
    0x7, 0xe0, 0x8, 0xc0, 0xa, 0xa0, 0xe, 0x60,
    0xe, 0x70, 0x3, 0xf0, 0x6, 0xe0, 0x7, 0xd0,
    0x3, 0x0, 0x0, 0x20, 0x0, 0x0, 0x0, 0x10,

    /* U+72B6 "閻? */
    0x0, 0x0, 0xe6, 0x0, 0x5, 0x80, 0x0, 0x0,
    0x0, 0x0, 0xd6, 0x0, 0x8, 0xe0, 0x80, 0x0,
    0x16, 0x0, 0xd6, 0x0, 0x8, 0xc0, 0xbc, 0x0,
    0x2e, 0x60, 0xd6, 0x0, 0x7, 0xc0, 0xb, 0x30,
    0x4, 0xf1, 0xd6, 0x11, 0x18, 0xc1, 0x11, 0x20,
    0x0, 0x30, 0xd6, 0xcf, 0xff, 0xff, 0xff, 0xe0,
    0x0, 0x0, 0xe6, 0x0, 0x9, 0xf0, 0x0, 0x0,
    0x0, 0x8, 0xf6, 0x0, 0xc, 0xf3, 0x0, 0x0,
    0x0, 0x6e, 0xe6, 0x0, 0xf, 0xd8, 0x0, 0x0,
    0x6, 0xf3, 0xd6, 0x0, 0x4e, 0x6d, 0x0, 0x0,
    0x2f, 0x60, 0xd6, 0x0, 0xb9, 0x1f, 0x40, 0x0,
    0x2, 0x0, 0xd6, 0x4, 0xf3, 0x9, 0xd0, 0x0,
    0x0, 0x0, 0xe6, 0x1d, 0xa0, 0x0, 0xec, 0x10,
    0x0, 0x0, 0xe8, 0xce, 0x10, 0x0, 0x4f, 0xd0,
    0x0, 0x0, 0xe9, 0xc3, 0x0, 0x0, 0x4, 0x30,

    /* U+7406 "閻? */
    0x2, 0x11, 0x12, 0x4f, 0xff, 0xff, 0xff, 0xd0,
    0x5f, 0xff, 0xff, 0x4e, 0x0, 0xf3, 0x5, 0xd0,
    0x0, 0x3e, 0x0, 0x4e, 0x0, 0xf3, 0x5, 0xd0,
    0x0, 0x3e, 0x0, 0x4f, 0xff, 0xff, 0xff, 0xd0,
    0x0, 0x3e, 0x0, 0x4e, 0x0, 0xf3, 0x5, 0xd0,
    0x2f, 0xff, 0xfa, 0x4e, 0x0, 0xf3, 0x5, 0xd0,
    0x0, 0x3e, 0x0, 0x4f, 0xee, 0xfe, 0xef, 0xd0,
    0x0, 0x3e, 0x0, 0x1, 0x11, 0xf4, 0x11, 0x10,
    0x0, 0x3e, 0x0, 0x0, 0x0, 0xf3, 0x0, 0x0,
    0x0, 0x3e, 0x29, 0x7f, 0xff, 0xff, 0xff, 0xd0,
    0x3, 0x9f, 0xd7, 0x11, 0x0, 0xf4, 0x0, 0x10,
    0x1f, 0x92, 0x0, 0x0, 0x0, 0xf3, 0x0, 0x0,
    0x0, 0x0, 0x4, 0xff, 0xff, 0xff, 0xff, 0xf7,
    0x0, 0x0, 0x0, 0x0, 0x0, 0x0, 0x0, 0x0,

    /* U+7528 "閻? */
    0x0, 0x5f, 0xff, 0xff, 0xff, 0xff, 0xff, 0x0,
    0x4e, 0x0, 0x5, 0xe0, 0x0, 0x5f, 0x0, 0x4e,
    0x0, 0x5, 0xe0, 0x0, 0x5e, 0x0, 0x4f, 0xee,
    0xee, 0xfe, 0xee, 0xee, 0x0, 0x4e, 0x0, 0x5,
    0xe0, 0x0, 0x5e, 0x0, 0x4e, 0x0, 0x5, 0xe0,
    0x0, 0x5e, 0x0, 0x4e, 0x0, 0x5, 0xe0, 0x0,
    0x5e, 0x0, 0x5f, 0xff, 0xff, 0xff, 0xff, 0xfe,
    0x0, 0x6d, 0x0, 0x5, 0xe0, 0x0, 0x5e, 0x0,
    0x8a, 0x0, 0x5, 0xe0, 0x0, 0x5e, 0x0, 0xd6,
    0x0, 0x5, 0xe0, 0x0, 0x5e, 0x3, 0xf1, 0x0,
    0x5, 0xf0, 0x3, 0x8d, 0xc, 0xa0, 0x0, 0x5,
    0xd0, 0xb, 0xf6, 0x1, 0x10, 0x0, 0x0, 0x0,
    0x1, 0x0,

    /* U+7531 "閻? */
    0x0, 0x0, 0x0, 0xd6, 0x0, 0x0, 0x0, 0x0,
    0x0, 0x0, 0xc5, 0x0, 0x0, 0x0, 0x0, 0x0,
    0x0, 0xc5, 0x0, 0x0, 0x0, 0x14, 0x44, 0x44,
    0xd8, 0x44, 0x44, 0x40, 0x3f, 0xbb, 0xbb, 0xfd,
    0xbb, 0xbc, 0xf1, 0x3f, 0x0, 0x0, 0xc5, 0x0,
    0x3, 0xf1, 0x3f, 0x0, 0x0, 0xc5, 0x0, 0x3,
    0xf1, 0x3f, 0x0, 0x0, 0xc5, 0x0, 0x3, 0xf1,
    0x3f, 0xff, 0xff, 0xff, 0xff, 0xff, 0xf1, 0x3f,
    0x0, 0x0, 0xc5, 0x0, 0x3, 0xf1, 0x3f, 0x0,
    0x0, 0xc5, 0x0, 0x3, 0xf1, 0x3f, 0x0, 0x0,
    0xc5, 0x0, 0x3, 0xf1, 0x3f, 0xdd, 0xdd, 0xfe,
    0xdd, 0xdd, 0xf1, 0x3f, 0x22, 0x22, 0x22, 0x22,
    0x24, 0xf1, 0x1, 0x0, 0x0, 0x0, 0x0, 0x0,
    0x0,

    /* U+7535 "閻? */
    0x0, 0x0, 0x5, 0xf0, 0x0, 0x0, 0x0, 0x0,
    0x0, 0x0, 0x5f, 0x0, 0x0, 0x0, 0x0, 0x2,
    0x22, 0x26, 0xf2, 0x22, 0x22, 0x0, 0x5, 0xfe,
    0xee, 0xef, 0xee, 0xee, 0xf0, 0x0, 0x5f, 0x10,
    0x5, 0xf0, 0x0, 0x4f, 0x0, 0x5, 0xf1, 0x0,
    0x5f, 0x0, 0x4, 0xf0, 0x0, 0x5f, 0xff, 0xff,
    0xff, 0xff, 0xff, 0x0, 0x5, 0xf1, 0x0, 0x5f,
    0x0, 0x4, 0xf0, 0x0, 0x5f, 0x10, 0x5, 0xf0,
    0x0, 0x4f, 0x0, 0x5, 0xf5, 0x44, 0x8f, 0x44,
    0x47, 0xf0, 0x0, 0x5f, 0xcc, 0xcd, 0xfc, 0xcc,
    0xcc, 0x0, 0x5, 0xf0, 0x0, 0x5f, 0x0, 0x0,
    0x0, 0x0, 0x0, 0x0, 0x5, 0xf0, 0x0, 0x0,
    0x1e, 0x30, 0x0, 0x0, 0x3f, 0x52, 0x22, 0x28,
    0xf1, 0x0, 0x0, 0x0, 0xbe, 0xff, 0xff, 0xe8,
    0x0,

    /* U+7559 "閻? */
    0x1, 0x25, 0x99, 0x0, 0x0, 0x0, 0x0, 0x5f,
    0xfd, 0xa7, 0x1e, 0xff, 0xff, 0xfd, 0x5f, 0x0,
    0x50, 0x1, 0x1f, 0x30, 0x8b, 0x5f, 0x0, 0xd9,
    0x0, 0x5f, 0x0, 0xa9, 0x5f, 0x3a, 0xdf, 0x42,
    0xe7, 0x13, 0xd7, 0x9f, 0xe6, 0x2, 0x4e, 0xa0,
    0x5f, 0xe2, 0x37, 0x0, 0x0, 0x5, 0x0, 0x3,
    0x0, 0x8, 0xff, 0xff, 0xff, 0xff, 0xff, 0xe0,
    0x8, 0xc0, 0x0, 0x4e, 0x0, 0x5, 0xe0, 0x8,
    0xc0, 0x0, 0x4e, 0x0, 0x5, 0xe0, 0x8, 0xff,
    0xff, 0xff, 0xff, 0xff, 0xe0, 0x8, 0xc0, 0x0,
    0x4e, 0x0, 0x5, 0xe0, 0x8, 0xfd, 0xdd, 0xef,
    0xdd, 0xde, 0xe0, 0x8, 0xc2, 0x22, 0x22, 0x22,
    0x26, 0xf0, 0x8, 0xc0, 0x0, 0x0, 0x0, 0x5,
    0xf0,

    /* U+76F8 "閻? */
    0x0, 0x5, 0xf0, 0x0, 0x0, 0x0, 0x0, 0x0,
    0x0, 0x5e, 0x0, 0x4f, 0xff, 0xff, 0xff, 0x0,
    0x5, 0xe0, 0x3, 0xf1, 0x11, 0x14, 0xf0, 0x67,
    0x9f, 0x67, 0x5f, 0x0, 0x0, 0x4e, 0x9, 0xbe,
    0xfb, 0xb6, 0xf0, 0x0, 0x4, 0xe0, 0x0, 0xce,
    0x0, 0x3f, 0xff, 0xff, 0xfe, 0x0, 0x1f, 0xe7,
    0x13, 0xf0, 0x0, 0x4, 0xe0, 0x8, 0xfe, 0xac,
    0x4f, 0x0, 0x0, 0x4e, 0x0, 0xe9, 0xe0, 0xb6,
    0xff, 0xff, 0xff, 0xe0, 0x9c, 0x5e, 0x0, 0x3f,
    0x11, 0x11, 0x5e, 0xa, 0x35, 0xe0, 0x3, 0xf0,
    0x0, 0x4, 0xe0, 0x0, 0x5e, 0x0, 0x3f, 0x0,
    0x0, 0x4e, 0x0, 0x5, 0xe0, 0x3, 0xff, 0xff,
    0xff, 0xf0, 0x0, 0x5f, 0x0, 0x4f, 0x11, 0x11,
    0x5f, 0x0, 0x0, 0x10, 0x0, 0x10, 0x0, 0x0,
    0x0,

    /* U+770B "閻? */
    0x0, 0x0, 0x0, 0x0, 0x12, 0x46, 0x88, 0x0,
    0x1, 0xdd, 0xee, 0xff, 0xed, 0xcb, 0xa9, 0x10,
    0x0, 0x34, 0x32, 0x6e, 0x0, 0x0, 0x10, 0x0,
    0x0, 0x4e, 0xee, 0xff, 0xee, 0xee, 0xe9, 0x0,
    0x0, 0x0, 0x0, 0xe4, 0x0, 0x0, 0x0, 0x10,
    0x2f, 0xff, 0xff, 0xff, 0xff, 0xff, 0xff, 0xf4,
    0x0, 0x0, 0x1e, 0x60, 0x0, 0x0, 0x0, 0x0,
    0x0, 0x1, 0xdf, 0xff, 0xff, 0xff, 0xf7, 0x0,
    0x0, 0x2d, 0xfa, 0x0, 0x0, 0x0, 0xc7, 0x0,
    0x7, 0xfa, 0x9f, 0xff, 0xff, 0xff, 0xf7, 0x0,
    0x1d, 0x70, 0x9a, 0x0, 0x0, 0x0, 0xc7, 0x0,
    0x0, 0x0, 0x9f, 0xee, 0xee, 0xee, 0xf7, 0x0,
    0x0, 0x0, 0x9a, 0x0, 0x0, 0x0, 0xc7, 0x0,
    0x0, 0x0, 0x9f, 0xff, 0xff, 0xff, 0xf7, 0x0,
    0x0, 0x0, 0x9a, 0x0, 0x0, 0x0, 0xc7, 0x0,

    /* U+7784 "閻? */
    0x0, 0x0, 0x0, 0x0, 0xb6, 0x2, 0xf3, 0x2,
    0xbb, 0xbb, 0x20, 0xb, 0x50, 0x1f, 0x20, 0x3f,
    0x33, 0xf4, 0xff, 0xff, 0xff, 0xff, 0xf3, 0xe0,
    0xe, 0x31, 0x1b, 0x50, 0x1f, 0x32, 0x3f, 0x33,
    0xf3, 0x0, 0xa4, 0x0, 0xc2, 0x3, 0xff, 0xff,
    0x30, 0x0, 0x0, 0x0, 0x0, 0x3e, 0x0, 0xe3,
    0x7f, 0xff, 0xff, 0xff, 0xe3, 0xe0, 0xe, 0x35,
    0xe0, 0xe, 0x30, 0x4e, 0x3f, 0xdd, 0xf3, 0x4e,
    0x0, 0xe3, 0x4, 0xe3, 0xe0, 0xe, 0x34, 0xff,
    0xff, 0xff, 0xfe, 0x3e, 0x0, 0xe3, 0x4e, 0x11,
    0xe4, 0x15, 0xe3, 0xf3, 0x3f, 0x34, 0xe0, 0xe,
    0x30, 0x4e, 0x3f, 0xee, 0xf4, 0x4f, 0x44, 0xf6,
    0x47, 0xe3, 0xc0, 0xb, 0x45, 0xfb, 0xbb, 0xbb,
    0xcf, 0x0, 0x0, 0x0, 0x7e, 0x0, 0x0, 0x0,
    0x0,

    /* U+7801 "閻? */
    0x0, 0x0, 0x0, 0x0, 0x10, 0x0, 0x0, 0x0,
    0x1f, 0xff, 0xff, 0xd9, 0xff, 0xff, 0xfb, 0x0,
    0x0, 0xe, 0x40, 0x0, 0x33, 0x0, 0x89, 0x0,
    0x0, 0x1f, 0x0, 0x0, 0xa9, 0x0, 0xa7, 0x0,
    0x0, 0x6c, 0x0, 0x0, 0xb6, 0x0, 0xd5, 0x0,
    0x0, 0xbd, 0xaa, 0x50, 0xd4, 0x0, 0xf3, 0x0,
    0x2, 0xfb, 0x6b, 0x80, 0xf3, 0x1, 0xf1, 0x0,
    0x9, 0xf8, 0x9, 0x71, 0xff, 0xff, 0xff, 0xf0,
    0x3f, 0xb8, 0x9, 0x70, 0x0, 0x0, 0x5, 0xd0,
    0x17, 0x98, 0x9, 0x72, 0x22, 0x22, 0x37, 0xc0,
    0x0, 0x9a, 0x4b, 0x7d, 0xee, 0xee, 0xfc, 0xa0,
    0x0, 0x9d, 0xbe, 0x80, 0x0, 0x0, 0x9, 0x80,
    0x0, 0x98, 0x5, 0x50, 0x0, 0x0, 0xd, 0x50,
    0x0, 0x22, 0x0, 0x0, 0x0, 0xd, 0xfe, 0x0,
    0x0, 0x0, 0x0, 0x0, 0x0, 0x5, 0x51, 0x0,

    /* U+786E "绾? */
    0x0, 0x0, 0x0, 0x0, 0x32, 0x0, 0x0, 0x0,
    0x0, 0x0, 0x0, 0xc, 0xa0, 0x0, 0x0, 0xb,
    0xcc, 0xcc, 0x44, 0xfb, 0xaa, 0xa1, 0x0, 0x34,
    0xf5, 0x32, 0xe7, 0x33, 0xf8, 0x0, 0x0, 0x4f,
    0x0, 0xba, 0x0, 0x6e, 0x0, 0x0, 0x8, 0xa0,
    0x6, 0xac, 0xcf, 0xec, 0xca, 0x0, 0xea, 0x77,
    0xb, 0x61, 0xe3, 0x16, 0xd0, 0x8f, 0x98, 0xf1,
    0xb5, 0xe, 0x20, 0x5d, 0x4f, 0xf2, 0xf, 0xb,
    0xee, 0xfe, 0xee, 0xd3, 0x9e, 0x20, 0xf0, 0xc5,
    0xe, 0x20, 0x5d, 0x0, 0xe2, 0xf, 0xc, 0x62,
    0xe4, 0x26, 0xd0, 0xe, 0x53, 0xf0, 0xed, 0xcf,
    0xcc, 0xdd, 0x0, 0xec, 0xbf, 0x2f, 0x20, 0xe2,
    0x5, 0xd0, 0xe, 0x20, 0xb9, 0xd0, 0xe, 0x20,
    0x5d, 0x0, 0x81, 0x1, 0xe4, 0x0, 0xb1, 0x6e,
    0xb0, 0x0, 0x0, 0x1, 0x0, 0x0, 0x2, 0x40,

    /* U+793A "缁€? */
    0x0, 0x0, 0x0, 0x0, 0x0, 0x0, 0x0, 0x0,
    0xff, 0xff, 0xff, 0xff, 0xff, 0x10, 0x0, 0x21,
    0x11, 0x11, 0x11, 0x12, 0x0, 0x0, 0x0, 0x0,
    0x0, 0x0, 0x0, 0x0, 0x0, 0x0, 0x0, 0x0,
    0x0, 0x0, 0x0, 0xad, 0xdd, 0xdd, 0xdd, 0xdd,
    0xdd, 0xdd, 0x33, 0x33, 0x33, 0x8c, 0x33, 0x33,
    0x34, 0x0, 0x3, 0x0, 0x7c, 0x0, 0x10, 0x0,
    0x0, 0x2f, 0x50, 0x7c, 0x6, 0xd1, 0x0, 0x0,
    0xbc, 0x0, 0x7c, 0x0, 0xcb, 0x0, 0x5, 0xf2,
    0x0, 0x7c, 0x0, 0x1e, 0x90, 0x2f, 0x70, 0x0,
    0x7c, 0x0, 0x4, 0xf5, 0x5c, 0x0, 0x0, 0x8b,
    0x0, 0x0, 0x74, 0x0, 0x0, 0x4f, 0xf8, 0x0,
    0x0, 0x0, 0x0, 0x0, 0x6, 0x20, 0x0, 0x0,
    0x0,

    /* U+79BB "缁? */
    0x0, 0x0, 0x0, 0x32, 0x0, 0x0, 0x0, 0x0,
    0x0, 0x0, 0xc9, 0x0, 0x0, 0x0, 0xad, 0xdd,
    0xdd, 0xef, 0xdd, 0xdd, 0xdd, 0x11, 0x0, 0x63,
    0x0, 0x4b, 0x30, 0x11, 0x4, 0x91, 0x8c, 0xda,
    0xe6, 0x13, 0x80, 0x5, 0xc0, 0x49, 0xda, 0xfa,
    0x35, 0xc0, 0x5, 0xc1, 0xb6, 0x0, 0x18, 0x75,
    0xc0, 0x5, 0xfd, 0xdd, 0xdd, 0xdd, 0xde, 0xd0,
    0x0, 0x11, 0x11, 0xc4, 0x11, 0x11, 0x10, 0x1,
    0x11, 0x14, 0xf4, 0x11, 0x11, 0x10, 0x4f, 0xdd,
    0xdf, 0xed, 0xdd, 0xdd, 0xe9, 0x4d, 0x0, 0x5e,
    0x10, 0x19, 0x0, 0x89, 0x4d, 0x6, 0xf4, 0x13,
    0x5f, 0x90, 0x89, 0x4d, 0x9, 0xff, 0xdb, 0x98,
    0xf1, 0x89, 0x4d, 0x2, 0x30, 0x0, 0x0, 0x25,
    0xb9, 0x5d, 0x0, 0x0, 0x0, 0x0, 0xf, 0xe5,
    0x0, 0x0, 0x0, 0x0, 0x0, 0x0, 0x0,

    /* U+79FB "缁? */
    0x0, 0x0, 0x0, 0x0, 0x1, 0x0, 0x0, 0x0,
    0x0, 0x25, 0x8c, 0xb0, 0xb, 0xe0, 0x0, 0x0,
    0xc, 0xff, 0xfb, 0x70, 0x2f, 0x70, 0x0, 0x0,
    0x4, 0x65, 0xf0, 0x0, 0xbf, 0xee, 0xef, 0x50,
    0x0, 0x2, 0xf0, 0x9, 0xf5, 0x20, 0x7d, 0x0,
    0x1d, 0xcc, 0xfc, 0xd4, 0x36, 0xe8, 0xf3, 0x0,
    0x2, 0x18, 0xf1, 0x20, 0x1, 0xce, 0x40, 0x0,
    0x0, 0xc, 0xf1, 0x5, 0x9f, 0xea, 0x10, 0x0,
    0x0, 0x4f, 0xfc, 0x6c, 0xe7, 0xbd, 0x0, 0x0,
    0x0, 0xcc, 0xf7, 0xf4, 0x6, 0xff, 0xff, 0xf1,
    0x7, 0xf4, 0xf0, 0x61, 0x8f, 0x50, 0x8, 0xa0,
    0x1e, 0x72, 0xf0, 0x4, 0xd3, 0xa6, 0x2f, 0x20,
    0x2, 0x2, 0xf0, 0x0, 0x0, 0x2e, 0xe6, 0x0,
    0x0, 0x2, 0xf0, 0x0, 0x14, 0x9f, 0x60, 0x0,
    0x0, 0x2, 0xf0, 0x2e, 0xfe, 0x81, 0x0, 0x0,
    0x0, 0x0, 0x0, 0x4, 0x20, 0x0, 0x0, 0x0,

    /* U+7A33 "缁? */
    0x0, 0x0, 0x0, 0x0, 0x33, 0x0, 0x0, 0x0,
    0x0, 0x14, 0xa9, 0x0, 0xda, 0x0, 0x0, 0x0,
    0x1d, 0xff, 0x97, 0x5, 0xfd, 0xcc, 0xc1, 0x0,
    0x2, 0x1f, 0x10, 0xd, 0x61, 0x1c, 0xa0, 0x0,
    0x0, 0xf, 0x10, 0x7d, 0x0, 0x1f, 0x30, 0x0,
    0x14, 0x4f, 0x44, 0xca, 0xff, 0xff, 0xff, 0x0,
    0x39, 0xcf, 0x99, 0x0, 0x0, 0x0, 0x4f, 0x0,
    0x0, 0xaf, 0x20, 0xc, 0xff, 0xff, 0xff, 0x0,
    0x1, 0xff, 0xd6, 0x0, 0x0, 0x0, 0x4f, 0x0,
    0x9, 0x9f, 0x4f, 0x3d, 0xcc, 0xcc, 0xdf, 0x0,
    0x4f, 0x2f, 0x12, 0x4, 0x34, 0x83, 0x33, 0x0,
    0x27, 0xf, 0x10, 0xc1, 0xe3, 0xe2, 0xc, 0x40,
    0x0, 0xf, 0x14, 0xd0, 0xf2, 0x53, 0x35, 0xd0,
    0x0, 0xf, 0x19, 0x90, 0xe4, 0x12, 0xf3, 0xc3,
    0x0, 0xf, 0x12, 0x20, 0xaf, 0xff, 0xb0, 0x0,
    0x0, 0x1f, 0x10, 0x0, 0x0, 0x0, 0x0, 0x0,

    /* U+7AD9 "缁? */
    0x0, 0xc, 0x20, 0x0, 0x1, 0xf2, 0x0, 0x0,
    0x0, 0xa, 0xa0, 0x0, 0x1, 0xf2, 0x0, 0x0,
    0x0, 0x3, 0x70, 0x0, 0x1, 0xf2, 0x0, 0x0,
    0xd, 0xdd, 0xdd, 0xd5, 0x1, 0xff, 0xff, 0xf2,
    0x4, 0x43, 0x33, 0x41, 0x1, 0xf3, 0x12, 0x20,
    0x2, 0x50, 0x6, 0x50, 0x1, 0xf2, 0x0, 0x0,
    0x4, 0xf0, 0xb, 0x80, 0x1, 0xf2, 0x0, 0x0,
    0x0, 0xe4, 0xd, 0x46, 0xee, 0xfe, 0xee, 0x30,
    0x0, 0xa9, 0xf, 0x6, 0xc1, 0x11, 0x2f, 0x30,
    0x0, 0x6a, 0x3d, 0x6, 0xc0, 0x0, 0x1f, 0x30,
    0x0, 0x0, 0x7a, 0x47, 0xc0, 0x0, 0x1f, 0x30,
    0x5, 0x7a, 0xef, 0xc8, 0xc0, 0x0, 0x1f, 0x30,
    0xd, 0xc8, 0x40, 0x6, 0xff, 0xff, 0xff, 0x30,
    0x0, 0x0, 0x0, 0x6, 0xc0, 0x0, 0x1f, 0x30,
    0x0, 0x0, 0x0, 0x0, 0x0, 0x0, 0x0, 0x0,

    /* U+7B49 "缁? */
    0x0, 0x2, 0x0, 0x0, 0x0, 0x0, 0x0, 0x0,
    0x0, 0x6f, 0x20, 0x0, 0x5, 0xf3, 0x0, 0x0,
    0x0, 0xef, 0xee, 0xee, 0x3e, 0xfd, 0xdd, 0xd6,
    0xb, 0xd0, 0x6e, 0x1, 0xbc, 0x11, 0xe6, 0x10,
    0x7, 0x20, 0x16, 0x1c, 0x80, 0x0, 0x78, 0x0,
    0x0, 0x6d, 0xdd, 0xdf, 0xed, 0xdd, 0xd4, 0x0,
    0x0, 0x11, 0x11, 0x1c, 0x81, 0x11, 0x20, 0x0,
    0x0, 0x0, 0x0, 0xc, 0x70, 0x0, 0x0, 0x0,
    0x9f, 0xff, 0xff, 0xff, 0xff, 0xff, 0xff, 0xf7,
    0x0, 0x0, 0x0, 0x0, 0x0, 0x6e, 0x0, 0x0,
    0x0, 0x32, 0x22, 0x22, 0x22, 0x8e, 0x22, 0x10,
    0x1, 0xed, 0xdd, 0xdd, 0xdd, 0xef, 0xde, 0x70,
    0x0, 0x1, 0xc3, 0x0, 0x0, 0x6e, 0x0, 0x0,
    0x0, 0x0, 0x9d, 0x10, 0x0, 0x7e, 0x0, 0x0,
    0x0, 0x0, 0x7, 0x0, 0x59, 0xdc, 0x0, 0x0,
    0x0, 0x0, 0x0, 0x0, 0x3a, 0x71, 0x0, 0x0,

    /* U+7C73 "缁? */
    0x0, 0x0, 0x0, 0x7, 0xf0, 0x0, 0x10, 0x0,
    0x0, 0xc, 0x50, 0x6, 0xe0, 0x0, 0xe9, 0x0,
    0x0, 0xa, 0xe1, 0x5, 0xe0, 0x7, 0xf2, 0x0,
    0x0, 0x1, 0xea, 0x5, 0xe0, 0x2f, 0x70, 0x0,
    0x0, 0x0, 0x53, 0x5, 0xe0, 0x18, 0x0, 0x0,
    0x2, 0x11, 0x11, 0x16, 0xe1, 0x11, 0x11, 0x21,
    0xf, 0xff, 0xff, 0xff, 0xff, 0xff, 0xff, 0xf6,
    0x0, 0x0, 0x0, 0xeb, 0xee, 0x50, 0x0, 0x0,
    0x0, 0x0, 0x7, 0xe5, 0xe5, 0xe1, 0x0, 0x0,
    0x0, 0x0, 0x3f, 0x65, 0xe0, 0xbd, 0x10, 0x0,
    0x0, 0x2, 0xec, 0x5, 0xe0, 0x1d, 0xe6, 0x0,
    0x0, 0x7f, 0xd1, 0x5, 0xe0, 0x1, 0xbf, 0xe4,
    0x9, 0xfb, 0x10, 0x5, 0xe0, 0x0, 0x6, 0xe1,
    0x1, 0x50, 0x0, 0x5, 0xe0, 0x0, 0x0, 0x0,
    0x0, 0x0, 0x0, 0x6, 0xf0, 0x0, 0x0, 0x0,

    /* U+7CBE "缁? */
    0x0, 0xf, 0x30, 0x0, 0x0, 0xf2, 0x0, 0x0,
    0x0, 0xe, 0x30, 0x3, 0x22, 0xf4, 0x23, 0x10,
    0x2d, 0xe, 0x3d, 0x5c, 0xbb, 0xfc, 0xbc, 0x40,
    0xb, 0x8e, 0x8d, 0x3, 0x33, 0xf4, 0x33, 0x0,
    0x2, 0x3e, 0x74, 0x9, 0x99, 0xfa, 0x9a, 0x0,
    0x3f, 0xff, 0xff, 0x46, 0x66, 0xf7, 0x66, 0x60,
    0x1, 0x7f, 0x41, 0x47, 0x77, 0x77, 0x77, 0x80,
    0x0, 0xcf, 0x88, 0xc, 0xee, 0xee, 0xed, 0x0,
    0x4, 0xde, 0x5e, 0x4d, 0x30, 0x0, 0x3f, 0x0,
    0xd, 0x5e, 0x35, 0x6d, 0xee, 0xee, 0xee, 0x0,
    0x5b, 0xe, 0x30, 0xd, 0x30, 0x0, 0x3e, 0x0,
    0x0, 0xe, 0x30, 0xd, 0xee, 0xee, 0xee, 0x0,
    0x0, 0xe, 0x30, 0xd, 0x30, 0x0, 0x3e, 0x0,
    0x0, 0xf, 0x30, 0xd, 0x30, 0x4, 0xae, 0x0,
    0x0, 0xf, 0x30, 0xe, 0x30, 0x5, 0xf8, 0x0,
    0x0, 0x0, 0x0, 0x0, 0x0, 0x0, 0x0, 0x0,

    /* U+7EBF "缁? */
    0x0, 0x8, 0x40, 0x0, 0x69, 0x0, 0x0, 0x0,
    0x0, 0x1f, 0x50, 0x0, 0x7e, 0xc, 0x70, 0x0,
    0x0, 0x9a, 0x0, 0x0, 0x6d, 0x3, 0xc0, 0x0,
    0x3, 0xe1, 0x2e, 0x30, 0x6d, 0x3, 0x7b, 0x30,
    0x1d, 0x60, 0xab, 0x47, 0xcf, 0xfc, 0x97, 0x10,
    0x4f, 0xff, 0xf1, 0x89, 0x8f, 0x0, 0x0, 0x10,
    0x3, 0xa, 0x60, 0x0, 0x2f, 0x47, 0xae, 0xf0,
    0x0, 0x5c, 0x0, 0x6b, 0xef, 0xd9, 0x63, 0x0,
    0x5, 0xf5, 0x34, 0x44, 0x1c, 0x50, 0x8b, 0x10,
    0xd, 0xfe, 0xc9, 0x0, 0x8, 0xa7, 0xf6, 0x0,
    0x2, 0x0, 0x0, 0x0, 0x3, 0xff, 0x50, 0x0,
    0x3, 0x58, 0xbe, 0x60, 0x1b, 0xfc, 0x0, 0x40,
    0x1f, 0xe9, 0x52, 0x6, 0xeb, 0x2e, 0x93, 0xf4,
    0x1, 0x0, 0x0, 0xcf, 0x60, 0x2, 0xef, 0xd0,
    0x0, 0x0, 0x0, 0x21, 0x0, 0x0, 0x16, 0x10,

    /* U+7ED1 "缂? */
    0x0, 0x3, 0x20, 0x4, 0x80, 0x0, 0x0, 0x0,
    0x0, 0xb, 0x90, 0x5, 0xc0, 0x6, 0x66, 0x60,
    0x0, 0x1e, 0x10, 0x26, 0xc2, 0x2f, 0x9b, 0xe0,
    0x0, 0x87, 0x10, 0xee, 0xfe, 0x7f, 0x8, 0x90,
    0x2, 0xd0, 0x9a, 0x5, 0xc0, 0x1f, 0xc, 0x40,
    0xd, 0xc9, 0xf3, 0x15, 0xc1, 0x1f, 0xf, 0x0,
    0x7, 0x6c, 0x90, 0xff, 0xff, 0x6f, 0x5c, 0x0,
    0x0, 0x2e, 0x10, 0x5, 0xb0, 0x1f, 0x1e, 0x30,
    0x0, 0xb7, 0x21, 0x6, 0xa0, 0x1f, 0x7, 0xb0,
    0x8, 0xff, 0xd6, 0xff, 0xff, 0x8f, 0x0, 0xf1,
    0x1, 0x40, 0x0, 0x1b, 0x81, 0x2f, 0x0, 0xf3,
    0x0, 0x3, 0x7a, 0xe, 0x40, 0x1f, 0x4c, 0xe0,
    0x9, 0xfe, 0x94, 0x5e, 0x0, 0x1f, 0x2a, 0x20,
    0x2, 0x30, 0x2, 0xe6, 0x0, 0x1f, 0x0, 0x0,
    0x0, 0x0, 0x6, 0xa0, 0x0, 0x1f, 0x0, 0x0,
    0x0, 0x0, 0x0, 0x0, 0x0, 0x0, 0x0, 0x0,

    /* U+7ED3 "缂? */
    0x0, 0xa, 0x30, 0x0, 0x0, 0xe5, 0x0, 0x0,
    0x0, 0x3f, 0x40, 0x0, 0x0, 0xe5, 0x0, 0x0,
    0x0, 0xab, 0x0, 0x13, 0x33, 0xe7, 0x33, 0x41,
    0x2, 0xf2, 0x8, 0x6d, 0xcc, 0xfd, 0xcc, 0xd4,
    0xc, 0xa0, 0x6f, 0x30, 0x0, 0xd5, 0x0, 0x0,
    0x5f, 0xdd, 0xf5, 0x2, 0x22, 0xe6, 0x22, 0x10,
    0x16, 0x3b, 0x90, 0x9, 0xdd, 0xdd, 0xdd, 0x70,
    0x0, 0x4d, 0x0, 0x0, 0x0, 0x0, 0x0, 0x0,
    0x3, 0xe8, 0x7a, 0x24, 0xff, 0xff, 0xff, 0x40,
    0xf, 0xfd, 0xa8, 0x4, 0xe0, 0x0, 0xe, 0x40,
    0x2, 0x0, 0x0, 0x4, 0xe0, 0x0, 0xe, 0x40,
    0x0, 0x3, 0x58, 0x34, 0xe0, 0x0, 0xe, 0x40,
    0x4f, 0xff, 0xda, 0x24, 0xff, 0xff, 0xff, 0x40,
    0x5, 0x20, 0x0, 0x4, 0xe0, 0x0, 0xe, 0x40,
    0x0, 0x0, 0x0, 0x0, 0x10, 0x0, 0x0, 0x0,

    /* U+7EDC "缂? */
    0x0, 0x3, 0x0, 0x0, 0x4b, 0x10, 0x0, 0x0,
    0x0, 0xe, 0x70, 0x0, 0xac, 0x0, 0x0, 0x0,
    0x0, 0x5e, 0x0, 0x1, 0xff, 0xff, 0xff, 0x50,
    0x0, 0xc5, 0xa, 0x1a, 0xf9, 0x0, 0x9c, 0x0,
    0x6, 0xc0, 0x7e, 0x7f, 0x4f, 0x44, 0xf2, 0x0,
    0x1f, 0xed, 0xf6, 0x44, 0x6, 0xef, 0x50, 0x0,
    0x6, 0x28, 0xd0, 0x0, 0x8, 0xff, 0x50, 0x0,
    0x0, 0x1f, 0x40, 0x17, 0xee, 0x48, 0xfd, 0x72,
    0x0, 0xab, 0x0, 0xcf, 0xa1, 0x0, 0x3c, 0xf8,
    0x7, 0xfc, 0xdd, 0x25, 0xff, 0xff, 0xff, 0x21,
    0x4, 0x96, 0x42, 0x3, 0xe0, 0x0, 0x3f, 0x0,
    0x0, 0x2, 0x59, 0x13, 0xe0, 0x0, 0x3e, 0x0,
    0x8, 0xff, 0xb6, 0x3, 0xfc, 0xcc, 0xde, 0x0,
    0x4, 0x92, 0x0, 0x3, 0xf3, 0x33, 0x6e, 0x0,
    0x0, 0x0, 0x0, 0x3, 0xe0, 0x0, 0x3f, 0x0,
    0x0, 0x0, 0x0, 0x0, 0x10, 0x0, 0x0, 0x0,

    /* U+7EEA "缂? */
    0x0, 0x8, 0x40, 0x0, 0x9, 0x80, 0x0, 0x0,
    0x0, 0x3f, 0x60, 0x0, 0x9, 0x70, 0xc, 0x80,
    0x0, 0xac, 0x0, 0xe, 0xff, 0xfd, 0x5f, 0x40,
    0x2, 0xf3, 0xe, 0x60, 0x9, 0x72, 0xe7, 0x0,
    0xc, 0xa0, 0x6d, 0x22, 0x19, 0x8c, 0xb1, 0x21,
    0x3f, 0xff, 0xf3, 0xbd, 0xdd, 0xfe, 0xdd, 0xd9,
    0x3, 0x19, 0x90, 0x0, 0x4, 0xe1, 0x0, 0x0,
    0x0, 0x3d, 0x0, 0x0, 0xd, 0xdb, 0xbb, 0x20,
    0x2, 0xe9, 0x78, 0xa, 0xf3, 0x33, 0x3f, 0x30,
    0x8, 0xfe, 0xcb, 0xcf, 0xf0, 0x0, 0xe, 0x30,
    0x1, 0x10, 0x2, 0xa5, 0xff, 0xff, 0xff, 0x30,
    0x0, 0x24, 0x79, 0x14, 0xf1, 0x11, 0x1e, 0x30,
    0x3f, 0xfc, 0x85, 0x4, 0xfd, 0xdd, 0xdf, 0x30,
    0x4, 0x0, 0x0, 0x5, 0xe4, 0x44, 0x4f, 0x30,
    0x0, 0x0, 0x0, 0x5, 0xd0, 0x0, 0x0, 0x0,

    /* U+7EED "缂? */
    0x0, 0x19, 0x20, 0x0, 0x0, 0xf3, 0x0, 0x0,
    0x0, 0x8e, 0x10, 0x13, 0x22, 0xf5, 0x22, 0x30,
    0x0, 0xe7, 0x0, 0x4d, 0xcc, 0xfd, 0xcc, 0xc0,
    0x5, 0xe0, 0x68, 0x1, 0x0, 0xf3, 0x0, 0x0,
    0x1e, 0x70, 0xd6, 0x5d, 0xcc, 0xcc, 0xce, 0xa0,
    0x5f, 0xfe, 0xd0, 0x3, 0x70, 0x33, 0xe, 0x40,
    0x3, 0x1e, 0x40, 0x3, 0xeb, 0x9b, 0x7, 0x0,
    0x0, 0x8b, 0x0, 0x4a, 0x23, 0x99, 0x0, 0x0,
    0x5, 0xf5, 0x42, 0x1d, 0xb0, 0x98, 0x0, 0x0,
    0xc, 0xfe, 0xc4, 0x2, 0x50, 0xa7, 0x1, 0x10,
    0x2, 0x10, 0x0, 0x8e, 0xee, 0xfe, 0xee, 0xe0,
    0x0, 0x13, 0x64, 0x0, 0x6, 0xe2, 0x10, 0x0,
    0x1f, 0xfe, 0xb5, 0x1, 0x8f, 0x56, 0xf8, 0x10,
    0x4, 0x20, 0x3, 0xdf, 0xc3, 0x0, 0x4d, 0xe1,
    0x0, 0x0, 0x0, 0x63, 0x0, 0x0, 0x0, 0x40,

    /* U+7F13 "缂? */
    0x0, 0x1a, 0x10, 0x0, 0x12, 0x35, 0x7b, 0x10,
    0x5, 0xf1, 0xa, 0xff, 0xed, 0xb9, 0x82, 0x0,
    0xc8, 0x0, 0x27, 0x6, 0x50, 0x95, 0x0, 0x4e,
    0x3, 0xd2, 0xf2, 0x9b, 0x1f, 0x20, 0x1d, 0xa3,
    0xba, 0x7, 0x23, 0x37, 0xb0, 0x1, 0xeb, 0xdd,
    0x9, 0xee, 0xfe, 0xee, 0xe5, 0x0, 0x2e, 0x20,
    0x10, 0x5e, 0x0, 0x1, 0x10, 0xc, 0x60, 0x3e,
    0xef, 0xee, 0xee, 0xed, 0xc, 0xf8, 0x91, 0x0,
    0xe2, 0x0, 0x0, 0x0, 0xba, 0x88, 0x0, 0x6f,
    0xff, 0xff, 0xc0, 0x0, 0x0, 0x1, 0x1e, 0xd6,
    0x2, 0xf2, 0x2, 0x8a, 0xdf, 0x7b, 0x92, 0xe5,
    0xd7, 0x0, 0x1d, 0x95, 0x2b, 0xd0, 0x8, 0xfe,
    0x20, 0x0, 0x0, 0x4, 0xd2, 0x6b, 0xe6, 0xaf,
    0xe9, 0x0, 0x0, 0x0, 0x8, 0x60, 0x0, 0x16,
    0x40,

    /* U+7F16 "缂? */
    0x0, 0x5, 0x10, 0x0, 0x1, 0xb2, 0x0, 0x0,
    0x0, 0xf, 0x60, 0x0, 0x0, 0xe7, 0x0, 0x0,
    0x0, 0x6d, 0x0, 0x3f, 0xdd, 0xdd, 0xde, 0xd0,
    0x0, 0xc4, 0x13, 0x2f, 0x0, 0x0, 0x4, 0xd0,
    0x4, 0xb0, 0x9d, 0x3f, 0xee, 0xee, 0xee, 0xd0,
    0xe, 0xff, 0xf3, 0x3e, 0x0, 0x0, 0x0, 0x0,
    0x5, 0x3a, 0x90, 0x5e, 0x22, 0x22, 0x22, 0x21,
    0x0, 0x2d, 0x0, 0x7f, 0xdc, 0xeb, 0xfb, 0xe6,
    0x0, 0xc4, 0x21, 0xbf, 0x63, 0xc0, 0xf0, 0xb6,
    0xa, 0xff, 0xe7, 0xfd, 0x75, 0xc2, 0xf3, 0xb6,
    0x4, 0x40, 0x8, 0xab, 0xdc, 0xeb, 0xfb, 0xe6,
    0x0, 0x2, 0x76, 0x2b, 0x63, 0xc0, 0xf1, 0xb6,
    0x1a, 0xdf, 0xb3, 0xb, 0x64, 0xc0, 0xf1, 0xb6,
    0xc, 0x61, 0x0, 0xc, 0x61, 0x50, 0x56, 0xd5,
    0x0, 0x0, 0x0, 0xd, 0x60, 0x0, 0x9, 0xd1,
    0x0, 0x0, 0x0, 0x0, 0x0, 0x0, 0x0, 0x0,

    /* U+7F51 "缂? */
    0x6f, 0xff, 0xff, 0xff, 0xff, 0xff, 0xff, 0x5,
    0xe1, 0x11, 0x11, 0x11, 0x11, 0x15, 0xf0, 0x5e,
    0x1, 0x0, 0xb3, 0x0, 0x47, 0x5e, 0x5, 0xe6,
    0xe0, 0x3f, 0x34, 0x9, 0xc5, 0xe0, 0x5e, 0xd,
    0x77, 0xb7, 0xe1, 0xd5, 0x5e, 0x5, 0xe0, 0x3f,
    0xd5, 0xc, 0xbf, 0x5, 0xe0, 0x5e, 0x0, 0xaf,
    0x0, 0x4f, 0xa0, 0x5e, 0x5, 0xe0, 0xb, 0xf4,
    0x1, 0xfa, 0x5, 0xe0, 0x5e, 0x3, 0xfa, 0xd0,
    0xad, 0xf3, 0x5e, 0x5, 0xe0, 0xc8, 0x1b, 0x6f,
    0x2b, 0xb5, 0xe0, 0x5e, 0x7e, 0x0, 0x3f, 0x80,
    0x38, 0x5e, 0x5, 0xe3, 0x40, 0x1, 0x70, 0x0,
    0x5, 0xe0, 0x5e, 0x0, 0x0, 0x0, 0x0, 0x16,
    0xbe, 0x6, 0xe0, 0x0, 0x0, 0x0, 0x0, 0xdc,
    0x60,

    /* U+7F6E "缂? */
    0xd, 0xed, 0xde, 0xdd, 0xfd, 0xde, 0xc0, 0x0,
    0xc6, 0x4, 0xa0, 0xd, 0x20, 0x7c, 0x0, 0xa,
    0xcc, 0xcc, 0xde, 0xcc, 0xcc, 0xa0, 0x3, 0x66,
    0x66, 0x6c, 0xd6, 0x66, 0x66, 0x0, 0x48, 0x77,
    0x77, 0xea, 0x77, 0x77, 0x80, 0x0, 0x6, 0xbb,
    0xbf, 0xcb, 0xbb, 0x40, 0x0, 0x0, 0x89, 0x22,
    0x22, 0x22, 0xb5, 0x0, 0x0, 0x7, 0xed, 0xdd,
    0xdd, 0xdf, 0x50, 0x0, 0x0, 0x78, 0x11, 0x11,
    0x11, 0xb5, 0x0, 0x0, 0x7, 0xff, 0xff, 0xff,
    0xff, 0x50, 0x0, 0x0, 0x7b, 0x77, 0x77, 0x77,
    0xd5, 0x0, 0x0, 0x7, 0xb5, 0x55, 0x55, 0x5c,
    0x50, 0x0, 0xed, 0xee, 0xdd, 0xdd, 0xdd, 0xed,
    0xde, 0x0,

    /* U+80FD "閼? */
    0x0, 0x0, 0x0, 0x0, 0x0, 0x0, 0x0, 0x0,
    0x7, 0xc0, 0x0, 0xf, 0x30, 0x1, 0x0, 0x1,
    0xe7, 0x2, 0x0, 0xe3, 0x19, 0xf1, 0x0, 0xbb,
    0x6, 0xe1, 0xe, 0xbe, 0xa3, 0x0, 0x9f, 0x44,
    0x5e, 0xd0, 0xe8, 0x10, 0x11, 0x9, 0xca, 0x97,
    0x7d, 0x3e, 0x40, 0x7, 0xd0, 0x1, 0x11, 0x11,
    0x0, 0xbe, 0xcc, 0xf6, 0x1, 0xff, 0xff, 0xf6,
    0x0, 0x22, 0x21, 0x0, 0x1f, 0x11, 0x1c, 0x50,
    0xe3, 0x0, 0x20, 0x1, 0xfe, 0xee, 0xf5, 0xe,
    0x31, 0xaf, 0x20, 0x1f, 0x21, 0x1c, 0x50, 0xec,
    0xfc, 0x30, 0x1, 0xf3, 0x22, 0xd5, 0xe, 0xb4,
    0x0, 0x0, 0x1f, 0xdd, 0xdf, 0x50, 0xe3, 0x0,
    0x0, 0x1, 0xf1, 0x0, 0xc5, 0xe, 0x40, 0x6,
    0xe0, 0x1f, 0x10, 0xbf, 0x40, 0xaf, 0xff, 0xf7,
    0x1, 0xf1, 0xb, 0xb0, 0x0, 0x0, 0x0, 0x0,
    0x0, 0x0, 0x0, 0x0, 0x0, 0x0, 0x0, 0x0,

    /* U+8111 "閼? */
    0x0, 0x0, 0x0, 0x0, 0x2, 0x80, 0x0, 0x0,
    0x2f, 0xff, 0xf0, 0x0, 0x1f, 0x30, 0x0, 0x2,
    0xf1, 0x4f, 0x24, 0x44, 0x85, 0x44, 0x30, 0x2f,
    0x3, 0xe3, 0x87, 0x77, 0x87, 0x75, 0x2, 0xfc,
    0xde, 0x0, 0x85, 0x7, 0xa0, 0x0, 0x2f, 0x46,
    0xe0, 0x4, 0xe0, 0xc5, 0x0, 0x2, 0xf0, 0x3e,
    0x1f, 0xb, 0xad, 0xb, 0x40, 0x2f, 0x3, 0xe1,
    0xf0, 0x3f, 0x70, 0xd4, 0x3, 0xff, 0xfe, 0x1f,
    0x3, 0xf9, 0xd, 0x40, 0x5d, 0x3, 0xe1, 0xf0,
    0xd7, 0xf2, 0xd4, 0x7, 0xa0, 0x3e, 0x1f, 0x7c,
    0x9, 0x9d, 0x40, 0xa8, 0x3, 0xe1, 0xfa, 0x20,
    0x23, 0xd4, 0xe, 0x53, 0x9e, 0x1f, 0x0, 0x12,
    0x2d, 0x44, 0xf1, 0x3d, 0x52, 0xff, 0xff, 0xed,
    0xf4, 0x3, 0x0, 0x0, 0x1, 0x0, 0x0, 0xd,
    0x50,

    /* U+811A "閼? */
    0x0, 0x0, 0x0, 0x1, 0xb0, 0x0, 0x0, 0x0,
    0x2, 0xff, 0xff, 0x1, 0xf0, 0xd, 0xee, 0xe2,
    0x2, 0xe0, 0x3f, 0x13, 0xf2, 0x1e, 0x51, 0xf2,
    0x2, 0xe0, 0x3e, 0x9f, 0xff, 0x7d, 0x40, 0xf1,
    0x2, 0xe2, 0x5e, 0x1, 0xf0, 0xd, 0x40, 0xf1,
    0x2, 0xfd, 0xee, 0x1, 0xf0, 0xd, 0x40, 0xf1,
    0x2, 0xe0, 0x3e, 0xcc, 0xfc, 0xad, 0x40, 0xf1,
    0x2, 0xe0, 0x3e, 0x17, 0xb1, 0x1d, 0x40, 0xf1,
    0x3, 0xff, 0xfe, 0xb, 0x86, 0xd, 0x40, 0xf1,
    0x5, 0xb0, 0x3e, 0x1f, 0x1e, 0x5d, 0x40, 0xf1,
    0x8, 0x90, 0x3e, 0xad, 0xbf, 0xbd, 0x5d, 0xf0,
    0xb, 0x60, 0x3e, 0xba, 0x52, 0x8d, 0x47, 0x20,
    0x1f, 0x25, 0xdc, 0x0, 0x0, 0xd, 0x40, 0x0,
    0x2a, 0x1, 0x61, 0x0, 0x0, 0xe, 0x50, 0x0,

    /* U+81EA "閼? */
    0x0, 0x0, 0x20, 0x0, 0x0, 0x0, 0x0, 0x0,
    0xbb, 0x0, 0x0, 0x0, 0x0, 0x0, 0xd6, 0x0,
    0x0, 0x0, 0x3c, 0xcc, 0xfd, 0xcc, 0xcc, 0xc3,
    0x4f, 0x44, 0x44, 0x44, 0x44, 0xf4, 0x4e, 0x0,
    0x0, 0x0, 0x0, 0xe4, 0x4f, 0x33, 0x33, 0x33,
    0x33, 0xf4, 0x4f, 0xcc, 0xcc, 0xcc, 0xcc, 0xf4,
    0x4e, 0x0, 0x0, 0x0, 0x0, 0xe4, 0x4f, 0x33,
    0x33, 0x33, 0x33, 0xf4, 0x4f, 0xcc, 0xcc, 0xcc,
    0xcc, 0xf4, 0x4e, 0x0, 0x0, 0x0, 0x0, 0xe4,
    0x4e, 0x0, 0x0, 0x0, 0x0, 0xe4, 0x4f, 0xff,
    0xff, 0xff, 0xff, 0xf4, 0x5e, 0x0, 0x0, 0x0,
    0x0, 0xe5,

    /* U+822C "閼? */
    0x0, 0x4, 0xb0, 0x0, 0x0, 0x0, 0x0, 0x0,
    0x0, 0x7, 0xc0, 0x0, 0xf, 0xff, 0xf3, 0x0,
    0x1, 0xfe, 0xee, 0xe2, 0xf, 0x20, 0xe3, 0x0,
    0x1, 0xf0, 0x0, 0xf2, 0xf, 0x10, 0xe3, 0x0,
    0x1, 0xf3, 0xd0, 0xf2, 0x6d, 0x0, 0xe5, 0x10,
    0x1, 0xf0, 0xd4, 0xf5, 0xf4, 0x0, 0x8e, 0xf2,
    0x1, 0xf0, 0x30, 0xf3, 0x83, 0x33, 0x33, 0x10,
    0x2f, 0xff, 0xff, 0xf3, 0xcf, 0xbb, 0xcf, 0x10,
    0x1, 0xf0, 0x0, 0xf2, 0xf, 0x20, 0x7c, 0x0,
    0x2, 0xe3, 0xd0, 0xf2, 0x9, 0xa0, 0xd5, 0x0,
    0x4, 0xc0, 0xd5, 0xf2, 0x1, 0xeb, 0xc0, 0x0,
    0x7, 0xa0, 0x42, 0xf2, 0x0, 0xaf, 0x60, 0x0,
    0xc, 0x60, 0x1, 0xf1, 0x8, 0xe8, 0xf7, 0x0,
    0x3f, 0x10, 0x7f, 0xe5, 0xdc, 0x10, 0x5e, 0xe2,
    0x5, 0x0, 0x14, 0x4, 0x60, 0x0, 0x1, 0x50,

    /* U+83DC "閼? */
    0x0, 0x0, 0x0, 0x0, 0x0, 0x10, 0x0, 0x0,
    0x0, 0x0, 0xd, 0x70, 0x3, 0xf0, 0x0, 0x0,
    0x5, 0x44, 0x4d, 0x94, 0x46, 0xf4, 0x44, 0x41,
    0x1d, 0xcc, 0xcf, 0xdc, 0xcd, 0xfc, 0xcc, 0xc3,
    0x0, 0x0, 0xb, 0x50, 0x3, 0xe2, 0x31, 0x0,
    0x1, 0xcd, 0xdd, 0xef, 0xfe, 0xdc, 0xc9, 0x0,
    0x0, 0x38, 0x21, 0x1a, 0x60, 0x1, 0xc3, 0x0,
    0x0, 0x1e, 0x80, 0x8, 0xe0, 0x8, 0xd0, 0x0,
    0x0, 0x5, 0xf1, 0x4, 0xc0, 0x1e, 0x40, 0x0,
    0x2, 0x22, 0x32, 0x26, 0xe2, 0x22, 0x22, 0x20,
    0x2f, 0xff, 0xff, 0xff, 0xff, 0xff, 0xff, 0xf3,
    0x0, 0x0, 0xb, 0xd5, 0xd7, 0xd1, 0x0, 0x0,
    0x0, 0x0, 0xae, 0x24, 0xd0, 0xae, 0x40, 0x0,
    0x0, 0x3d, 0xd2, 0x4, 0xd0, 0x9, 0xfb, 0x40,
    0xa, 0xfa, 0x0, 0x4, 0xd0, 0x0, 0x5e, 0xc1,
    0x4, 0x50, 0x0, 0x5, 0xe0, 0x0, 0x0, 0x10,

    /* U+8865 "鐞? */
    0x0, 0x1, 0x60, 0x0, 0x2, 0x50, 0x0, 0x0,
    0x0, 0x3, 0xf4, 0x0, 0x6, 0xf0, 0x0, 0x0,
    0x0, 0x0, 0x98, 0x0, 0x5, 0xe0, 0x0, 0x0,
    0x2, 0x33, 0x33, 0x20, 0x5, 0xe0, 0x0, 0x0,
    0x8, 0xed, 0xdf, 0x60, 0x5, 0xe1, 0x60, 0x0,
    0x0, 0x0, 0x7d, 0x0, 0x5, 0xe3, 0xf5, 0x0,
    0x0, 0x2, 0xf3, 0x9, 0x5, 0xe0, 0x8e, 0x10,
    0x0, 0x1d, 0xf3, 0xcb, 0x25, 0xe0, 0xe, 0xb0,
    0x1, 0xdd, 0xff, 0xc0, 0x5, 0xe0, 0x6, 0xf4,
    0x1e, 0xc3, 0xe4, 0xfa, 0x5, 0xe0, 0x0, 0x50,
    0x8, 0x13, 0xe0, 0x3a, 0x5, 0xe0, 0x0, 0x0,
    0x0, 0x3, 0xe0, 0x0, 0x5, 0xe0, 0x0, 0x0,
    0x0, 0x3, 0xe0, 0x0, 0x5, 0xe0, 0x0, 0x0,
    0x0, 0x3, 0xe0, 0x0, 0x5, 0xf0, 0x0, 0x0,
    0x0, 0x4, 0xf0, 0x0, 0x6, 0xf0, 0x0, 0x0,

    /* U+89D2 "鐟? */
    0x0, 0x0, 0x6, 0x90, 0x0, 0x0, 0x0, 0x0,
    0x0, 0x3f, 0x71, 0x11, 0x11, 0x0, 0x0, 0x2,
    0xee, 0xee, 0xee, 0xf8, 0x0, 0x0, 0x5f, 0x80,
    0x0, 0xa, 0x90, 0x0, 0x9, 0xfd, 0xee, 0xee,
    0xef, 0xee, 0xee, 0x1, 0x2c, 0x82, 0x25, 0xf2,
    0x22, 0x6e, 0x0, 0xc, 0x60, 0x3, 0xf0, 0x0,
    0x4e, 0x0, 0xc, 0xff, 0xff, 0xff, 0xff, 0xfe,
    0x0, 0xd, 0x50, 0x3, 0xf0, 0x0, 0x4e, 0x0,
    0xf, 0x40, 0x3, 0xf0, 0x0, 0x4e, 0x0, 0x3f,
    0xff, 0xff, 0xff, 0xff, 0xfe, 0x0, 0x8e, 0x0,
    0x3, 0xf0, 0x0, 0x4e, 0x2, 0xf7, 0x0, 0x3,
    0xf0, 0x0, 0x5e, 0xb, 0xc0, 0x0, 0x4, 0xf0,
    0xe, 0xf9, 0x0, 0x10, 0x0, 0x0, 0x0, 0x2,
    0x10,

    /* U+89E3 "鐟? */
    0x0, 0x9, 0x70, 0x0, 0x0, 0x0, 0x0, 0x0,
    0x0, 0x2f, 0x83, 0x30, 0x9f, 0xff, 0xff, 0xd0,
    0x0, 0xbd, 0xbd, 0xd0, 0x1, 0xf0, 0x6, 0xc0,
    0x9, 0xc0, 0xd, 0x40, 0x6, 0xb0, 0x7, 0xb0,
    0x3e, 0xef, 0xff, 0xff, 0x2e, 0x53, 0xae, 0x80,
    0x0, 0xd5, 0x4c, 0x2f, 0x3b, 0x1, 0xa6, 0x0,
    0x0, 0xd8, 0x8d, 0x6f, 0x3, 0xb, 0x50, 0x0,
    0x0, 0xdb, 0xbe, 0xaf, 0xc, 0x8d, 0x62, 0x20,
    0x0, 0xd4, 0x4c, 0x2f, 0x2f, 0xcf, 0xdd, 0xc0,
    0x0, 0xed, 0xdf, 0xcf, 0x35, 0xc, 0x40, 0x0,
    0x0, 0xf1, 0x4c, 0x2f, 0x8c, 0xcf, 0xdc, 0xd2,
    0x2, 0xf0, 0x4c, 0x2f, 0x12, 0x2d, 0x62, 0x30,
    0x7, 0xc0, 0x4c, 0x4f, 0x0, 0xc, 0x40, 0x0,
    0xe, 0x70, 0x2, 0xdd, 0x0, 0xc, 0x40, 0x0,
    0x3, 0x10, 0x0, 0x31, 0x0, 0xd, 0x50, 0x0,

    /* U+8BA4 "鐠? */
    0x0, 0x0, 0x0, 0x0, 0x0, 0x0, 0x0, 0x0,
    0x0, 0x2b, 0x10, 0x0, 0xd, 0xa0, 0x0, 0x0,
    0x0, 0x1d, 0xc0, 0x0, 0xd, 0x80, 0x0, 0x0,
    0x0, 0x1, 0xe7, 0x0, 0xc, 0x80, 0x0, 0x0,
    0x0, 0x0, 0x20, 0x0, 0xd, 0x80, 0x0, 0x0,
    0x0, 0x0, 0x0, 0x0, 0xd, 0x90, 0x0, 0x0,
    0x3f, 0xff, 0x30, 0x0, 0xe, 0xb0, 0x0, 0x0,
    0x1, 0x2f, 0x30, 0x0, 0x1f, 0xe0, 0x0, 0x0,
    0x0, 0x1f, 0x30, 0x0, 0x4e, 0xf2, 0x0, 0x0,
    0x0, 0x1f, 0x30, 0x0, 0xaa, 0xb8, 0x0, 0x0,
    0x0, 0x1f, 0x39, 0x91, 0xf4, 0x6e, 0x0, 0x0,
    0x0, 0x1f, 0xbe, 0x3a, 0xd0, 0xe, 0x70, 0x0,
    0x0, 0x1f, 0xf3, 0x5f, 0x40, 0x7, 0xf3, 0x0,
    0x0, 0x4f, 0x44, 0xf8, 0x0, 0x0, 0xce, 0x20,
    0x0, 0x2, 0x3f, 0xa0, 0x0, 0x0, 0x1d, 0xd1,
    0x0, 0x0, 0x4, 0x0, 0x0, 0x0, 0x1, 0x20,

    /* U+8BB0 "鐠? */
    0x0, 0x74, 0x0, 0x0, 0x0, 0x0, 0x0, 0x0,
    0x0, 0x7f, 0x60, 0x7f, 0xff, 0xff, 0xfe, 0x0,
    0x0, 0x6, 0xf3, 0x12, 0x11, 0x11, 0x5e, 0x0,
    0x0, 0x0, 0x30, 0x0, 0x0, 0x0, 0x4e, 0x0,
    0x14, 0x44, 0x10, 0x0, 0x0, 0x0, 0x4e, 0x0,
    0x4d, 0xcf, 0x40, 0x0, 0x0, 0x0, 0x4e, 0x0,
    0x0, 0xe, 0x40, 0xd, 0xff, 0xff, 0xff, 0x0,
    0x0, 0xe, 0x40, 0xe, 0x51, 0x11, 0x5f, 0x0,
    0x0, 0xe, 0x40, 0xd, 0x40, 0x0, 0x0, 0x0,
    0x0, 0xe, 0x40, 0xd, 0x40, 0x0, 0x0, 0x0,
    0x0, 0xe, 0x4b, 0x7d, 0x40, 0x0, 0x0, 0x0,
    0x0, 0xf, 0xed, 0x2d, 0x40, 0x0, 0x3, 0xc2,
    0x0, 0x6f, 0xb0, 0xd, 0x91, 0x11, 0x19, 0xf0,
    0x0, 0x29, 0x0, 0x6, 0xff, 0xff, 0xff, 0x70,

    /* U+8BBE "鐠? */
    0x0, 0x50, 0x0, 0x0, 0x0, 0x0, 0x0, 0x0,
    0x0, 0xdb, 0x0, 0xf, 0xff, 0xff, 0x30, 0x0,
    0x0, 0x1e, 0x90, 0xf, 0x20, 0x1f, 0x30, 0x0,
    0x0, 0x3, 0x50, 0x2f, 0x10, 0x1f, 0x30, 0x0,
    0x0, 0x0, 0x0, 0x8c, 0x0, 0x1f, 0x30, 0x0,
    0x4d, 0xdd, 0x15, 0xf4, 0x0, 0xf, 0xed, 0xd0,
    0x13, 0x5f, 0x14, 0x60, 0x0, 0x2, 0x54, 0x40,
    0x0, 0x2f, 0x14, 0xff, 0xff, 0xff, 0xf5, 0x0,
    0x0, 0x2f, 0x10, 0x1f, 0x10, 0x7, 0xe0, 0x0,
    0x0, 0x2f, 0x10, 0xb, 0x80, 0xe, 0x70, 0x0,
    0x0, 0x2f, 0x39, 0x2, 0xf3, 0x9d, 0x0, 0x0,
    0x0, 0x2f, 0xec, 0x0, 0x7f, 0xf3, 0x0, 0x0,
    0x0, 0x4f, 0xb0, 0x1, 0xaf, 0xf8, 0x10, 0x0,
    0x0, 0x4d, 0x14, 0xaf, 0x91, 0x3b, 0xfc, 0x91,
    0x0, 0x0, 0x1b, 0x71, 0x0, 0x0, 0x26, 0x90,

    /* U+8BD5 "鐠? */
    0x0, 0x0, 0x0, 0x0, 0x0, 0x20, 0x0, 0x0,
    0x0, 0x60, 0x0, 0x0, 0x0, 0xf5, 0x8a, 0x0,
    0x1, 0xe9, 0x0, 0x0, 0x0, 0xf4, 0x2e, 0x80,
    0x0, 0x2e, 0x30, 0x0, 0x0, 0xf4, 0x4, 0x20,
    0x0, 0x1, 0x1d, 0xcc, 0xcc, 0xfd, 0xcc, 0xb0,
    0x2, 0x22, 0x4, 0x33, 0x33, 0xd8, 0x33, 0x30,
    0xf, 0xff, 0x0, 0x0, 0x0, 0xb7, 0x0, 0x0,
    0x0, 0x3e, 0x4, 0xdc, 0xc6, 0x99, 0x0, 0x0,
    0x0, 0x3e, 0x1, 0x4f, 0x72, 0x7b, 0x0, 0x0,
    0x0, 0x3e, 0x0, 0xe, 0x30, 0x4f, 0x0, 0x0,
    0x0, 0x3e, 0x0, 0xe, 0x30, 0x1f, 0x30, 0x0,
    0x0, 0x3e, 0x5c, 0xe, 0x31, 0xc, 0x70, 0x10,
    0x0, 0x3f, 0xf5, 0x4f, 0xde, 0x7, 0xd0, 0xe4,
    0x0, 0x8f, 0x39, 0xfa, 0x51, 0x0, 0xea, 0xf4,
    0x0, 0x23, 0x0, 0x0, 0x0, 0x0, 0x5f, 0xe0,
    0x0, 0x0, 0x0, 0x0, 0x0, 0x0, 0x2, 0x10,

    /* U+8BF7 "鐠? */
    0x0, 0x41, 0x0, 0x0, 0x3, 0xf0, 0x0, 0x0,
    0x0, 0xad, 0x10, 0xbb, 0xbc, 0xfb, 0xbb, 0xa0,
    0x0, 0xb, 0xc0, 0x33, 0x35, 0xf3, 0x33, 0x30,
    0x0, 0x1, 0x30, 0x8d, 0xdd, 0xfd, 0xdd, 0x70,
    0x0, 0x0, 0x0, 0x0, 0x3, 0xf0, 0x0, 0x0,
    0x2e, 0xdd, 0x6, 0xdc, 0xcd, 0xfc, 0xcc, 0xd6,
    0x3, 0x6e, 0x1, 0x22, 0x22, 0x22, 0x22, 0x21,
    0x0, 0x3e, 0x0, 0x3f, 0xff, 0xff, 0xff, 0x0,
    0x0, 0x3e, 0x0, 0x2f, 0x0, 0x0, 0x3f, 0x0,
    0x0, 0x3e, 0x0, 0x2f, 0xee, 0xee, 0xef, 0x0,
    0x0, 0x3e, 0x1a, 0x2f, 0x0, 0x0, 0x3f, 0x0,
    0x0, 0x4f, 0xe7, 0x2f, 0xee, 0xee, 0xef, 0x0,
    0x0, 0x9e, 0x30, 0x2f, 0x0, 0x0, 0x3f, 0x0,
    0x0, 0x12, 0x0, 0x3f, 0x0, 0x1, 0xec, 0x0,
    0x0, 0x0, 0x0, 0x0, 0x0, 0x0, 0x0, 0x0,

    /* U+8C03 "鐠? */
    0x0, 0x1, 0x0, 0x0, 0x0, 0x0, 0x0, 0x0,
    0x8, 0xd1, 0x4, 0xff, 0xff, 0xff, 0xff, 0x0,
    0xd, 0xb0, 0x3e, 0x0, 0xb2, 0x3, 0xe0, 0x0,
    0x22, 0x3, 0xe2, 0x3e, 0x53, 0x3e, 0x1, 0x11,
    0x0, 0x3e, 0x7c, 0xfc, 0xa3, 0xe3, 0xff, 0xf1,
    0x3, 0xe0, 0xe, 0x30, 0x3e, 0x0, 0x1f, 0x10,
    0x3e, 0x7b, 0xfc, 0xc4, 0xe0, 0x1, 0xf1, 0x3,
    0xe2, 0x33, 0x33, 0x3e, 0x0, 0x1f, 0x10, 0x4e,
    0x5c, 0xcc, 0x93, 0xe0, 0x1, 0xf4, 0xd6, 0xc6,
    0xb1, 0x6c, 0x3e, 0x0, 0x1f, 0xf8, 0x9a, 0x6b,
    0x5, 0xc3, 0xe0, 0x3, 0xf9, 0xe, 0x76, 0xee,
    0xeb, 0x3e, 0x0, 0x29, 0x6, 0xf1, 0x0, 0x0,
    0x5, 0xe0, 0x0, 0x2, 0xf8, 0x0, 0x0, 0x1e,
    0xfb, 0x0, 0x0, 0x4, 0x0, 0x0, 0x0, 0x75,
    0x0,

    /* U+8D25 "鐠? */
    0x0, 0x0, 0x0, 0x0, 0x0, 0x0, 0x0, 0x0,
    0x0, 0x0, 0x0, 0x0, 0x0, 0xb7, 0x0, 0x0,
    0x3, 0xcc, 0xcc, 0xcb, 0x0, 0xf4, 0x0, 0x0,
    0x3, 0xe3, 0x33, 0x4f, 0x3, 0xe0, 0x0, 0x0,
    0x3, 0xe0, 0x72, 0x2e, 0x8, 0xff, 0xff, 0xf6,
    0x3, 0xe0, 0xe4, 0x2e, 0xe, 0x40, 0x2e, 0x0,
    0x3, 0xe0, 0xe3, 0x2e, 0x5f, 0x50, 0x4c, 0x0,
    0x3, 0xe0, 0xe2, 0x2e, 0xac, 0x70, 0x5a, 0x0,
    0x3, 0xe0, 0xe2, 0x2e, 0x4, 0xb0, 0x88, 0x0,
    0x3, 0xe0, 0xf0, 0x2f, 0x0, 0xe0, 0xb5, 0x0,
    0x3, 0xe2, 0xe0, 0x2f, 0x0, 0xb7, 0xf1, 0x0,
    0x0, 0x7, 0x96, 0x20, 0x0, 0x4f, 0xa0, 0x0,
    0x0, 0x2e, 0x39, 0xe2, 0x0, 0x5f, 0x80, 0x0,
    0x2, 0xe8, 0x0, 0x9e, 0x7, 0xe6, 0xe8, 0x0,
    0xd, 0x90, 0x0, 0x6, 0xdd, 0x20, 0x2d, 0xd3,
    0x1, 0x0, 0x0, 0x1, 0x70, 0x0, 0x0, 0x60,

    /* U+8D85 "鐡? */
    0x0, 0x0, 0xf3, 0x0, 0x0, 0x0, 0x0, 0x0,
    0x0, 0x0, 0xf3, 0x1, 0xff, 0xff, 0xff, 0x60,
    0x7, 0xff, 0xff, 0xf5, 0x5, 0xf0, 0xe, 0x50,
    0x1, 0x22, 0xf4, 0x20, 0x9, 0xc0, 0xf, 0x40,
    0x0, 0x0, 0xf3, 0x0, 0x3f, 0x50, 0x1f, 0x30,
    0xc, 0xff, 0xff, 0xfd, 0xfa, 0x8, 0xfd, 0x0,
    0x1, 0x10, 0xa8, 0x11, 0x53, 0x35, 0x73, 0x10,
    0x1, 0x92, 0xa8, 0x0, 0x3f, 0xdd, 0xdf, 0x40,
    0x2, 0xf2, 0xae, 0xd7, 0x3f, 0x0, 0xd, 0x40,
    0x4, 0xf0, 0xa9, 0x42, 0x3f, 0x0, 0xd, 0x40,
    0x7, 0xf3, 0xa8, 0x0, 0x3f, 0x11, 0x1d, 0x40,
    0xb, 0xde, 0xc8, 0x0, 0x3f, 0xff, 0xff, 0x40,
    0x2f, 0x53, 0xdd, 0x97, 0x55, 0x55, 0x55, 0x60,
    0x2a, 0x0, 0x5, 0x9c, 0xef, 0xff, 0xff, 0xb0,

    /* U+8DDD "鐠? */
    0x0, 0x0, 0x0, 0x0, 0x0, 0x0, 0x0, 0x0,
    0x0, 0xff, 0xff, 0xc1, 0xff, 0xff, 0xff, 0xf3,
    0x0, 0xf1, 0x5, 0xb0, 0xf1, 0x0, 0x0, 0x0,
    0x0, 0xf1, 0x5, 0xb0, 0xf1, 0x0, 0x0, 0x0,
    0x0, 0xf6, 0x59, 0xb0, 0xf2, 0x11, 0x11, 0x0,
    0x0, 0x99, 0xfa, 0x70, 0xfe, 0xee, 0xef, 0x40,
    0x0, 0x0, 0xe2, 0x0, 0xf1, 0x0, 0xe, 0x40,
    0x2, 0x90, 0xe5, 0x42, 0xf1, 0x0, 0xe, 0x40,
    0x3, 0xe0, 0xec, 0xc4, 0xf3, 0x11, 0x1e, 0x40,
    0x3, 0xe0, 0xe2, 0x0, 0xff, 0xff, 0xff, 0x40,
    0x3, 0xe0, 0xe2, 0x0, 0xf1, 0x0, 0x0, 0x0,
    0x3, 0xe0, 0xe7, 0x84, 0xf1, 0x0, 0x0, 0x0,
    0xa, 0xfe, 0xeb, 0x82, 0xf3, 0x22, 0x22, 0x21,
    0xa, 0x72, 0x0, 0x1, 0xff, 0xff, 0xff, 0xf8,

    /* U+8F6C "鏉? */
    0x0, 0x0, 0x0, 0x0, 0x0, 0x10, 0x0, 0x0,
    0x0, 0xa, 0xa0, 0x0, 0x0, 0xe7, 0x0, 0x0,
    0x0, 0xe, 0x40, 0x0, 0x0, 0xf2, 0x0, 0x0,
    0x1e, 0xdf, 0xdd, 0x96, 0xbc, 0xfb, 0xbb, 0x90,
    0x3, 0x9a, 0x22, 0x22, 0x38, 0xc3, 0x33, 0x30,
    0x0, 0xd4, 0x51, 0x0, 0x9, 0x80, 0x0, 0x0,
    0x3, 0xd0, 0xd4, 0xd, 0xdf, 0xed, 0xdd, 0xe4,
    0xd, 0xa4, 0xe7, 0x43, 0x3f, 0x32, 0x22, 0x30,
    0xe, 0xed, 0xfe, 0xc0, 0x5d, 0x0, 0x0, 0x0,
    0x0, 0x0, 0xd4, 0x0, 0x9f, 0xee, 0xee, 0x60,
    0x0, 0x0, 0xd8, 0x70, 0x0, 0x0, 0xbc, 0x20,
    0x2d, 0xff, 0xfb, 0x80, 0x40, 0x9, 0xc0, 0x0,
    0x4, 0x20, 0xd4, 0x0, 0xae, 0xae, 0x10, 0x0,
    0x0, 0x0, 0xd4, 0x0, 0x3, 0xcd, 0x40, 0x0,
    0x0, 0x0, 0xe5, 0x0, 0x0, 0x6, 0xf2, 0x0,
    0x0, 0x0, 0x0, 0x0, 0x0, 0x0, 0x10, 0x0,

    /* U+8F85 "鏉? */
    0x0, 0x7, 0x70, 0x0, 0x0, 0xf4, 0xa4, 0x0,
    0x0, 0xb6, 0x0, 0x0, 0xf, 0x37, 0x90, 0x2,
    0x2f, 0x42, 0x17, 0x66, 0xf8, 0x66, 0x70, 0xde,
    0xfc, 0xd6, 0x99, 0x8f, 0xa8, 0x99, 0x0, 0x98,
    0x0, 0x0, 0x0, 0xe3, 0x0, 0x0, 0xe, 0x4f,
    0x0, 0xff, 0xff, 0xff, 0xf5, 0x6, 0xb2, 0xf0,
    0xe, 0x20, 0xe3, 0xd, 0x40, 0xfe, 0xdf, 0xc7,
    0xe3, 0x1e, 0x41, 0xd4, 0x6, 0x55, 0xf4, 0x2e,
    0xee, 0xfe, 0xef, 0x40, 0x0, 0x2f, 0x1, 0xe2,
    0xe, 0x30, 0xd4, 0x15, 0x8b, 0xfe, 0x9e, 0xcc,
    0xfd, 0xcf, 0x40, 0xc9, 0x7f, 0x0, 0xe5, 0x3f,
    0x63, 0xe4, 0x0, 0x2, 0xf0, 0xe, 0x20, 0xe3,
    0x1e, 0x40, 0x0, 0x2f, 0x0, 0xe2, 0xf, 0x3b,
    0xf3, 0x0, 0x2, 0xf0, 0xf, 0x20, 0x0, 0x79,
    0x0, 0x0, 0x1, 0x0, 0x0, 0x0, 0x0, 0x0,

    /* U+8FD4 "鏉? */
    0x0, 0x53, 0x0, 0x0, 0x0, 0x1, 0x45, 0x0,
    0x0, 0xba, 0x0, 0x5b, 0xbd, 0xff, 0xff, 0x30,
    0x0, 0x5f, 0x10, 0x7d, 0x54, 0x32, 0x10, 0x0,
    0x0, 0x9, 0x10, 0x6c, 0x0, 0x0, 0x0, 0x0,
    0x0, 0x0, 0x0, 0x6e, 0xaa, 0xaa, 0xa8, 0x0,
    0x3, 0x33, 0x0, 0x6d, 0x55, 0x55, 0xca, 0x0,
    0xc, 0xdf, 0x10, 0x7b, 0x6, 0x0, 0xd6, 0x0,
    0x0, 0x3f, 0x10, 0x9a, 0x3e, 0xc4, 0xf1, 0x0,
    0x0, 0x3f, 0x10, 0xd7, 0x1, 0xbf, 0xb0, 0x0,
    0x0, 0x3f, 0x13, 0xf2, 0x0, 0x8f, 0xf6, 0x0,
    0x0, 0x3f, 0x1d, 0xb0, 0x3b, 0xe3, 0x7f, 0x60,
    0x0, 0x4f, 0x58, 0x21, 0xd9, 0x10, 0x6, 0x10,
    0x5, 0xfa, 0xcc, 0x85, 0x43, 0x33, 0x45, 0x63,
    0xc, 0x70, 0x3, 0x8b, 0xdf, 0xff, 0xff, 0xf2,
    0x0, 0x0, 0x0, 0x0, 0x0, 0x0, 0x0, 0x0,

    /* U+8FDB "鏉? */
    0x0, 0x61, 0x0, 0x4, 0xe0, 0xf, 0x40, 0x0,
    0x0, 0xd9, 0x0, 0x3, 0xf0, 0xf, 0x30, 0x0,
    0x0, 0x6f, 0x2, 0x35, 0xf2, 0x2f, 0x53, 0x20,
    0x0, 0x9, 0x1b, 0xfe, 0xfe, 0xef, 0xee, 0xc0,
    0x0, 0x0, 0x0, 0x4, 0xe0, 0xf, 0x30, 0x0,
    0xb, 0xaa, 0x0, 0x5, 0xd0, 0xf, 0x30, 0x0,
    0x8, 0x9f, 0x4, 0x38, 0xc3, 0x3f, 0x63, 0x40,
    0x0, 0x4e, 0xe, 0xde, 0xfd, 0xdf, 0xed, 0xe1,
    0x0, 0x4e, 0x0, 0xa, 0x80, 0xf, 0x30, 0x0,
    0x0, 0x4e, 0x0, 0xe, 0x40, 0xf, 0x30, 0x0,
    0x0, 0x4e, 0x0, 0x6e, 0x0, 0xf, 0x30, 0x0,
    0x0, 0x5f, 0x24, 0xf6, 0x0, 0xf, 0x40, 0x0,
    0x19, 0xd8, 0xcd, 0xe5, 0x43, 0x3c, 0x63, 0x41,
    0x9, 0x0, 0x3, 0x7b, 0xdf, 0xff, 0xff, 0xf2,
    0x0, 0x0, 0x0, 0x0, 0x0, 0x0, 0x0, 0x0,

    /* U+8FDE "鏉? */
    0x0, 0x20, 0x0, 0x0, 0x5b, 0x0, 0x0, 0x0,
    0x6, 0xe1, 0x0, 0x0, 0xb9, 0x0, 0x0, 0x0,
    0x0, 0xcb, 0xe, 0xee, 0xfe, 0xee, 0xee, 0xa0,
    0x0, 0x2f, 0x32, 0x2c, 0x93, 0x62, 0x22, 0x20,
    0x0, 0x1, 0x0, 0x3f, 0x13, 0xf0, 0x0, 0x0,
    0x2, 0x11, 0x1, 0xd8, 0x14, 0xe1, 0x11, 0x0,
    0xf, 0xff, 0x4, 0xfe, 0xee, 0xfe, 0xef, 0x30,
    0x0, 0x4f, 0x0, 0x0, 0x3, 0xe0, 0x0, 0x0,
    0x0, 0x4f, 0x1, 0x10, 0x3, 0xe0, 0x0, 0x10,
    0x0, 0x4f, 0xf, 0xff, 0xff, 0xff, 0xff, 0xf0,
    0x0, 0x4f, 0x0, 0x0, 0x3, 0xe0, 0x0, 0x0,
    0x0, 0x4f, 0x0, 0x0, 0x3, 0xf0, 0x0, 0x0,
    0x5, 0xc7, 0xba, 0x64, 0x37, 0xf2, 0x22, 0x10,
    0xb, 0x30, 0x4, 0x8b, 0xde, 0xff, 0xff, 0xf4,

    /* U+9009 "闁? */
    0x0, 0x0, 0x0, 0x45, 0xb, 0xd0, 0x0, 0x0,
    0x0, 0xc9, 0x0, 0xb9, 0xb, 0xc0, 0x0, 0x0,
    0x0, 0x5f, 0x0, 0xfd, 0xce, 0xfc, 0xd9, 0x0,
    0x0, 0xc, 0x27, 0xd2, 0x2b, 0xd2, 0x22, 0x0,
    0x0, 0x0, 0x5, 0x60, 0xb, 0xc0, 0x0, 0x0,
    0x2, 0x11, 0x6, 0x66, 0x6c, 0xd6, 0x66, 0x50,
    0xf, 0xef, 0x28, 0xaa, 0xfb, 0xbf, 0xaa, 0x80,
    0x0, 0x1f, 0x20, 0x0, 0xf2, 0x4e, 0x0, 0x0,
    0x0, 0x1f, 0x20, 0x2, 0xf0, 0x4e, 0x0, 0x0,
    0x0, 0x1f, 0x20, 0x8, 0xa0, 0x4e, 0x4, 0x50,
    0x0, 0x1f, 0x20, 0x4f, 0x20, 0x4f, 0x4b, 0xf0,
    0x0, 0x1f, 0x32, 0xf5, 0x0, 0x1c, 0xff, 0x80,
    0x3, 0xd9, 0xbb, 0x85, 0x33, 0x22, 0x23, 0x42,
    0xa, 0x70, 0x2, 0x7a, 0xce, 0xef, 0xff, 0xe1,
    0x0, 0x0, 0x0, 0x0, 0x0, 0x0, 0x0, 0x0,

    /* U+91C7 "闁? */
    0x0, 0x0, 0x0, 0x0, 0x0, 0x0, 0x0, 0x0,
    0x0, 0x0, 0x0, 0x12, 0x46, 0x8b, 0xf5, 0x0,
    0x4, 0xde, 0xef, 0xff, 0xdc, 0xa9, 0x85, 0x0,
    0x0, 0x66, 0x32, 0x57, 0x0, 0x1, 0xd3, 0x0,
    0x0, 0x8d, 0x0, 0x5f, 0x10, 0xa, 0xe1, 0x0,
    0x0, 0x1e, 0x90, 0xe, 0x70, 0x4f, 0x40, 0x0,
    0x0, 0x7, 0xc0, 0xa, 0x30, 0x79, 0x0, 0x0,
    0x0, 0x0, 0x0, 0xe, 0x50, 0x0, 0x0, 0x0,
    0x5e, 0xdd, 0xdd, 0xdf, 0xed, 0xdd, 0xdd, 0xe1,
    0x15, 0x44, 0x49, 0xff, 0xde, 0x44, 0x44, 0x50,
    0x0, 0x0, 0x1e, 0x9e, 0x6f, 0x70, 0x0, 0x0,
    0x0, 0x1, 0xdd, 0xe, 0x56, 0xf5, 0x0, 0x0,
    0x0, 0x2d, 0xe2, 0xe, 0x50, 0xaf, 0x90, 0x0,
    0x6, 0xfd, 0x20, 0xe, 0x50, 0x9, 0xfe, 0x80,
    0x4f, 0xa1, 0x0, 0xf, 0x50, 0x0, 0x5e, 0x70,
    0x2, 0x0, 0x0, 0xf, 0x60, 0x0, 0x0, 0x0,

    /* U+91CD "闁? */
    0x0, 0x0, 0x0, 0x0, 0x2, 0x47, 0x60, 0x0,
    0x9, 0xbc, 0xde, 0xff, 0xdc, 0xb9, 0x0, 0x0,
    0x23, 0x21, 0xe, 0x50, 0x0, 0x0, 0x3, 0xdc,
    0xcc, 0xcc, 0xfd, 0xcc, 0xcc, 0xca, 0x2, 0x22,
    0x22, 0x2e, 0x62, 0x22, 0x22, 0x20, 0x0, 0xcd,
    0xdd, 0xfe, 0xdd, 0xdd, 0x0, 0x0, 0xe, 0x62,
    0x2e, 0x62, 0x26, 0xe0, 0x0, 0x0, 0xde, 0xee,
    0xfe, 0xee, 0xee, 0x0, 0x0, 0xe, 0x72, 0x2e,
    0x72, 0x27, 0xe0, 0x0, 0x0, 0xef, 0xff, 0xff,
    0xff, 0xff, 0x0, 0x0, 0x0, 0x0, 0xe, 0x50,
    0x0, 0x0, 0x0, 0xd, 0xee, 0xee, 0xfe, 0xee,
    0xef, 0x80, 0x0, 0x0, 0x0, 0xe, 0x50, 0x0,
    0x0, 0x1, 0xff, 0xff, 0xff, 0xff, 0xff, 0xff,
    0xfb,

    /* U+91CF "闁? */
    0x0, 0xf, 0xcc, 0xcc, 0xcc, 0xcc, 0xf0, 0x0,
    0x0, 0xfd, 0xdd, 0xdd, 0xdd, 0xdf, 0x0, 0x0,
    0xf, 0x64, 0x44, 0x44, 0x46, 0xf0, 0x0, 0x0,
    0x66, 0x66, 0x66, 0x66, 0x66, 0x0, 0x2f, 0xed,
    0xdd, 0xdd, 0xdd, 0xdd, 0xde, 0xf0, 0x0, 0x66,
    0x66, 0x66, 0x66, 0x66, 0x0, 0x0, 0x1f, 0x87,
    0x7c, 0xc7, 0x78, 0xf1, 0x0, 0x1, 0xfd, 0xdd,
    0xee, 0xdd, 0xdf, 0x10, 0x0, 0x1f, 0x65, 0x5b,
    0xb5, 0x56, 0xf1, 0x0, 0x0, 0x77, 0x77, 0xcc,
    0x77, 0x77, 0x0, 0x0, 0x7c, 0xcc, 0xce, 0xec,
    0xcc, 0xd5, 0x0, 0x1, 0x10, 0x0, 0x99, 0x0,
    0x1, 0x0, 0xb, 0xdd, 0xdd, 0xde, 0xed, 0xdd,
    0xdd, 0xb0,

    /* U+952E "闁? */
    0x0, 0x87, 0x0, 0x0, 0x0, 0xb5, 0x0, 0x0,
    0x0, 0xe7, 0x5, 0x43, 0x26, 0xc8, 0x55, 0x0,
    0x6, 0xf8, 0x8c, 0xe9, 0x3a, 0xeb, 0xaf, 0x0,
    0x1e, 0x98, 0x70, 0xc4, 0x22, 0xc6, 0x3f, 0x20,
    0x89, 0x0, 0x1, 0xe1, 0xcc, 0xfd, 0xcf, 0xd0,
    0x6, 0xcc, 0xa7, 0x90, 0x1, 0xc5, 0x2f, 0x0,
    0x0, 0xb4, 0xf, 0xfe, 0x4e, 0xfe, 0xed, 0x0,
    0x0, 0xb5, 0x12, 0x3d, 0x0, 0xc5, 0x0, 0x0,
    0x1f, 0xfe, 0xb6, 0x4c, 0x8f, 0xff, 0xfe, 0x0,
    0x0, 0xb4, 0xe, 0x99, 0x0, 0xc5, 0x0, 0x0,
    0x0, 0xb4, 0x59, 0xf6, 0xde, 0xfe, 0xee, 0x10,
    0x0, 0xbe, 0xb2, 0xf5, 0x10, 0xc5, 0x1, 0x0,
    0x1, 0xfa, 0xa, 0xad, 0xb6, 0xd6, 0x22, 0x30,
    0x0, 0x50, 0x5c, 0x0, 0x59, 0xcd, 0xef, 0xc0,
    0x0, 0x0, 0x0, 0x0, 0x0, 0x0, 0x0, 0x0,

    /* U+95ED "闂? */
    0x0, 0x94, 0x0, 0x0, 0x0, 0x0, 0x0, 0x0,
    0x8f, 0x20, 0xdf, 0xff, 0xff, 0xff, 0x2, 0x7,
    0x30, 0x23, 0x72, 0x22, 0x6f, 0x6f, 0x0, 0x0,
    0x3, 0xf1, 0x0, 0x5e, 0x5e, 0x0, 0x0, 0x3,
    0xf0, 0x0, 0x5e, 0x5e, 0x2f, 0xff, 0xff, 0xff,
    0xf6, 0x5e, 0x5e, 0x3, 0x22, 0x7f, 0xf3, 0x31,
    0x5e, 0x5e, 0x0, 0x0, 0xda, 0xf0, 0x0, 0x5e,
    0x5e, 0x0, 0xa, 0xd3, 0xf0, 0x0, 0x5e, 0x5e,
    0x0, 0xae, 0x23, 0xf0, 0x0, 0x5e, 0x5e, 0x4e,
    0xe3, 0x3, 0xf0, 0x0, 0x5e, 0x5e, 0x29, 0x10,
    0x7, 0xf0, 0x0, 0x5e, 0x5e, 0x0, 0x0, 0xcf,
    0xa0, 0x25, 0xae, 0x6e, 0x0, 0x0, 0x21, 0x0,
    0x2f, 0xd6, 0x0, 0x0, 0x0, 0x0, 0x0, 0x0,
    0x0,

    /* U+95F4 "闂? */
    0x0, 0x0, 0x0, 0x0, 0x0, 0x0, 0x0, 0x0,
    0xc6, 0x0, 0x0, 0x0, 0x0, 0x0, 0x0, 0x5f,
    0x36, 0xff, 0xff, 0xff, 0xf6, 0x25, 0x6, 0x30,
    0x11, 0x11, 0x11, 0xd6, 0x6f, 0x0, 0x0, 0x0,
    0x0, 0x0, 0xd6, 0x5e, 0x0, 0xff, 0xff, 0xff,
    0x40, 0xd6, 0x5e, 0x0, 0xf4, 0x0, 0xf, 0x30,
    0xd6, 0x5e, 0x0, 0xf3, 0x0, 0xf, 0x30, 0xd6,
    0x5e, 0x0, 0xff, 0xff, 0xff, 0x30, 0xd6, 0x5e,
    0x0, 0xf4, 0x0, 0xf, 0x30, 0xd6, 0x5e, 0x0,
    0xf3, 0x0, 0xf, 0x30, 0xd6, 0x5e, 0x0, 0xfd,
    0xcc, 0xcf, 0x40, 0xd6, 0x5e, 0x0, 0x33, 0x33,
    0x33, 0x10, 0xd6, 0x6f, 0x0, 0x0, 0x0, 0x0,
    0x14, 0xf5, 0x6f, 0x0, 0x0, 0x0, 0x0, 0x4f,
    0xd1, 0x0, 0x0, 0x0, 0x0, 0x0, 0x1, 0x0,

    /* U+961F "闂? */
    0x0, 0x0, 0x0, 0x0, 0xa4, 0x0, 0x0, 0xd,
    0xff, 0xff, 0x80, 0xf, 0x70, 0x0, 0x0, 0xc7,
    0x12, 0xf3, 0x0, 0xe6, 0x0, 0x0, 0xc, 0x60,
    0x6e, 0x0, 0xe, 0x60, 0x0, 0x0, 0xc6, 0xb,
    0x80, 0x0, 0xf7, 0x0, 0x0, 0xc, 0x61, 0xf3,
    0x0, 0xf, 0x90, 0x0, 0x0, 0xc6, 0x1f, 0x50,
    0x2, 0xfc, 0x0, 0x0, 0xc, 0x60, 0x7e, 0x0,
    0x4e, 0xf1, 0x0, 0x0, 0xc6, 0x0, 0xe5, 0x8,
    0x9a, 0x70, 0x0, 0xc, 0x60, 0xc, 0x80, 0xd5,
    0x4e, 0x0, 0x0, 0xc6, 0x36, 0xf5, 0x5e, 0x0,
    0xd7, 0x0, 0xc, 0x6b, 0xf9, 0xd, 0x70, 0x5,
    0xf2, 0x0, 0xc6, 0x10, 0xa, 0xd0, 0x0, 0xb,
    0xd1, 0xd, 0x60, 0x1b, 0xf2, 0x0, 0x0, 0x1e,
    0xd0, 0xd6, 0x0, 0xa3, 0x0, 0x0, 0x0, 0x27,
    0x0,

    /* U+9650 "闂? */
    0x4f, 0xff, 0xf6, 0x5f, 0xff, 0xff, 0xf0, 0x3,
    0xe0, 0x2f, 0x15, 0xd0, 0x0, 0x3e, 0x0, 0x3e,
    0x7, 0xb0, 0x4f, 0xff, 0xff, 0xe0, 0x3, 0xe0,
    0xd6, 0x4, 0xd0, 0x0, 0x3e, 0x0, 0x3e, 0x3f,
    0x10, 0x4d, 0x0, 0x3, 0xe0, 0x3, 0xe0, 0xb8,
    0x4, 0xff, 0xff, 0xfe, 0x0, 0x3e, 0x1, 0xf2,
    0x4d, 0xa, 0x50, 0x20, 0x3, 0xe0, 0xc, 0x64,
    0xd0, 0x78, 0x3e, 0x60, 0x3e, 0x1, 0xe5, 0x4d,
    0x3, 0xec, 0x30, 0x3, 0xe4, 0xfa, 0x4, 0xd0,
    0xc, 0x70, 0x0, 0x3e, 0x4, 0x0, 0x4d, 0x16,
    0x3f, 0x60, 0x3, 0xe0, 0x0, 0x7, 0xff, 0x90,
    0x5f, 0xb2, 0x4e, 0x0, 0x0, 0x8c, 0x30, 0x0,
    0x39, 0x0, 0x0, 0x0, 0x0, 0x0, 0x0, 0x0,
    0x0,

    /* U+9664 "闂? */
    0x0, 0x0, 0x0, 0x0, 0x0, 0x0, 0x0, 0x0,
    0x0, 0x0, 0x0, 0x9, 0xb0, 0x0, 0x0, 0xdf,
    0xff, 0xe0, 0x2, 0xfe, 0x10, 0x0, 0xd, 0x50,
    0xb9, 0x0, 0xba, 0x7c, 0x0, 0x0, 0xc5, 0xf,
    0x20, 0x8e, 0x10, 0xbc, 0x10, 0xc, 0x56, 0xc0,
    0x7f, 0x51, 0x12, 0xcf, 0x81, 0xc5, 0xd6, 0x6f,
    0xaf, 0xff, 0xfd, 0x8e, 0x1c, 0x57, 0xc0, 0x30,
    0x4, 0xd0, 0x0, 0x0, 0xc5, 0xd, 0x51, 0x21,
    0x5d, 0x11, 0x20, 0xc, 0x50, 0x89, 0x9e, 0xee,
    0xfe, 0xee, 0x40, 0xc5, 0xa, 0xa0, 0x0, 0x4d,
    0x0, 0x0, 0xc, 0x6e, 0xf4, 0x9, 0x64, 0xd1,
    0xb1, 0x0, 0xc5, 0x52, 0x5, 0xf3, 0x4d, 0xc,
    0xb0, 0xc, 0x50, 0x3, 0xf7, 0x4, 0xd0, 0x1e,
    0xa0, 0xc5, 0x0, 0x5a, 0x5, 0xbc, 0x0, 0x48,
    0xd, 0x50, 0x0, 0x0, 0x8e, 0x50, 0x0, 0x0,
    0x0, 0x0, 0x0, 0x0, 0x0, 0x0, 0x0, 0x0,

    /* U+9669 "闂? */
    0x0, 0x0, 0x0, 0x2, 0xc4, 0x0, 0x0, 0xe,
    0xff, 0xf6, 0x0, 0x9f, 0xb0, 0x0, 0x0, 0xd4,
    0x1f, 0x10, 0x3f, 0x3d, 0x60, 0x0, 0xd, 0x45,
    0xb0, 0xd, 0x70, 0x3f, 0x60, 0x0, 0xd4, 0xa6,
    0xb, 0xc0, 0x0, 0x5f, 0xa1, 0xd, 0x4e, 0x2b,
    0xef, 0xff, 0xff, 0x7e, 0xe0, 0xd5, 0xe6, 0x92,
    0x11, 0x11, 0x10, 0x13, 0xd, 0x45, 0xe0, 0x0,
    0x26, 0x1, 0x82, 0x0, 0xd4, 0xf, 0x3c, 0x53,
    0xe0, 0x3f, 0x20, 0xd, 0x40, 0xe5, 0x89, 0xf,
    0x27, 0xc0, 0x0, 0xd6, 0xcf, 0x23, 0xd0, 0xd5,
    0xb7, 0x0, 0xd, 0x46, 0x20, 0xd, 0x1, 0x1f,
    0x20, 0x0, 0xd4, 0x0, 0x11, 0x11, 0x14, 0xd1,
    0x11, 0xe, 0x40, 0xf, 0xff, 0xff, 0xff, 0xff,
    0xa0, 0xe4, 0x0, 0x0, 0x0, 0x0, 0x0, 0x0,
    0x0,

    /* U+96C6 "闂? */
    0x0, 0x0, 0x0, 0x0, 0x0, 0x0, 0x0, 0x0,
    0x0, 0x0, 0xc5, 0x0, 0xd6, 0x0, 0x0, 0x0,
    0x0, 0x6, 0xe1, 0x0, 0x5b, 0x0, 0x0, 0x0,
    0x0, 0x1e, 0xfe, 0xee, 0xee, 0xee, 0xee, 0x60,
    0x0, 0xcf, 0x20, 0x0, 0xf4, 0x0, 0x0, 0x0,
    0x9, 0xdf, 0xff, 0xff, 0xff, 0xff, 0xf5, 0x0,
    0xa, 0x3f, 0x20, 0x0, 0xf4, 0x0, 0x0, 0x0,
    0x0, 0xf, 0xff, 0xff, 0xff, 0xff, 0xf9, 0x0,
    0x0, 0xf, 0x31, 0x11, 0xf4, 0x11, 0x12, 0x0,
    0x0, 0x1f, 0xee, 0xee, 0xfe, 0xee, 0xee, 0x20,
    0x0, 0x4, 0x0, 0x7, 0xc0, 0x0, 0x0, 0x0,
    0x9, 0xff, 0xff, 0xff, 0xff, 0xff, 0xff, 0xe0,
    0x0, 0x0, 0xb, 0xd7, 0xc6, 0xe4, 0x0, 0x0,
    0x0, 0x16, 0xec, 0x16, 0xc0, 0x5f, 0xc6, 0x10,
    0x8, 0xff, 0x80, 0x6, 0xc0, 0x1, 0xaf, 0xf1,
    0x4, 0x82, 0x0, 0x7, 0xd0, 0x0, 0x1, 0x40,

    /* U+9762 "闂? */
    0x0, 0x0, 0x0, 0x0, 0x0, 0x0, 0x0, 0xff,
    0xff, 0xff, 0xff, 0xff, 0xff, 0xfe, 0x11, 0x11,
    0x14, 0xf1, 0x11, 0x11, 0x11, 0x0, 0x0, 0x9,
    0x90, 0x0, 0x0, 0x0, 0xd, 0xff, 0xff, 0xff,
    0xff, 0xff, 0xc0, 0xd, 0x60, 0x89, 0x0, 0xa7,
    0x7, 0xc0, 0xd, 0x60, 0x89, 0x0, 0xa7, 0x7,
    0xc0, 0xd, 0x60, 0x8f, 0xff, 0xf7, 0x7, 0xc0,
    0xd, 0x60, 0x89, 0x0, 0xa7, 0x7, 0xc0, 0xd,
    0x60, 0x8e, 0xcc, 0xe7, 0x7, 0xc0, 0xd, 0x60,
    0x8a, 0x22, 0xa7, 0x7, 0xc0, 0xd, 0x60, 0x89,
    0x0, 0xa7, 0x7, 0xc0, 0xd, 0xdc, 0xee, 0xcc,
    0xee, 0xce, 0xc0, 0xd, 0x83, 0x33, 0x33, 0x33,
    0x38, 0xc0,

    /* U+98CE "妞? */
    0x0, 0x3f, 0xff, 0xff, 0xff, 0xff, 0xe0, 0x0,
    0x0, 0x3e, 0x22, 0x22, 0x22, 0x26, 0xd0, 0x0,
    0x0, 0x3e, 0x0, 0x0, 0x2, 0x5, 0xd0, 0x0,
    0x0, 0x3e, 0xb, 0x20, 0xc, 0x85, 0xd0, 0x0,
    0x0, 0x3e, 0x8, 0xd0, 0x2f, 0x15, 0xd0, 0x0,
    0x0, 0x3e, 0x0, 0xba, 0x89, 0x4, 0xd0, 0x0,
    0x0, 0x4d, 0x0, 0x1e, 0xf2, 0x4, 0xd0, 0x0,
    0x0, 0x5c, 0x0, 0xa, 0xf1, 0x4, 0xe0, 0x0,
    0x0, 0x7a, 0x0, 0x5e, 0xba, 0x3, 0xf0, 0x0,
    0x0, 0xa8, 0x4, 0xf4, 0x2f, 0x31, 0xf1, 0x0,
    0x0, 0xe4, 0x6f, 0x50, 0x9, 0xc0, 0xe5, 0x30,
    0x4, 0xf0, 0x35, 0x0, 0x1, 0x60, 0xaa, 0xc8,
    0xc, 0x90, 0x0, 0x0, 0x0, 0x0, 0x4f, 0xf4,
    0xb, 0x10, 0x0, 0x0, 0x0, 0x0, 0x8, 0x90,
    0x0, 0x0, 0x0, 0x0, 0x0, 0x0, 0x0, 0x0,

    /* U+9996 "妫? */
    0x0, 0x0, 0x0, 0x0, 0x0, 0x0, 0x0, 0x0,
    0xc, 0x50, 0x0, 0xc, 0x60, 0x0, 0x0, 0x6,
    0xf1, 0x0, 0x2f, 0x30, 0x0, 0x22, 0x11, 0xb3,
    0x11, 0xaa, 0x11, 0x12, 0xfe, 0xee, 0xee, 0xfe,
    0xee, 0xee, 0xef, 0x0, 0x0, 0x2, 0xf2, 0x0,
    0x0, 0x0, 0x0, 0x7c, 0xcd, 0xfc, 0xcc, 0xc6,
    0x0, 0x0, 0x9b, 0x44, 0x44, 0x44, 0xc8, 0x0,
    0x0, 0x9a, 0x11, 0x11, 0x11, 0xb8, 0x0, 0x0,
    0x9f, 0xff, 0xff, 0xff, 0xf8, 0x0, 0x0, 0x9a,
    0x0, 0x0, 0x0, 0xb8, 0x0, 0x0, 0x9f, 0xff,
    0xff, 0xff, 0xf8, 0x0, 0x0, 0x9a, 0x0, 0x0,
    0x0, 0xb8, 0x0, 0x0, 0x9b, 0x33, 0x33, 0x33,
    0xc8, 0x0, 0x0, 0x9e, 0xcc, 0xcc, 0xcc, 0xe8,
    0x0, 0x0, 0x9a, 0x0, 0x0, 0x0, 0x0, 0x0,

    /* U+9AA4 "妤? */
    0x0, 0x0, 0x0, 0x0, 0x0, 0x0, 0x0, 0x0,
    0xd, 0xdd, 0xd7, 0xef, 0xee, 0xfe, 0xdb, 0xb3,
    0x1, 0x0, 0xf1, 0x1f, 0x89, 0xe0, 0x33, 0xf1,
    0xa, 0x80, 0xf0, 0x1f, 0x56, 0xe5, 0xb5, 0xc0,
    0xb, 0x62, 0xe0, 0x1f, 0xab, 0xe0, 0x8f, 0x50,
    0xc, 0x43, 0xd0, 0x1e, 0x26, 0xf4, 0x7f, 0xc0,
    0xd, 0x34, 0xc1, 0x9f, 0xed, 0xf8, 0xe2, 0xd5,
    0xd, 0xcc, 0xe6, 0x52, 0x1, 0x93, 0x64, 0x10,
    0x3, 0x33, 0xa7, 0x3c, 0xdd, 0xee, 0x76, 0x10,
    0x0, 0x14, 0x86, 0x5, 0x40, 0x7e, 0xa, 0xa0,
    0x2a, 0xf8, 0x96, 0xb, 0xa4, 0xaf, 0xdc, 0x10,
    0x1b, 0x30, 0x97, 0xdb, 0x2e, 0xda, 0xe7, 0x0,
    0x0, 0x0, 0xb5, 0x81, 0xc8, 0x79, 0x3f, 0xa1,
    0x0, 0x3c, 0xf2, 0x3d, 0x90, 0x79, 0x3, 0xb0,
    0x0, 0x9, 0x40, 0xc9, 0x0, 0x7a, 0x0, 0x0,
    0x0, 0x0, 0x0, 0x0, 0x0, 0x0, 0x0, 0x0,

    /* U+9AD8 "妤? */
    0x0, 0x0, 0x0, 0x11, 0x0, 0x0, 0x0, 0x0,
    0x0, 0x0, 0xf8, 0x0, 0x0, 0x0, 0xaa, 0xaa,
    0xaa, 0xee, 0xaa, 0xaa, 0xaa, 0x55, 0x55, 0x55,
    0x55, 0x55, 0x55, 0x55, 0x0, 0x5b, 0xbb, 0xbb,
    0xbb, 0xb3, 0x0, 0x0, 0x7c, 0x33, 0x33, 0x33,
    0xe4, 0x0, 0x0, 0x7c, 0x33, 0x33, 0x33, 0xe4,
    0x0, 0x0, 0x5b, 0xbb, 0xbb, 0xbb, 0xb3, 0x0,
    0x36, 0x66, 0x66, 0x66, 0x66, 0x66, 0x64, 0x7d,
    0x66, 0x66, 0x66, 0x66, 0x66, 0xc9, 0x7c, 0x1,
    0xbb, 0xbb, 0xbb, 0x20, 0xa9, 0x7c, 0x0, 0xf2,
    0x22, 0x2f, 0x30, 0xa9, 0x7c, 0x0, 0xf2, 0x22,
    0x2f, 0x30, 0xa9, 0x7c, 0x1, 0xbb, 0xbb, 0xbb,
    0x20, 0xa8, 0x7c, 0x0, 0x0, 0x0, 0x0, 0xb,
    0xe4, 0x0, 0x0, 0x0, 0x0, 0x0, 0x0, 0x0,

    /* U+FF0C "閿? */
    0x6, 0x61, 0xf, 0xf3, 0xf, 0xf3, 0x0, 0xe2,
    0x8, 0xa0, 0x3, 0x0,

    /* U+FF1A "閿? */
    0x11, 0xf, 0xf1, 0xff, 0x10, 0x0, 0x11, 0xf,
    0xf1, 0xff, 0x10
};


/*---------------------
 *  GLYPH DESCRIPTION
 *--------------------*/

static const lv_font_fmt_txt_glyph_dsc_t glyph_dsc[] = {
    {.bitmap_index = 0, .adv_w = 0, .box_w = 0, .box_h = 0, .ofs_x = 0, .ofs_y = 0} /* id = 0 reserved */,
    {.bitmap_index = 0, .adv_w = 128, .box_w = 0, .box_h = 0, .ofs_x = 0, .ofs_y = 0},
    {.bitmap_index = 0, .adv_w = 128, .box_w = 2, .box_h = 12, .ofs_x = 3, .ofs_y = 0},
    {.bitmap_index = 12, .adv_w = 128, .box_w = 4, .box_h = 4, .ofs_x = 2, .ofs_y = 8},
    {.bitmap_index = 20, .adv_w = 128, .box_w = 8, .box_h = 12, .ofs_x = 0, .ofs_y = 0},
    {.bitmap_index = 68, .adv_w = 128, .box_w = 7, .box_h = 15, .ofs_x = 0, .ofs_y = -2},
    {.bitmap_index = 121, .adv_w = 128, .box_w = 8, .box_h = 12, .ofs_x = 0, .ofs_y = 0},
    {.bitmap_index = 169, .adv_w = 128, .box_w = 8, .box_h = 12, .ofs_x = 0, .ofs_y = 0},
    {.bitmap_index = 217, .adv_w = 128, .box_w = 3, .box_h = 4, .ofs_x = 2, .ofs_y = 8},
    {.bitmap_index = 223, .adv_w = 128, .box_w = 5, .box_h = 16, .ofs_x = 3, .ofs_y = -2},
    {.bitmap_index = 263, .adv_w = 128, .box_w = 5, .box_h = 16, .ofs_x = 0, .ofs_y = -2},
    {.bitmap_index = 303, .adv_w = 128, .box_w = 8, .box_h = 9, .ofs_x = 0, .ofs_y = 3},
    {.bitmap_index = 339, .adv_w = 128, .box_w = 8, .box_h = 8, .ofs_x = 0, .ofs_y = 2},
    {.bitmap_index = 371, .adv_w = 128, .box_w = 2, .box_h = 4, .ofs_x = 1, .ofs_y = -2},
    {.bitmap_index = 375, .adv_w = 128, .box_w = 8, .box_h = 2, .ofs_x = 0, .ofs_y = 5},
    {.bitmap_index = 383, .adv_w = 128, .box_w = 2, .box_h = 2, .ofs_x = 1, .ofs_y = 0},
    {.bitmap_index = 385, .adv_w = 128, .box_w = 8, .box_h = 14, .ofs_x = 0, .ofs_y = -1},
    {.bitmap_index = 441, .adv_w = 128, .box_w = 8, .box_h = 13, .ofs_x = 0, .ofs_y = -1},
    {.bitmap_index = 493, .adv_w = 128, .box_w = 4, .box_h = 12, .ofs_x = 1, .ofs_y = 0},
    {.bitmap_index = 517, .adv_w = 128, .box_w = 8, .box_h = 13, .ofs_x = 0, .ofs_y = 0},
    {.bitmap_index = 569, .adv_w = 128, .box_w = 8, .box_h = 12, .ofs_x = 0, .ofs_y = 0},
    {.bitmap_index = 617, .adv_w = 128, .box_w = 8, .box_h = 12, .ofs_x = 0, .ofs_y = 0},
    {.bitmap_index = 665, .adv_w = 128, .box_w = 8, .box_h = 12, .ofs_x = 0, .ofs_y = 0},
    {.bitmap_index = 713, .adv_w = 128, .box_w = 8, .box_h = 12, .ofs_x = 0, .ofs_y = 0},
    {.bitmap_index = 761, .adv_w = 128, .box_w = 8, .box_h = 12, .ofs_x = 0, .ofs_y = 0},
    {.bitmap_index = 809, .adv_w = 128, .box_w = 8, .box_h = 12, .ofs_x = 0, .ofs_y = 0},
    {.bitmap_index = 857, .adv_w = 128, .box_w = 8, .box_h = 12, .ofs_x = 0, .ofs_y = 0},
    {.bitmap_index = 905, .adv_w = 128, .box_w = 2, .box_h = 8, .ofs_x = 3, .ofs_y = 0},
    {.bitmap_index = 913, .adv_w = 128, .box_w = 2, .box_h = 10, .ofs_x = 3, .ofs_y = -2},
    {.bitmap_index = 923, .adv_w = 128, .box_w = 8, .box_h = 14, .ofs_x = 0, .ofs_y = -1},
    {.bitmap_index = 979, .adv_w = 128, .box_w = 8, .box_h = 6, .ofs_x = 0, .ofs_y = 3},
    {.bitmap_index = 1003, .adv_w = 128, .box_w = 8, .box_h = 14, .ofs_x = 0, .ofs_y = -1},
    {.bitmap_index = 1059, .adv_w = 128, .box_w = 7, .box_h = 12, .ofs_x = 0, .ofs_y = 0},
    {.bitmap_index = 1101, .adv_w = 128, .box_w = 8, .box_h = 12, .ofs_x = 0, .ofs_y = 0},
    {.bitmap_index = 1149, .adv_w = 128, .box_w = 8, .box_h = 12, .ofs_x = 0, .ofs_y = 0},
    {.bitmap_index = 1197, .adv_w = 128, .box_w = 8, .box_h = 12, .ofs_x = 0, .ofs_y = 0},
    {.bitmap_index = 1245, .adv_w = 128, .box_w = 8, .box_h = 12, .ofs_x = 0, .ofs_y = 0},
    {.bitmap_index = 1293, .adv_w = 128, .box_w = 8, .box_h = 12, .ofs_x = 0, .ofs_y = 0},
    {.bitmap_index = 1341, .adv_w = 128, .box_w = 8, .box_h = 12, .ofs_x = 0, .ofs_y = 0},
    {.bitmap_index = 1389, .adv_w = 128, .box_w = 8, .box_h = 12, .ofs_x = 0, .ofs_y = 0},
    {.bitmap_index = 1437, .adv_w = 128, .box_w = 8, .box_h = 12, .ofs_x = 0, .ofs_y = 0},
    {.bitmap_index = 1485, .adv_w = 128, .box_w = 8, .box_h = 12, .ofs_x = 0, .ofs_y = 0},
    {.bitmap_index = 1533, .adv_w = 128, .box_w = 2, .box_h = 12, .ofs_x = 3, .ofs_y = 0},
    {.bitmap_index = 1545, .adv_w = 128, .box_w = 7, .box_h = 12, .ofs_x = 0, .ofs_y = 0},
    {.bitmap_index = 1587, .adv_w = 128, .box_w = 8, .box_h = 12, .ofs_x = 0, .ofs_y = 0},
    {.bitmap_index = 1635, .adv_w = 128, .box_w = 8, .box_h = 12, .ofs_x = 0, .ofs_y = 0},
    {.bitmap_index = 1683, .adv_w = 128, .box_w = 8, .box_h = 12, .ofs_x = 0, .ofs_y = 0},
    {.bitmap_index = 1731, .adv_w = 128, .box_w = 8, .box_h = 12, .ofs_x = 0, .ofs_y = 0},
    {.bitmap_index = 1779, .adv_w = 128, .box_w = 8, .box_h = 12, .ofs_x = 0, .ofs_y = 0},
    {.bitmap_index = 1827, .adv_w = 128, .box_w = 8, .box_h = 12, .ofs_x = 0, .ofs_y = 0},
    {.bitmap_index = 1875, .adv_w = 128, .box_w = 8, .box_h = 13, .ofs_x = 0, .ofs_y = -1},
    {.bitmap_index = 1927, .adv_w = 128, .box_w = 8, .box_h = 12, .ofs_x = 0, .ofs_y = 0},
    {.bitmap_index = 1975, .adv_w = 128, .box_w = 8, .box_h = 12, .ofs_x = 0, .ofs_y = 0},
    {.bitmap_index = 2023, .adv_w = 128, .box_w = 8, .box_h = 12, .ofs_x = 0, .ofs_y = 0},
    {.bitmap_index = 2071, .adv_w = 128, .box_w = 8, .box_h = 12, .ofs_x = 0, .ofs_y = 0},
    {.bitmap_index = 2119, .adv_w = 128, .box_w = 8, .box_h = 12, .ofs_x = 0, .ofs_y = 0},
    {.bitmap_index = 2167, .adv_w = 128, .box_w = 8, .box_h = 12, .ofs_x = 0, .ofs_y = 0},
    {.bitmap_index = 2215, .adv_w = 128, .box_w = 8, .box_h = 12, .ofs_x = 0, .ofs_y = 0},
    {.bitmap_index = 2263, .adv_w = 128, .box_w = 8, .box_h = 12, .ofs_x = 0, .ofs_y = 0},
    {.bitmap_index = 2311, .adv_w = 128, .box_w = 8, .box_h = 12, .ofs_x = 0, .ofs_y = 0},
    {.bitmap_index = 2359, .adv_w = 128, .box_w = 5, .box_h = 16, .ofs_x = 3, .ofs_y = -2},
    {.bitmap_index = 2399, .adv_w = 128, .box_w = 8, .box_h = 14, .ofs_x = 0, .ofs_y = -2},
    {.bitmap_index = 2455, .adv_w = 128, .box_w = 5, .box_h = 16, .ofs_x = 0, .ofs_y = -2},
    {.bitmap_index = 2495, .adv_w = 128, .box_w = 7, .box_h = 3, .ofs_x = 0, .ofs_y = 11},
    {.bitmap_index = 2506, .adv_w = 128, .box_w = 8, .box_h = 1, .ofs_x = 0, .ofs_y = -2},
    {.bitmap_index = 2510, .adv_w = 128, .box_w = 4, .box_h = 3, .ofs_x = 2, .ofs_y = 11},
    {.bitmap_index = 2516, .adv_w = 128, .box_w = 8, .box_h = 8, .ofs_x = 0, .ofs_y = 0},
    {.bitmap_index = 2548, .adv_w = 128, .box_w = 8, .box_h = 12, .ofs_x = 0, .ofs_y = 0},
    {.bitmap_index = 2596, .adv_w = 128, .box_w = 8, .box_h = 8, .ofs_x = 0, .ofs_y = 0},
    {.bitmap_index = 2628, .adv_w = 128, .box_w = 7, .box_h = 12, .ofs_x = 0, .ofs_y = 0},
    {.bitmap_index = 2670, .adv_w = 128, .box_w = 8, .box_h = 8, .ofs_x = 0, .ofs_y = 0},
    {.bitmap_index = 2702, .adv_w = 128, .box_w = 8, .box_h = 12, .ofs_x = 0, .ofs_y = 0},
    {.bitmap_index = 2750, .adv_w = 128, .box_w = 8, .box_h = 11, .ofs_x = 0, .ofs_y = -2},
    {.bitmap_index = 2794, .adv_w = 128, .box_w = 7, .box_h = 12, .ofs_x = 0, .ofs_y = 0},
    {.bitmap_index = 2836, .adv_w = 128, .box_w = 2, .box_h = 12, .ofs_x = 3, .ofs_y = 0},
    {.bitmap_index = 2848, .adv_w = 128, .box_w = 5, .box_h = 14, .ofs_x = 1, .ofs_y = -2},
    {.bitmap_index = 2883, .adv_w = 128, .box_w = 8, .box_h = 12, .ofs_x = 0, .ofs_y = 0},
    {.bitmap_index = 2931, .adv_w = 128, .box_w = 2, .box_h = 12, .ofs_x = 3, .ofs_y = 0},
    {.bitmap_index = 2943, .adv_w = 128, .box_w = 8, .box_h = 8, .ofs_x = 0, .ofs_y = 0},
    {.bitmap_index = 2975, .adv_w = 128, .box_w = 7, .box_h = 8, .ofs_x = 0, .ofs_y = 0},
    {.bitmap_index = 3003, .adv_w = 128, .box_w = 8, .box_h = 8, .ofs_x = 0, .ofs_y = 0},
    {.bitmap_index = 3035, .adv_w = 128, .box_w = 8, .box_h = 10, .ofs_x = 0, .ofs_y = -2},
    {.bitmap_index = 3075, .adv_w = 128, .box_w = 7, .box_h = 10, .ofs_x = 0, .ofs_y = -2},
    {.bitmap_index = 3110, .adv_w = 128, .box_w = 6, .box_h = 8, .ofs_x = 1, .ofs_y = 0},
    {.bitmap_index = 3134, .adv_w = 128, .box_w = 6, .box_h = 8, .ofs_x = 1, .ofs_y = 0},
    {.bitmap_index = 3158, .adv_w = 128, .box_w = 7, .box_h = 11, .ofs_x = 0, .ofs_y = 0},
    {.bitmap_index = 3197, .adv_w = 128, .box_w = 7, .box_h = 8, .ofs_x = 0, .ofs_y = 0},
    {.bitmap_index = 3225, .adv_w = 128, .box_w = 8, .box_h = 8, .ofs_x = 0, .ofs_y = 0},
    {.bitmap_index = 3257, .adv_w = 128, .box_w = 8, .box_h = 8, .ofs_x = 0, .ofs_y = 0},
    {.bitmap_index = 3289, .adv_w = 128, .box_w = 8, .box_h = 8, .ofs_x = 0, .ofs_y = 0},
    {.bitmap_index = 3321, .adv_w = 128, .box_w = 8, .box_h = 10, .ofs_x = 0, .ofs_y = -2},
    {.bitmap_index = 3361, .adv_w = 128, .box_w = 7, .box_h = 8, .ofs_x = 0, .ofs_y = 0},
    {.bitmap_index = 3389, .adv_w = 128, .box_w = 4, .box_h = 15, .ofs_x = 3, .ofs_y = -2},
    {.bitmap_index = 3419, .adv_w = 128, .box_w = 2, .box_h = 17, .ofs_x = 3, .ofs_y = -2},
    {.bitmap_index = 3436, .adv_w = 128, .box_w = 5, .box_h = 15, .ofs_x = 0, .ofs_y = -2},
    {.bitmap_index = 3474, .adv_w = 128, .box_w = 8, .box_h = 5, .ofs_x = 0, .ofs_y = 11},
    {.bitmap_index = 3494, .adv_w = 256, .box_w = 4, .box_h = 5, .ofs_x = 2, .ofs_y = 8},
    {.bitmap_index = 3504, .adv_w = 256, .box_w = 4, .box_h = 3, .ofs_x = 6, .ofs_y = 5},
    {.bitmap_index = 3510, .adv_w = 256, .box_w = 14, .box_h = 3, .ofs_x = 1, .ofs_y = 5},
    {.bitmap_index = 3531, .adv_w = 256, .box_w = 16, .box_h = 2, .ofs_x = 0, .ofs_y = 5},
    {.bitmap_index = 3547, .adv_w = 256, .box_w = 15, .box_h = 13, .ofs_x = 0, .ofs_y = -1},
    {.bitmap_index = 3645, .adv_w = 256, .box_w = 16, .box_h = 14, .ofs_x = 0, .ofs_y = -1},
    {.bitmap_index = 3757, .adv_w = 256, .box_w = 15, .box_h = 14, .ofs_x = 0, .ofs_y = -1},
    {.bitmap_index = 3862, .adv_w = 256, .box_w = 14, .box_h = 16, .ofs_x = 1, .ofs_y = -2},
    {.bitmap_index = 3974, .adv_w = 256, .box_w = 13, .box_h = 15, .ofs_x = 1, .ofs_y = -2},
    {.bitmap_index = 4072, .adv_w = 256, .box_w = 16, .box_h = 14, .ofs_x = 0, .ofs_y = -1},
    {.bitmap_index = 4184, .adv_w = 256, .box_w = 16, .box_h = 15, .ofs_x = 0, .ofs_y = -2},
    {.bitmap_index = 4304, .adv_w = 256, .box_w = 15, .box_h = 15, .ofs_x = 1, .ofs_y = -2},
    {.bitmap_index = 4417, .adv_w = 256, .box_w = 16, .box_h = 15, .ofs_x = 0, .ofs_y = -2},
    {.bitmap_index = 4537, .adv_w = 256, .box_w = 15, .box_h = 16, .ofs_x = 0, .ofs_y = -2},
    {.bitmap_index = 4657, .adv_w = 256, .box_w = 16, .box_h = 16, .ofs_x = 0, .ofs_y = -2},
    {.bitmap_index = 4785, .adv_w = 256, .box_w = 15, .box_h = 16, .ofs_x = 0, .ofs_y = -2},
    {.bitmap_index = 4905, .adv_w = 256, .box_w = 16, .box_h = 15, .ofs_x = 0, .ofs_y = -2},
    {.bitmap_index = 5025, .adv_w = 256, .box_w = 16, .box_h = 16, .ofs_x = 0, .ofs_y = -2},
    {.bitmap_index = 5153, .adv_w = 256, .box_w = 16, .box_h = 16, .ofs_x = 0, .ofs_y = -2},
    {.bitmap_index = 5281, .adv_w = 256, .box_w = 16, .box_h = 16, .ofs_x = 0, .ofs_y = -3},
    {.bitmap_index = 5409, .adv_w = 256, .box_w = 16, .box_h = 14, .ofs_x = 0, .ofs_y = -1},
    {.bitmap_index = 5521, .adv_w = 256, .box_w = 16, .box_h = 17, .ofs_x = 0, .ofs_y = -3},
    {.bitmap_index = 5657, .adv_w = 256, .box_w = 15, .box_h = 17, .ofs_x = 0, .ofs_y = -3},
    {.bitmap_index = 5785, .adv_w = 256, .box_w = 16, .box_h = 14, .ofs_x = 0, .ofs_y = -1},
    {.bitmap_index = 5897, .adv_w = 256, .box_w = 16, .box_h = 16, .ofs_x = 0, .ofs_y = -2},
    {.bitmap_index = 6025, .adv_w = 256, .box_w = 16, .box_h = 15, .ofs_x = 0, .ofs_y = -2},
    {.bitmap_index = 6145, .adv_w = 256, .box_w = 16, .box_h = 15, .ofs_x = 0, .ofs_y = -2},
    {.bitmap_index = 6265, .adv_w = 256, .box_w = 14, .box_h = 16, .ofs_x = 1, .ofs_y = -2},
    {.bitmap_index = 6377, .adv_w = 256, .box_w = 16, .box_h = 16, .ofs_x = 0, .ofs_y = -3},
    {.bitmap_index = 6505, .adv_w = 256, .box_w = 16, .box_h = 15, .ofs_x = 0, .ofs_y = -2},
    {.bitmap_index = 6625, .adv_w = 256, .box_w = 16, .box_h = 14, .ofs_x = 0, .ofs_y = -2},
    {.bitmap_index = 6737, .adv_w = 256, .box_w = 15, .box_h = 15, .ofs_x = 0, .ofs_y = -2},
    {.bitmap_index = 6850, .adv_w = 256, .box_w = 16, .box_h = 15, .ofs_x = 0, .ofs_y = -2},
    {.bitmap_index = 6970, .adv_w = 256, .box_w = 16, .box_h = 15, .ofs_x = 0, .ofs_y = -2},
    {.bitmap_index = 7090, .adv_w = 256, .box_w = 15, .box_h = 16, .ofs_x = 0, .ofs_y = -2},
    {.bitmap_index = 7210, .adv_w = 256, .box_w = 15, .box_h = 16, .ofs_x = 0, .ofs_y = -2},
    {.bitmap_index = 7330, .adv_w = 256, .box_w = 16, .box_h = 15, .ofs_x = 0, .ofs_y = -2},
    {.bitmap_index = 7450, .adv_w = 256, .box_w = 15, .box_h = 15, .ofs_x = 0, .ofs_y = -2},
    {.bitmap_index = 7563, .adv_w = 256, .box_w = 16, .box_h = 15, .ofs_x = 0, .ofs_y = -2},
    {.bitmap_index = 7683, .adv_w = 256, .box_w = 15, .box_h = 14, .ofs_x = 0, .ofs_y = -2},
    {.bitmap_index = 7788, .adv_w = 256, .box_w = 16, .box_h = 16, .ofs_x = 0, .ofs_y = -2},
    {.bitmap_index = 7916, .adv_w = 256, .box_w = 16, .box_h = 15, .ofs_x = 0, .ofs_y = -3},
    {.bitmap_index = 8036, .adv_w = 256, .box_w = 14, .box_h = 15, .ofs_x = 1, .ofs_y = -3},
    {.bitmap_index = 8141, .adv_w = 256, .box_w = 15, .box_h = 15, .ofs_x = 0, .ofs_y = -2},
    {.bitmap_index = 8254, .adv_w = 256, .box_w = 14, .box_h = 16, .ofs_x = 0, .ofs_y = -2},
    {.bitmap_index = 8366, .adv_w = 256, .box_w = 15, .box_h = 14, .ofs_x = 0, .ofs_y = -2},
    {.bitmap_index = 8471, .adv_w = 256, .box_w = 16, .box_h = 14, .ofs_x = 0, .ofs_y = -2},
    {.bitmap_index = 8583, .adv_w = 256, .box_w = 14, .box_h = 14, .ofs_x = 1, .ofs_y = -2},
    {.bitmap_index = 8681, .adv_w = 256, .box_w = 14, .box_h = 14, .ofs_x = 1, .ofs_y = -2},
    {.bitmap_index = 8779, .adv_w = 256, .box_w = 14, .box_h = 15, .ofs_x = 1, .ofs_y = -3},
    {.bitmap_index = 8884, .adv_w = 256, .box_w = 16, .box_h = 15, .ofs_x = 0, .ofs_y = -2},
    {.bitmap_index = 9004, .adv_w = 256, .box_w = 16, .box_h = 16, .ofs_x = 0, .ofs_y = -2},
    {.bitmap_index = 9132, .adv_w = 256, .box_w = 15, .box_h = 16, .ofs_x = 0, .ofs_y = -2},
    {.bitmap_index = 9252, .adv_w = 256, .box_w = 16, .box_h = 15, .ofs_x = 0, .ofs_y = -2},
    {.bitmap_index = 9372, .adv_w = 256, .box_w = 16, .box_h = 15, .ofs_x = 0, .ofs_y = -2},
    {.bitmap_index = 9492, .adv_w = 256, .box_w = 16, .box_h = 17, .ofs_x = 0, .ofs_y = -3},
    {.bitmap_index = 9628, .adv_w = 256, .box_w = 16, .box_h = 16, .ofs_x = 0, .ofs_y = -2},
    {.bitmap_index = 9756, .adv_w = 256, .box_w = 16, .box_h = 16, .ofs_x = 0, .ofs_y = -2},
    {.bitmap_index = 9884, .adv_w = 256, .box_w = 16, .box_h = 16, .ofs_x = 0, .ofs_y = -2},
    {.bitmap_index = 10012, .adv_w = 256, .box_w = 16, .box_h = 16, .ofs_x = 0, .ofs_y = -2},
    {.bitmap_index = 10140, .adv_w = 256, .box_w = 14, .box_h = 16, .ofs_x = 1, .ofs_y = -2},
    {.bitmap_index = 10252, .adv_w = 256, .box_w = 16, .box_h = 15, .ofs_x = 0, .ofs_y = -2},
    {.bitmap_index = 10372, .adv_w = 256, .box_w = 16, .box_h = 15, .ofs_x = 0, .ofs_y = -2},
    {.bitmap_index = 10492, .adv_w = 256, .box_w = 16, .box_h = 15, .ofs_x = 0, .ofs_y = -2},
    {.bitmap_index = 10612, .adv_w = 256, .box_w = 16, .box_h = 15, .ofs_x = 0, .ofs_y = -1},
    {.bitmap_index = 10732, .adv_w = 256, .box_w = 14, .box_h = 14, .ofs_x = 1, .ofs_y = -1},
    {.bitmap_index = 10830, .adv_w = 256, .box_w = 14, .box_h = 15, .ofs_x = 1, .ofs_y = -2},
    {.bitmap_index = 10935, .adv_w = 256, .box_w = 15, .box_h = 15, .ofs_x = 0, .ofs_y = -2},
    {.bitmap_index = 11048, .adv_w = 256, .box_w = 16, .box_h = 16, .ofs_x = 0, .ofs_y = -2},
    {.bitmap_index = 11176, .adv_w = 256, .box_w = 16, .box_h = 15, .ofs_x = 0, .ofs_y = -2},
    {.bitmap_index = 11296, .adv_w = 256, .box_w = 16, .box_h = 14, .ofs_x = 0, .ofs_y = -1},
    {.bitmap_index = 11408, .adv_w = 256, .box_w = 16, .box_h = 14, .ofs_x = 0, .ofs_y = -2},
    {.bitmap_index = 11520, .adv_w = 256, .box_w = 16, .box_h = 16, .ofs_x = 0, .ofs_y = -2},
    {.bitmap_index = 11648, .adv_w = 256, .box_w = 16, .box_h = 15, .ofs_x = 0, .ofs_y = -2},
    {.bitmap_index = 11768, .adv_w = 256, .box_w = 16, .box_h = 15, .ofs_x = 0, .ofs_y = -2},
    {.bitmap_index = 11888, .adv_w = 256, .box_w = 16, .box_h = 15, .ofs_x = 0, .ofs_y = -1},
    {.bitmap_index = 12008, .adv_w = 256, .box_w = 16, .box_h = 16, .ofs_x = 0, .ofs_y = -2},
    {.bitmap_index = 12136, .adv_w = 256, .box_w = 16, .box_h = 15, .ofs_x = 0, .ofs_y = -2},
    {.bitmap_index = 12256, .adv_w = 256, .box_w = 16, .box_h = 15, .ofs_x = 0, .ofs_y = -2},
    {.bitmap_index = 12376, .adv_w = 256, .box_w = 16, .box_h = 15, .ofs_x = 0, .ofs_y = -2},
    {.bitmap_index = 12496, .adv_w = 256, .box_w = 16, .box_h = 16, .ofs_x = 0, .ofs_y = -2},
    {.bitmap_index = 12624, .adv_w = 256, .box_w = 16, .box_h = 16, .ofs_x = 0, .ofs_y = -3},
    {.bitmap_index = 12752, .adv_w = 256, .box_w = 16, .box_h = 15, .ofs_x = 0, .ofs_y = -2},
    {.bitmap_index = 12872, .adv_w = 256, .box_w = 15, .box_h = 15, .ofs_x = 0, .ofs_y = -2},
    {.bitmap_index = 12985, .adv_w = 256, .box_w = 15, .box_h = 17, .ofs_x = 0, .ofs_y = -3},
    {.bitmap_index = 13113, .adv_w = 256, .box_w = 16, .box_h = 15, .ofs_x = 0, .ofs_y = -2},
    {.bitmap_index = 13233, .adv_w = 256, .box_w = 16, .box_h = 15, .ofs_x = 0, .ofs_y = -2},
    {.bitmap_index = 13353, .adv_w = 256, .box_w = 16, .box_h = 16, .ofs_x = 0, .ofs_y = -2},
    {.bitmap_index = 13481, .adv_w = 256, .box_w = 16, .box_h = 15, .ofs_x = 0, .ofs_y = -2},
    {.bitmap_index = 13601, .adv_w = 256, .box_w = 16, .box_h = 16, .ofs_x = 0, .ofs_y = -2},
    {.bitmap_index = 13729, .adv_w = 256, .box_w = 16, .box_h = 16, .ofs_x = 0, .ofs_y = -3},
    {.bitmap_index = 13857, .adv_w = 256, .box_w = 16, .box_h = 15, .ofs_x = 0, .ofs_y = -2},
    {.bitmap_index = 13977, .adv_w = 256, .box_w = 16, .box_h = 16, .ofs_x = 0, .ofs_y = -2},
    {.bitmap_index = 14105, .adv_w = 256, .box_w = 16, .box_h = 15, .ofs_x = 0, .ofs_y = -2},
    {.bitmap_index = 14225, .adv_w = 256, .box_w = 16, .box_h = 15, .ofs_x = 0, .ofs_y = -2},
    {.bitmap_index = 14345, .adv_w = 256, .box_w = 16, .box_h = 16, .ofs_x = 0, .ofs_y = -2},
    {.bitmap_index = 14473, .adv_w = 256, .box_w = 16, .box_h = 16, .ofs_x = 0, .ofs_y = -2},
    {.bitmap_index = 14601, .adv_w = 256, .box_w = 15, .box_h = 15, .ofs_x = 0, .ofs_y = -2},
    {.bitmap_index = 14714, .adv_w = 256, .box_w = 16, .box_h = 16, .ofs_x = 0, .ofs_y = -2},
    {.bitmap_index = 14842, .adv_w = 256, .box_w = 16, .box_h = 16, .ofs_x = 0, .ofs_y = -3},
    {.bitmap_index = 14970, .adv_w = 256, .box_w = 16, .box_h = 16, .ofs_x = 0, .ofs_y = -2},
    {.bitmap_index = 15098, .adv_w = 256, .box_w = 16, .box_h = 15, .ofs_x = 0, .ofs_y = -2},
    {.bitmap_index = 15218, .adv_w = 256, .box_w = 15, .box_h = 15, .ofs_x = 1, .ofs_y = -2},
    {.bitmap_index = 15331, .adv_w = 256, .box_w = 15, .box_h = 13, .ofs_x = 1, .ofs_y = -1},
    {.bitmap_index = 15429, .adv_w = 256, .box_w = 14, .box_h = 15, .ofs_x = 1, .ofs_y = -2},
    {.bitmap_index = 15534, .adv_w = 256, .box_w = 14, .box_h = 14, .ofs_x = 1, .ofs_y = -1},
    {.bitmap_index = 15632, .adv_w = 256, .box_w = 16, .box_h = 16, .ofs_x = 0, .ofs_y = -2},
    {.bitmap_index = 15760, .adv_w = 256, .box_w = 16, .box_h = 14, .ofs_x = 0, .ofs_y = -2},
    {.bitmap_index = 15872, .adv_w = 256, .box_w = 16, .box_h = 14, .ofs_x = 0, .ofs_y = -1},
    {.bitmap_index = 15984, .adv_w = 256, .box_w = 16, .box_h = 15, .ofs_x = 0, .ofs_y = -2},
    {.bitmap_index = 16104, .adv_w = 256, .box_w = 15, .box_h = 14, .ofs_x = 1, .ofs_y = -1},
    {.bitmap_index = 16209, .adv_w = 256, .box_w = 15, .box_h = 13, .ofs_x = 1, .ofs_y = -1},
    {.bitmap_index = 16307, .adv_w = 256, .box_w = 16, .box_h = 15, .ofs_x = 0, .ofs_y = -2},
    {.bitmap_index = 16427, .adv_w = 256, .box_w = 16, .box_h = 14, .ofs_x = 0, .ofs_y = -1},
    {.bitmap_index = 16539, .adv_w = 256, .box_w = 16, .box_h = 14, .ofs_x = 0, .ofs_y = -1},
    {.bitmap_index = 16651, .adv_w = 256, .box_w = 16, .box_h = 16, .ofs_x = 0, .ofs_y = -2},
    {.bitmap_index = 16779, .adv_w = 256, .box_w = 16, .box_h = 15, .ofs_x = 0, .ofs_y = -2},
    {.bitmap_index = 16899, .adv_w = 256, .box_w = 16, .box_h = 15, .ofs_x = 0, .ofs_y = -2},
    {.bitmap_index = 17019, .adv_w = 256, .box_w = 15, .box_h = 13, .ofs_x = 0, .ofs_y = -1},
    {.bitmap_index = 17117, .adv_w = 256, .box_w = 16, .box_h = 15, .ofs_x = 0, .ofs_y = -2},
    {.bitmap_index = 17237, .adv_w = 256, .box_w = 16, .box_h = 15, .ofs_x = 0, .ofs_y = -1},
    {.bitmap_index = 17357, .adv_w = 256, .box_w = 16, .box_h = 15, .ofs_x = 0, .ofs_y = -2},
    {.bitmap_index = 17477, .adv_w = 256, .box_w = 16, .box_h = 15, .ofs_x = 0, .ofs_y = -2},
    {.bitmap_index = 17597, .adv_w = 256, .box_w = 15, .box_h = 15, .ofs_x = 0, .ofs_y = -2},
    {.bitmap_index = 17710, .adv_w = 256, .box_w = 16, .box_h = 16, .ofs_x = 0, .ofs_y = -3},
    {.bitmap_index = 17838, .adv_w = 256, .box_w = 16, .box_h = 15, .ofs_x = 0, .ofs_y = -2},
    {.bitmap_index = 17958, .adv_w = 256, .box_w = 16, .box_h = 16, .ofs_x = 0, .ofs_y = -3},
    {.bitmap_index = 18086, .adv_w = 256, .box_w = 16, .box_h = 16, .ofs_x = 0, .ofs_y = -2},
    {.bitmap_index = 18214, .adv_w = 256, .box_w = 16, .box_h = 15, .ofs_x = 0, .ofs_y = -2},
    {.bitmap_index = 18334, .adv_w = 256, .box_w = 16, .box_h = 15, .ofs_x = 0, .ofs_y = -2},
    {.bitmap_index = 18454, .adv_w = 256, .box_w = 16, .box_h = 15, .ofs_x = 0, .ofs_y = -2},
    {.bitmap_index = 18574, .adv_w = 256, .box_w = 16, .box_h = 15, .ofs_x = 0, .ofs_y = -2},
    {.bitmap_index = 18694, .adv_w = 256, .box_w = 16, .box_h = 14, .ofs_x = 0, .ofs_y = -2},
    {.bitmap_index = 18806, .adv_w = 256, .box_w = 14, .box_h = 14, .ofs_x = 0, .ofs_y = -2},
    {.bitmap_index = 18904, .adv_w = 256, .box_w = 14, .box_h = 15, .ofs_x = 1, .ofs_y = -2},
    {.bitmap_index = 19009, .adv_w = 256, .box_w = 15, .box_h = 15, .ofs_x = 1, .ofs_y = -2},
    {.bitmap_index = 19122, .adv_w = 256, .box_w = 14, .box_h = 15, .ofs_x = 1, .ofs_y = -2},
    {.bitmap_index = 19227, .adv_w = 256, .box_w = 15, .box_h = 15, .ofs_x = 0, .ofs_y = -2},
    {.bitmap_index = 19340, .adv_w = 256, .box_w = 16, .box_h = 15, .ofs_x = 0, .ofs_y = -2},
    {.bitmap_index = 19460, .adv_w = 256, .box_w = 15, .box_h = 15, .ofs_x = 0, .ofs_y = -2},
    {.bitmap_index = 19573, .adv_w = 256, .box_w = 16, .box_h = 15, .ofs_x = 0, .ofs_y = -2},
    {.bitmap_index = 19693, .adv_w = 256, .box_w = 15, .box_h = 16, .ofs_x = 0, .ofs_y = -2},
    {.bitmap_index = 19813, .adv_w = 256, .box_w = 14, .box_h = 15, .ofs_x = 1, .ofs_y = -2},
    {.bitmap_index = 19918, .adv_w = 256, .box_w = 14, .box_h = 17, .ofs_x = 1, .ofs_y = -3},
    {.bitmap_index = 20037, .adv_w = 256, .box_w = 16, .box_h = 16, .ofs_x = 0, .ofs_y = -2},
    {.bitmap_index = 20165, .adv_w = 256, .box_w = 16, .box_h = 16, .ofs_x = 0, .ofs_y = -2},
    {.bitmap_index = 20293, .adv_w = 256, .box_w = 16, .box_h = 15, .ofs_x = 0, .ofs_y = -2},
    {.bitmap_index = 20413, .adv_w = 256, .box_w = 16, .box_h = 16, .ofs_x = 0, .ofs_y = -2},
    {.bitmap_index = 20541, .adv_w = 256, .box_w = 16, .box_h = 15, .ofs_x = 0, .ofs_y = -2},
    {.bitmap_index = 20661, .adv_w = 256, .box_w = 16, .box_h = 16, .ofs_x = 0, .ofs_y = -3},
    {.bitmap_index = 20789, .adv_w = 256, .box_w = 16, .box_h = 15, .ofs_x = 0, .ofs_y = -2},
    {.bitmap_index = 20909, .adv_w = 256, .box_w = 16, .box_h = 16, .ofs_x = 0, .ofs_y = -3},
    {.bitmap_index = 21037, .adv_w = 256, .box_w = 16, .box_h = 15, .ofs_x = 0, .ofs_y = -2},
    {.bitmap_index = 21157, .adv_w = 256, .box_w = 16, .box_h = 16, .ofs_x = 0, .ofs_y = -3},
    {.bitmap_index = 21285, .adv_w = 256, .box_w = 16, .box_h = 15, .ofs_x = 0, .ofs_y = -2},
    {.bitmap_index = 21405, .adv_w = 256, .box_w = 16, .box_h = 15, .ofs_x = 0, .ofs_y = -2},
    {.bitmap_index = 21525, .adv_w = 256, .box_w = 15, .box_h = 15, .ofs_x = 0, .ofs_y = -2},
    {.bitmap_index = 21638, .adv_w = 256, .box_w = 16, .box_h = 16, .ofs_x = 0, .ofs_y = -3},
    {.bitmap_index = 21766, .adv_w = 256, .box_w = 15, .box_h = 14, .ofs_x = 1, .ofs_y = -2},
    {.bitmap_index = 21871, .adv_w = 256, .box_w = 15, .box_h = 13, .ofs_x = 1, .ofs_y = -1},
    {.bitmap_index = 21969, .adv_w = 256, .box_w = 15, .box_h = 17, .ofs_x = 1, .ofs_y = -3},
    {.bitmap_index = 22097, .adv_w = 256, .box_w = 15, .box_h = 15, .ofs_x = 0, .ofs_y = -2},
    {.bitmap_index = 22210, .adv_w = 256, .box_w = 16, .box_h = 14, .ofs_x = 0, .ofs_y = -1},
    {.bitmap_index = 22322, .adv_w = 256, .box_w = 12, .box_h = 15, .ofs_x = 2, .ofs_y = -1},
    {.bitmap_index = 22412, .adv_w = 256, .box_w = 16, .box_h = 15, .ofs_x = 0, .ofs_y = -2},
    {.bitmap_index = 22532, .adv_w = 256, .box_w = 16, .box_h = 16, .ofs_x = 0, .ofs_y = -2},
    {.bitmap_index = 22660, .adv_w = 256, .box_w = 16, .box_h = 15, .ofs_x = 0, .ofs_y = -2},
    {.bitmap_index = 22780, .adv_w = 256, .box_w = 14, .box_h = 15, .ofs_x = 0, .ofs_y = -2},
    {.bitmap_index = 22885, .adv_w = 256, .box_w = 16, .box_h = 15, .ofs_x = 0, .ofs_y = -2},
    {.bitmap_index = 23005, .adv_w = 256, .box_w = 16, .box_h = 16, .ofs_x = 0, .ofs_y = -2},
    {.bitmap_index = 23133, .adv_w = 256, .box_w = 16, .box_h = 14, .ofs_x = 0, .ofs_y = -1},
    {.bitmap_index = 23245, .adv_w = 256, .box_w = 16, .box_h = 15, .ofs_x = 0, .ofs_y = -2},
    {.bitmap_index = 23365, .adv_w = 256, .box_w = 16, .box_h = 16, .ofs_x = 0, .ofs_y = -2},
    {.bitmap_index = 23493, .adv_w = 256, .box_w = 16, .box_h = 15, .ofs_x = 0, .ofs_y = -2},
    {.bitmap_index = 23613, .adv_w = 256, .box_w = 15, .box_h = 15, .ofs_x = 0, .ofs_y = -2},
    {.bitmap_index = 23726, .adv_w = 256, .box_w = 16, .box_h = 16, .ofs_x = 0, .ofs_y = -2},
    {.bitmap_index = 23854, .adv_w = 256, .box_w = 16, .box_h = 14, .ofs_x = 0, .ofs_y = -1},
    {.bitmap_index = 23966, .adv_w = 256, .box_w = 16, .box_h = 14, .ofs_x = 0, .ofs_y = -1},
    {.bitmap_index = 24078, .adv_w = 256, .box_w = 16, .box_h = 16, .ofs_x = 0, .ofs_y = -2},
    {.bitmap_index = 24206, .adv_w = 256, .box_w = 15, .box_h = 16, .ofs_x = 0, .ofs_y = -3},
    {.bitmap_index = 24326, .adv_w = 256, .box_w = 16, .box_h = 15, .ofs_x = 0, .ofs_y = -2},
    {.bitmap_index = 24446, .adv_w = 256, .box_w = 16, .box_h = 15, .ofs_x = 0, .ofs_y = -2},
    {.bitmap_index = 24566, .adv_w = 256, .box_w = 16, .box_h = 14, .ofs_x = 0, .ofs_y = -1},
    {.bitmap_index = 24678, .adv_w = 256, .box_w = 16, .box_h = 15, .ofs_x = 0, .ofs_y = -2},
    {.bitmap_index = 24798, .adv_w = 256, .box_w = 16, .box_h = 16, .ofs_x = 0, .ofs_y = -2},
    {.bitmap_index = 24926, .adv_w = 256, .box_w = 15, .box_h = 14, .ofs_x = 0, .ofs_y = -1},
    {.bitmap_index = 25031, .adv_w = 256, .box_w = 15, .box_h = 13, .ofs_x = 0, .ofs_y = -1},
    {.bitmap_index = 25129, .adv_w = 256, .box_w = 16, .box_h = 15, .ofs_x = 0, .ofs_y = -2},
    {.bitmap_index = 25249, .adv_w = 256, .box_w = 14, .box_h = 15, .ofs_x = 1, .ofs_y = -2},
    {.bitmap_index = 25354, .adv_w = 256, .box_w = 14, .box_h = 16, .ofs_x = 1, .ofs_y = -2},
    {.bitmap_index = 25466, .adv_w = 256, .box_w = 15, .box_h = 15, .ofs_x = 1, .ofs_y = -2},
    {.bitmap_index = 25579, .adv_w = 256, .box_w = 15, .box_h = 14, .ofs_x = 1, .ofs_y = -2},
    {.bitmap_index = 25684, .adv_w = 256, .box_w = 15, .box_h = 17, .ofs_x = 1, .ofs_y = -3},
    {.bitmap_index = 25812, .adv_w = 256, .box_w = 15, .box_h = 15, .ofs_x = 1, .ofs_y = -2},
    {.bitmap_index = 25925, .adv_w = 256, .box_w = 16, .box_h = 16, .ofs_x = 0, .ofs_y = -2},
    {.bitmap_index = 26053, .adv_w = 256, .box_w = 14, .box_h = 14, .ofs_x = 1, .ofs_y = -1},
    {.bitmap_index = 26151, .adv_w = 256, .box_w = 16, .box_h = 15, .ofs_x = 0, .ofs_y = -3},
    {.bitmap_index = 26271, .adv_w = 256, .box_w = 14, .box_h = 16, .ofs_x = 1, .ofs_y = -2},
    {.bitmap_index = 26383, .adv_w = 256, .box_w = 16, .box_h = 16, .ofs_x = 0, .ofs_y = -3},
    {.bitmap_index = 26511, .adv_w = 256, .box_w = 14, .box_h = 16, .ofs_x = 1, .ofs_y = -2},
    {.bitmap_index = 26623, .adv_w = 256, .box_w = 4, .box_h = 6, .ofs_x = 1, .ofs_y = -3},
    {.bitmap_index = 26635, .adv_w = 256, .box_w = 3, .box_h = 7, .ofs_x = 3, .ofs_y = 0}
};

/*---------------------
 *  CHARACTER MAPPING
 *--------------------*/

static const uint16_t unicode_list_1[] = {
    0x0, 0x7, 0x1f76, 0x4d50, 0x4d59, 0x4d5a, 0x4d5d, 0x4d5e,
    0x4d7d, 0x4d84, 0x4e1d, 0x4e35, 0x4e3a, 0x4e40, 0x4e46, 0x4e70,
    0x4e9d, 0x4e9e, 0x4eac, 0x4f0f, 0x4f2d, 0x4f3f, 0x4fcf, 0x4ff8,
    0x501f, 0x5099, 0x50b5, 0x50c3, 0x50dd, 0x5116, 0x5167, 0x5180,
    0x51f1, 0x51f8, 0x51f9, 0x52a5, 0x52b1, 0x52d6, 0x5326, 0x533f,
    0x5342, 0x5347, 0x535c, 0x535e, 0x537f, 0x53b8, 0x55b8, 0x562e,
    0x564a, 0x564e, 0x5678, 0x5854, 0x5857, 0x5881, 0x5884, 0x591b,
    0x594f, 0x5aa8, 0x5adc, 0x5aea, 0x5aee, 0x5b16, 0x5b49, 0x5b81,
    0x5d3e, 0x5d42, 0x5d88, 0x5dc3, 0x5dc6, 0x5df6, 0x5e50, 0x5e52,
    0x5e5f, 0x5ea5, 0x5ed5, 0x5f51, 0x5f77, 0x5f8b, 0x603f, 0x60b2,
    0x6160, 0x618f, 0x619b, 0x61bb, 0x621d, 0x6239, 0x6251, 0x6259,
    0x62be, 0x62f5, 0x631f, 0x6320, 0x638a, 0x6394, 0x641d, 0x648e,
    0x6498, 0x64c0, 0x64d7, 0x6500, 0x651b, 0x6530, 0x6546, 0x658e,
    0x65ca, 0x65d2, 0x6659, 0x665d, 0x667a, 0x668a, 0x66af, 0x66ec,
    0x6706, 0x6735, 0x6757, 0x6810, 0x6971, 0x6a71, 0x6ab3, 0x6ab5,
    0x6b3b, 0x6b84, 0x6bb0, 0x6c9b, 0x6cd8, 0x6de0, 0x6e31, 0x6f10,
    0x7009, 0x703d, 0x70b7, 0x7206, 0x7356, 0x7478, 0x7481, 0x7485,
    0x74a9, 0x7648, 0x765b, 0x76d4, 0x7751, 0x77be, 0x788a, 0x790b,
    0x794b, 0x7983, 0x7a29, 0x7a99, 0x7bc3, 0x7c0e, 0x7e0f, 0x7e21,
    0x7e23, 0x7e2c, 0x7e3a, 0x7e3d, 0x7e63, 0x7e66, 0x7ea1, 0x7ebe,
    0x804d, 0x8061, 0x806a, 0x813a, 0x817c, 0x832c, 0x87b5, 0x8922,
    0x8933, 0x8af4, 0x8b00, 0x8b0e, 0x8b25, 0x8b47, 0x8b53, 0x8c75,
    0x8cd5, 0x8d2d, 0x8ebc, 0x8ed5, 0x8f24, 0x8f2b, 0x8f2e, 0x8f59,
    0x9117, 0x911d, 0x911f, 0x947e, 0x953d, 0x9544, 0x956f, 0x95a0,
    0x95b4, 0x95b9, 0x9616, 0x96b2, 0x981e, 0x98e6, 0x99f4, 0x9a28,
    0xfe5c, 0xfe6a
};

/*Collect the unicode lists and glyph_id offsets*/
static const lv_font_fmt_txt_cmap_t cmaps[] =
{
    {
        .range_start = 32, .range_length = 95, .glyph_id_start = 1,
        .unicode_list = NULL, .glyph_id_ofs_list = NULL, .list_length = 0, .type = LV_FONT_FMT_TXT_CMAP_FORMAT0_TINY
    },
    {
        .range_start = 176, .range_length = 65131, .glyph_id_start = 96,
        .unicode_list = unicode_list_1, .glyph_id_ofs_list = NULL, .list_length = 202, .type = LV_FONT_FMT_TXT_CMAP_SPARSE_TINY
    }
};



/*--------------------
 *  ALL CUSTOM DATA
 *--------------------*/

#if LVGL_VERSION_MAJOR == 8
/*Store all the custom data of the font*/
static  lv_font_fmt_txt_glyph_cache_t cache;
#endif

#if LVGL_VERSION_MAJOR >= 8
static const lv_font_fmt_txt_dsc_t font_dsc = {
#else
static lv_font_fmt_txt_dsc_t font_dsc = {
#endif
    .glyph_bitmap = glyph_bitmap,
    .glyph_dsc = glyph_dsc,
    .cmaps = cmaps,
    .kern_dsc = NULL,
    .kern_scale = 0,
    .cmap_num = 2,
    .bpp = 4,
    .kern_classes = 0,
    .bitmap_format = 0,
#if LVGL_VERSION_MAJOR == 8
    .cache = &cache
#endif
};



/*-----------------
 *  PUBLIC FONT
 *----------------*/

/*Initialize a public general font descriptor*/
#if LVGL_VERSION_MAJOR >= 8
const lv_font_t ui_font_16 = {
#else
lv_font_t ui_font_16 = {
#endif
    .get_glyph_dsc = lv_font_get_glyph_dsc_fmt_txt,    /*Function pointer to get glyph's data*/
    .get_glyph_bitmap = lv_font_get_bitmap_fmt_txt,    /*Function pointer to get glyph's bitmap*/
    .line_height = 19,          /*The maximum line height required by the font*/
    .base_line = 3,             /*Baseline measured from the bottom of the line*/
#if !(LVGL_VERSION_MAJOR == 6 && LVGL_VERSION_MINOR == 0)
    .subpx = LV_FONT_SUBPX_NONE,
#endif
#if LV_VERSION_CHECK(7, 4, 0) || LVGL_VERSION_MAJOR >= 8
    .underline_position = -1,
    .underline_thickness = 1,
#endif
    .dsc = &font_dsc,          /*The custom font data. Will be accessed by `get_glyph_bitmap/dsc` */
#if LV_VERSION_CHECK(8, 2, 0) || LVGL_VERSION_MAJOR >= 9
    .fallback = NULL,
#endif
    .user_data = NULL,
};



#endif /*#if UI_FONT_16*/
